  0
SECTION
  2
HEADER
  9
$ACADVER
  1
AC1027
  9
$ACADMAINTVER
 70
   125
  9
$DWGCODEPAGE
  3
ANSI_1252
  9
$LASTSAVEDBY
  1
a.taberna
  9
$REQUIREDVERSIONS
160
                 0
  9
$INSBASE
 10
0.0
 20
0.0
 30
0.0
  9
$EXTMIN
 10
-1.427690192411232
 20
-0.9046043665520592
 30
-233.2332049506611
  9
$EXTMAX
 10
79.6580894859857
 20
48.82166312210369
 30
80.43600000000001
  9
$LIMMIN
 10
0.0
 20
0.0
  9
$LIMMAX
 10
420.0
 20
297.0
  9
$ORTHOMODE
 70
     0
  9
$REGENMODE
 70
     1
  9
$FILLMODE
 70
     1
  9
$QTEXTMODE
 70
     0
  9
$MIRRTEXT
 70
     0
  9
$LTSCALE
 40
1.0
  9
$ATTMODE
 70
     1
  9
$TEXTSIZE
 40
2.5
  9
$TRACEWID
 40
1.0
  9
$TEXTSTYLE
  7
Standard
  9
$CLAYER
  8
0
  9
$CELTYPE
  6
ByLayer
  9
$CECOLOR
 62
   256
  9
$CELTSCALE
 40
1.0
  9
$DISPSILH
 70
     0
  9
$DIMSCALE
 40
1.0
  9
$DIMASZ
 40
2.5
  9
$DIMEXO
 40
0.625
  9
$DIMDLI
 40
3.75
  9
$DIMRND
 40
0.0
  9
$DIMDLE
 40
0.0
  9
$DIMEXE
 40
1.25
  9
$DIMTP
 40
0.0
  9
$DIMTM
 40
0.0
  9
$DIMTXT
 40
2.5
  9
$DIMCEN
 40
2.5
  9
$DIMTSZ
 40
0.0
  9
$DIMTOL
 70
     0
  9
$DIMLIM
 70
     0
  9
$DIMTIH
 70
     0
  9
$DIMTOH
 70
     0
  9
$DIMSE1
 70
     0
  9
$DIMSE2
 70
     0
  9
$DIMTAD
 70
     1
  9
$DIMZIN
 70
     8
  9
$DIMBLK
  1

  9
$DIMASO
 70
     1
  9
$DIMSHO
 70
     1
  9
$DIMPOST
  1

  9
$DIMAPOST
  1

  9
$DIMALT
 70
     0
  9
$DIMALTD
 70
     3
  9
$DIMALTF
 40
0.03937007874016
  9
$DIMLFAC
 40
1.0
  9
$DIMTOFL
 70
     1
  9
$DIMTVP
 40
0.0
  9
$DIMTIX
 70
     0
  9
$DIMSOXD
 70
     0
  9
$DIMSAH
 70
     0
  9
$DIMBLK1
  1

  9
$DIMBLK2
  1

  9
$DIMSTYLE
  2
ISO-25
  9
$DIMCLRD
 70
     0
  9
$DIMCLRE
 70
     0
  9
$DIMCLRT
 70
     0
  9
$DIMTFAC
 40
1.0
  9
$DIMGAP
 40
0.625
  9
$DIMJUST
 70
     0
  9
$DIMSD1
 70
     0
  9
$DIMSD2
 70
     0
  9
$DIMTOLJ
 70
     0
  9
$DIMTZIN
 70
     8
  9
$DIMALTZ
 70
     0
  9
$DIMALTTZ
 70
     0
  9
$DIMUPT
 70
     0
  9
$DIMDEC
 70
     2
  9
$DIMTDEC
 70
     2
  9
$DIMALTU
 70
     2
  9
$DIMALTTD
 70
     3
  9
$DIMTXSTY
  7
Standard
  9
$DIMAUNIT
 70
     0
  9
$DIMADEC
 70
     0
  9
$DIMALTRND
 40
0.0
  9
$DIMAZIN
 70
     0
  9
$DIMDSEP
 70
    44
  9
$DIMATFIT
 70
     3
  9
$DIMFRAC
 70
     0
  9
$DIMLDRBLK
  1

  9
$DIMLUNIT
 70
     2
  9
$DIMLWD
 70
    -2
  9
$DIMLWE
 70
    -2
  9
$DIMTMOVE
 70
     0
  9
$DIMFXL
 40
1.0
  9
$DIMFXLON
 70
     0
  9
$DIMJOGANG
 40
0.7853981633974483
  9
$DIMTFILL
 70
     0
  9
$DIMTFILLCLR
 70
     0
  9
$DIMARCSYM
 70
     0
  9
$DIMLTYPE
  6

  9
$DIMLTEX1
  6

  9
$DIMLTEX2
  6

  9
$DIMTXTDIRECTION
 70
     0
  9
$LUNITS
 70
     2
  9
$LUPREC
 70
     4
  9
$SKETCHINC
 40
1.0
  9
$FILLETRAD
 40
0.0
  9
$AUNITS
 70
     0
  9
$AUPREC
 70
     0
  9
$MENU
  1
.
  9
$ELEVATION
 40
0.0
  9
$PELEVATION
 40
0.0
  9
$THICKNESS
 40
0.0
  9
$LIMCHECK
 70
     0
  9
$CHAMFERA
 40
0.0
  9
$CHAMFERB
 40
0.0
  9
$CHAMFERC
 40
0.0
  9
$CHAMFERD
 40
0.0
  9
$SKPOLY
 70
     0
  9
$TDCREATE
 40
2461187.424259259
  9
$TDUCREATE
 40
2461187.340925926
  9
$TDUPDATE
 40
2461189.733356481
  9
$TDUUPDATE
 40
2461189.650023148
  9
$TDINDWG
 40
0.0212500000
  9
$TDUSRTIMER
 40
0.0212500000
  9
$USRTIMER
 70
     1
  9
$ANGBASE
 50
0.0
  9
$ANGDIR
 70
     0
  9
$PDMODE
 70
     0
  9
$PDSIZE
 40
0.0
  9
$PLINEWID
 40
0.0
  9
$SPLFRAME
 70
     0
  9
$SPLINETYPE
 70
     6
  9
$SPLINESEGS
 70
     8
  9
$HANDSEED
  5
543C
  9
$SURFTAB1
 70
     6
  9
$SURFTAB2
 70
     6
  9
$SURFTYPE
 70
     6
  9
$SURFU
 70
     6
  9
$SURFV
 70
     6
  9
$UCSBASE
  2

  9
$UCSNAME
  2

  9
$UCSORG
 10
0.0
 20
0.0
 30
0.0
  9
$UCSXDIR
 10
1.0
 20
0.0
 30
0.0
  9
$UCSYDIR
 10
0.0
 20
1.0
 30
0.0
  9
$UCSORTHOREF
  2

  9
$UCSORTHOVIEW
 70
     0
  9
$UCSORGTOP
 10
0.0
 20
0.0
 30
0.0
  9
$UCSORGBOTTOM
 10
0.0
 20
0.0
 30
0.0
  9
$UCSORGLEFT
 10
0.0
 20
0.0
 30
0.0
  9
$UCSORGRIGHT
 10
0.0
 20
0.0
 30
0.0
  9
$UCSORGFRONT
 10
0.0
 20
0.0
 30
0.0
  9
$UCSORGBACK
 10
0.0
 20
0.0
 30
0.0
  9
$PUCSBASE
  2

  9
$PUCSNAME
  2

  9
$PUCSORG
 10
0.0
 20
0.0
 30
0.0
  9
$PUCSXDIR
 10
1.0
 20
0.0
 30
0.0
  9
$PUCSYDIR
 10
0.0
 20
1.0
 30
0.0
  9
$PUCSORTHOREF
  2

  9
$PUCSORTHOVIEW
 70
     0
  9
$PUCSORGTOP
 10
0.0
 20
0.0
 30
0.0
  9
$PUCSORGBOTTOM
 10
0.0
 20
0.0
 30
0.0
  9
$PUCSORGLEFT
 10
0.0
 20
0.0
 30
0.0
  9
$PUCSORGRIGHT
 10
0.0
 20
0.0
 30
0.0
  9
$PUCSORGFRONT
 10
0.0
 20
0.0
 30
0.0
  9
$PUCSORGBACK
 10
0.0
 20
0.0
 30
0.0
  9
$USERI1
 70
     0
  9
$USERI2
 70
     0
  9
$USERI3
 70
     0
  9
$USERI4
 70
     0
  9
$USERI5
 70
     0
  9
$USERR1
 40
0.0
  9
$USERR2
 40
0.0
  9
$USERR3
 40
0.0
  9
$USERR4
 40
0.0
  9
$USERR5
 40
0.0
  9
$WORLDVIEW
 70
     1
  9
$SHADEDGE
 70
     3
  9
$SHADEDIF
 70
    70
  9
$TILEMODE
 70
     1
  9
$MAXACTVP
 70
    64
  9
$PINSBASE
 10
0.0
 20
0.0
 30
0.0
  9
$PLIMCHECK
 70
     0
  9
$PEXTMIN
 10
0.0
 20
0.0
 30
0.0
  9
$PEXTMAX
 10
0.0
 20
0.0
 30
0.0
  9
$PLIMMIN
 10
0.0
 20
0.0
  9
$PLIMMAX
 10
12.0
 20
9.0
  9
$UNITMODE
 70
     0
  9
$VISRETAIN
 70
     1
  9
$PLINEGEN
 70
     0
  9
$PSLTSCALE
 70
     1
  9
$TREEDEPTH
 70
  3020
  9
$CMLSTYLE
  2
Standard
  9
$CMLJUST
 70
     0
  9
$CMLSCALE
 40
20.0
  9
$PROXYGRAPHICS
 70
     1
  9
$MEASUREMENT
 70
     1
  9
$CELWEIGHT
370
    -1
  9
$ENDCAPS
280
     0
  9
$JOINSTYLE
280
     0
  9
$LWDISPLAY
290
     0
  9
$INSUNITS
 70
     4
  9
$HYPERLINKBASE
  1

  9
$STYLESHEET
  1

  9
$XEDIT
290
     1
  9
$CEPSNTYPE
380
     0
  9
$PSTYLEMODE
290
     1
  9
$FINGERPRINTGUID
  2
{8601B036-65EA-984C-970C-4C1106C2ED21}
  9
$VERSIONGUID
  2
{E95BC91B-59F4-3744-A8B9-A57F433C0E19}
  9
$EXTNAMES
290
     1
  9
$PSVPSCALE
 40
0.0
  9
$OLESTARTUP
290
     0
  9
$SORTENTS
280
   127
  9
$INDEXCTL
280
     0
  9
$HIDETEXT
280
     1
  9
$XCLIPFRAME
280
     2
  9
$HALOGAP
280
     0
  9
$OBSCOLOR
 70
   257
  9
$OBSLTYPE
280
     0
  9
$INTERSECTIONDISPLAY
280
     0
  9
$INTERSECTIONCOLOR
 70
   257
  9
$DIMASSOC
280
     2
  9
$PROJECTNAME
  1

  9
$CAMERADISPLAY
290
     0
  9
$LENSLENGTH
 40
50.0
  9
$CAMERAHEIGHT
 40
0.0
  9
$STEPSPERSEC
 40
2.0
  9
$STEPSIZE
 40
6.0
  9
$3DDWFPREC
 40
2.0
  9
$PSOLWIDTH
 40
5.0
  9
$PSOLHEIGHT
 40
80.0
  9
$LOFTANG1
 40
1.570796326794896
  9
$LOFTANG2
 40
1.570796326794896
  9
$LOFTMAG1
 40
0.0
  9
$LOFTMAG2
 40
0.0
  9
$LOFTPARAM
 70
     7
  9
$LOFTNORMALS
280
     1
  9
$LATITUDE
 40
37.795
  9
$LONGITUDE
 40
-122.394
  9
$NORTHDIRECTION
 40
0.0
  9
$TIMEZONE
 70
 -8000
  9
$LIGHTGLYPHDISPLAY
280
     1
  9
$TILEMODELIGHTSYNCH
280
     1
  9
$CMATERIAL
347
EC
  9
$SOLIDHIST
280
     0
  9
$SHOWHIST
280
     1
  9
$DWFFRAME
280
     2
  9
$DGNFRAME
280
     0
  9
$REALWORLDSCALE
290
     1
  9
$INTERFERECOLOR
 62
     1
  9
$INTERFEREOBJVS
345
F9
  9
$INTERFEREVPVS
346
F6
  9
$CSHADOW
280
     0
  9
$SHADOWPLANELOCATION
 40
0.0
  0
ENDSEC
  0
SECTION
  2
CLASSES
  0
CLASS
  1
ACDBDICTIONARYWDFLT
  2
AcDbDictionaryWithDefault
  3
ObjectDBX Classes
 90
        0
 91
        1
280
     0
281
     0
  0
CLASS
  1
ACDBPLACEHOLDER
  2
AcDbPlaceHolder
  3
ObjectDBX Classes
 90
        0
 91
        1
280
     0
281
     0
  0
CLASS
  1
LAYOUT
  2
AcDbLayout
  3
ObjectDBX Classes
 90
        0
 91
        3
280
     0
281
     0
  0
CLASS
  1
DICTIONARYVAR
  2
AcDbDictionaryVar
  3
ObjectDBX Classes
 90
        0
 91
       39
280
     0
281
     0
  0
CLASS
  1
TABLESTYLE
  2
AcDbTableStyle
  3
ObjectDBX Classes
 90
     4095
 91
        1
280
     0
281
     0
  0
CLASS
  1
MATERIAL
  2
AcDbMaterial
  3
ObjectDBX Classes
 90
     1153
 91
        3
280
     0
281
     0
  0
CLASS
  1
VISUALSTYLE
  2
AcDbVisualStyle
  3
ObjectDBX Classes
 90
     4095
 91
       24
280
     0
281
     0
  0
CLASS
  1
SCALE
  2
AcDbScale
  3
ObjectDBX Classes
 90
     1153
 91
       17
280
     0
281
     0
  0
CLASS
  1
MLEADERSTYLE
  2
AcDbMLeaderStyle
  3
ACDB_MLEADERSTYLE_CLASS
 90
     4095
 91
        2
280
     0
281
     0
  0
CLASS
  1
CELLSTYLEMAP
  2
AcDbCellStyleMap
  3
ObjectDBX Classes
 90
     1152
 91
        1
280
     0
281
     0
  0
CLASS
  1
EXACXREFPANELOBJECT
  2
ExAcXREFPanelObject
  3
EXAC_ESW
 90
     1025
 91
        0
280
     0
281
     0
  0
CLASS
  1
NPOCOLLECTION
  2
AcDbImpNonPersistentObjectsCollection
  3
ObjectDBX Classes
 90
     1153
 91
        1
280
     0
281
     0
  0
CLASS
  1
LAYER_INDEX
  2
AcDbLayerIndex
  3
ObjectDBX Classes
 90
        0
 91
        0
280
     0
281
     0
  0
CLASS
  1
SPATIAL_INDEX
  2
AcDbSpatialIndex
  3
ObjectDBX Classes
 90
        0
 91
        0
280
     0
281
     0
  0
CLASS
  1
IDBUFFER
  2
AcDbIdBuffer
  3
ObjectDBX Classes
 90
        0
 91
        0
280
     0
281
     0
  0
CLASS
  1
ACDBSECTIONVIEWSTYLE
  2
AcDbSectionViewStyle
  3
ObjectDBX Classes
 90
     1025
 91
        1
280
     0
281
     0
  0
CLASS
  1
ACDBDETAILVIEWSTYLE
  2
AcDbDetailViewStyle
  3
ObjectDBX Classes
 90
     1025
 91
        1
280
     0
281
     0
  0
CLASS
  1
ConfPuntos MDT v4
  2
TCOConfPunto
  3
"MDTv4OE^I^I^I^I^I^I|Product Desc:     MDT v4.0 Object Enabler^I^I^I^I^I^I|Company:          TCP-IT S.L.^I^I^I^I^I^I|WEB Address:      www.tcpit.es"
 90
     1023
 91
        2
280
     1
281
     1
  0
CLASS
  1
ACDB_TEXTOBJECTCONTEXTDATA_CLASS
  2
AcDbTextObjectContextData
  3
ObjectDBX Classes
 90
     1153
 91
       47
280
     0
281
     0
  0
CLASS
  1
ACAD_EVALUATION_GRAPH
  2
AcDbEvalGraph
  3
ObjectDBX Classes
 90
     1153
 91
        9
280
     0
281
     0
  0
CLASS
  1
ACAECUSTOBJ
  2
AcAeEditorObj
  3
AcAeEditorObj
 90
     1024
 91
        9
280
     0
281
     0
  0
CLASS
  1
SORTENTSTABLE
  2
AcDbSortentsTable
  3
ObjectDBX Classes
 90
        0
 91
       11
280
     0
281
     0
  0
CLASS
  1
ACDB_DYNAMICBLOCKPURGEPREVENTER_VERSION
  2
AcDbDynamicBlockPurgePreventer
  3
ObjectDBX Classes
 90
     1153
 91
        7
280
     0
281
     0
  0
CLASS
  1
SOLID_BACKGROUND
  2
AcDbSolidBackground
  3
SCENEOE
 90
     4095
 91
        1
280
     0
281
     0
  0
ENDSEC
  0
SECTION
  2
TABLES
  0
TABLE
  2
VPORT
  5
8
330
0
100
AcDbSymbolTable
 70
     1
1001
ACAD
1000
DbSaveVer
1071
      428
  0
VPORT
  5
EA
330
8
100
AcDbSymbolTableRecord
100
AcDbViewportTableRecord
  2
*Active
 70
     0
 10
0.0
 20
0.0
 11
1.0
 21
1.0
 12
150.3001318209457
 22
153.4026654900884
 13
0.0
 23
0.0
 14
10.0
 24
10.0
 15
10.0
 25
10.0
 16
0.0
 26
0.0
 36
1.0
 17
-125.4517266305915
 27
-129.2633464137507
 37
-45.67094343988264
 40
52.02054912004839
 41
2.547515257192676
 42
50.0
 43
0.0
 44
0.0
 50
0.0
 51
0.0
 71
     0
 72
  1000
 73
     1
 74
     3
 75
     0
 76
     1
 77
     0
 78
     0
281
     0
 65
     1
110
0.0
120
0.0
130
0.0
111
1.0
121
0.0
131
0.0
112
0.0
122
1.0
132
0.0
 79
     0
146
0.0
348
F5
 60
     3
 61
     5
292
     1
282
     1
141
0.0
142
0.0
 63
   250
421
  3355443
1001
ACAD_NAV_VCDISPLAY
1070
     3
  0
ENDTAB
  0
TABLE
  2
LTYPE
  5
5
330
0
100
AcDbSymbolTable
 70
     2
  0
LTYPE
  5
14
330
5
100
AcDbSymbolTableRecord
100
AcDbLinetypeTableRecord
  2
ByBlock
 70
     0
  3

 72
    65
 73
     0
 40
0.0
  0
LTYPE
  5
15
330
5
100
AcDbSymbolTableRecord
100
AcDbLinetypeTableRecord
  2
ByLayer
 70
     0
  3

 72
    65
 73
     0
 40
0.0
  0
LTYPE
  5
16
330
5
100
AcDbSymbolTableRecord
100
AcDbLinetypeTableRecord
  2
Continuous
 70
     0
  3
Solid line
 72
    65
 73
     0
 40
0.0
  0
ENDTAB
  0
TABLE
  2
LAYER
  5
2
102
{ACAD_XDICTIONARY
360
1FF
102
}
330
0
100
AcDbSymbolTable
 70
    27
  0
LAYER
  5
10
102
{ACAD_XDICTIONARY
360
13C
102
}
330
2
100
AcDbSymbolTableRecord
100
AcDbLayerTableRecord
  2
0
 70
     0
 62
     7
  6
Continuous
370
    -3
390
F
347
EE
348
0
  0
LAYER
  5
330
330
2
100
AcDbSymbolTableRecord
100
AcDbLayerTableRecord
  2
Talud-cabeza
 70
     0
 62
   222
  6
Continuous
370
    -3
390
F
347
EE
348
0
  0
LAYER
  5
331
330
2
100
AcDbSymbolTableRecord
100
AcDbLayerTableRecord
  2
Talud
 70
     0
 62
   253
  6
Continuous
370
    -3
390
F
347
EE
348
0
  0
LAYER
  5
332
330
2
100
AcDbSymbolTableRecord
100
AcDbLayerTableRecord
  2
Muro
 70
     0
 62
    12
  6
Continuous
370
    -3
390
F
347
EE
348
0
  0
LAYER
  5
333
330
2
100
AcDbSymbolTableRecord
100
AcDbLayerTableRecord
  2
Lin-blanca
 70
     0
 62
   254
  6
Continuous
370
    -3
390
F
347
EE
348
0
  0
LAYER
  5
334
330
2
100
AcDbSymbolTableRecord
100
AcDbLayerTableRecord
  2
Bordillo
 70
     0
 62
    21
  6
Continuous
370
    -3
390
F
347
EE
348
0
  0
LAYER
  5
335
330
2
100
AcDbSymbolTableRecord
100
AcDbLayerTableRecord
  2
Acera
 70
     0
 62
   141
  6
Continuous
370
    -3
390
F
347
EE
348
0
  0
LAYER
  5
336
330
2
100
AcDbSymbolTableRecord
100
AcDbLayerTableRecord
  2
Arquetas
 70
     0
 62
   254
  6
Continuous
370
    -3
390
F
347
EE
348
0
  0
LAYER
  5
337
330
2
100
AcDbSymbolTableRecord
100
AcDbLayerTableRecord
  2
Asfalto
 70
     0
 62
   142
  6
Continuous
370
    -3
390
F
347
EE
348
0
  0
LAYER
  5
338
330
2
100
AcDbSymbolTableRecord
100
AcDbLayerTableRecord
  2
Hormigon
 70
     0
 62
     8
  6
Continuous
370
    -3
390
F
347
EE
348
0
  0
LAYER
  5
339
330
2
100
AcDbSymbolTableRecord
100
AcDbLayerTableRecord
  2
Rigola
 70
     0
 62
   131
  6
Continuous
370
    -3
390
F
347
EE
348
0
  0
LAYER
  5
33A
330
2
100
AcDbSymbolTableRecord
100
AcDbLayerTableRecord
  2
Farola
 70
     0
 62
    52
  6
Continuous
370
    -3
390
F
347
EE
348
0
  0
LAYER
  5
33B
330
2
100
AcDbSymbolTableRecord
100
AcDbLayerTableRecord
  2
Lin-blancaSOM
 70
     0
 62
   254
  6
Continuous
370
    -3
390
F
347
EE
348
0
  0
LAYER
  5
33C
330
2
100
AcDbSymbolTableRecord
100
AcDbLayerTableRecord
  2
Arq-sumidero
 70
     0
 62
   254
  6
Continuous
370
    -3
390
F
347
EE
348
0
  0
LAYER
  5
33D
330
2
100
AcDbSymbolTableRecord
100
AcDbLayerTableRecord
  2
Toponimia-detalles
 70
     0
 62
   130
  6
Continuous
370
    -3
390
F
347
EE
348
0
  0
LAYER
  5
33E
330
2
100
AcDbSymbolTableRecord
100
AcDbLayerTableRecord
  2
Toponimia-arq-Telefonica
 70
     0
 62
   141
  6
Continuous
370
    -3
390
F
347
EE
348
0
  0
LAYER
  5
33F
330
2
100
AcDbSymbolTableRecord
100
AcDbLayerTableRecord
  2
Arq-Telefonica
 70
     0
 62
   254
  6
Continuous
370
    -3
390
F
347
EE
348
0
  0
LAYER
  5
340
330
2
100
AcDbSymbolTableRecord
100
AcDbLayerTableRecord
  2
Toponimia-arq-Gas
 70
     0
 62
   141
  6
Continuous
370
    -3
390
F
347
EE
348
0
  0
LAYER
  5
341
330
2
100
AcDbSymbolTableRecord
100
AcDbLayerTableRecord
  2
Arq-Gas
 70
     0
 62
   254
  6
Continuous
370
    -3
390
F
347
EE
348
0
  0
LAYER
  5
342
330
2
100
AcDbSymbolTableRecord
100
AcDbLayerTableRecord
  2
1bases
 70
     0
 62
   150
  6
Continuous
370
    -3
390
F
347
EE
348
0
  0
LAYER
  5
343
330
2
100
AcDbSymbolTableRecord
100
AcDbLayerTableRecord
  2
marco
 70
     0
 62
     7
  6
Continuous
370
    -3
390
F
347
EE
348
0
  0
LAYER
  5
344
330
2
100
AcDbSymbolTableRecord
100
AcDbLayerTableRecord
  2
1cotas_1
 70
     0
 62
   253
  6
Continuous
370
    -3
390
F
347
EE
348
0
  0
LAYER
  5
345
330
2
100
AcDbSymbolTableRecord
100
AcDbLayerTableRecord
  2
1puntos_1
 70
     0
 62
    83
  6
Continuous
370
    -3
390
F
347
EE
348
0
  0
LAYER
  5
346
330
2
100
AcDbSymbolTableRecord
100
AcDbLayerTableRecord
  2
1cv
 70
     0
 62
     9
  6
Continuous
370
    -3
390
F
347
EE
348
0
  0
LAYER
  5
347
330
2
100
AcDbSymbolTableRecord
100
AcDbLayerTableRecord
  2
1cvd
 70
     0
 62
     9
  6
Continuous
370
    -3
390
F
347
EE
348
0
  0
LAYER
  5
348
330
2
100
AcDbSymbolTableRecord
100
AcDbLayerTableRecord
  2
Detalles
 70
     0
 62
    44
  6
Continuous
370
    -3
390
F
347
EE
348
0
  0
LAYER
  5
349
330
2
100
AcDbSymbolTableRecord
100
AcDbLayerTableRecord
  2
Arbol
 70
     0
 62
    82
  6
Continuous
370
    -3
390
F
347
EE
348
0
  0
ENDTAB
  0
TABLE
  2
STYLE
  5
3
330
0
100
AcDbSymbolTable
 70
     5
  0
STYLE
  5
11
330
3
100
AcDbSymbolTableRecord
100
AcDbTextStyleTableRecord
  2
Standard
 70
     0
 40
3.0
 41
1.0
 50
0.0
 71
     0
 42
2.5
  3
arial.ttf
  4

1001
ACAD
1000
Arial
1071
       34
  0
STYLE
  5
132
330
3
100
AcDbSymbolTableRecord
100
AcDbTextStyleTableRecord
  2
Annotative
 70
     0
 40
0.0
 41
1.0
 50
0.0
 71
     0
 42
2.5
  3
arial.ttf
  4

1001
AcadAnnotative
1000
AnnotativeData
1002
{
1070
     1
1070
     1
1002
}
1001
ACAD
1000
Arial
1071
       34
  0
STYLE
  5
34A
330
3
100
AcDbSymbolTableRecord
100
AcDbTextStyleTableRecord
  2
ROMANS
 70
     0
 40
0.75
 41
1.0
 50
0.0
 71
     0
 42
0.6
  3
romans.shx
  4

  0
STYLE
  5
34B
330
3
100
AcDbSymbolTableRecord
100
AcDbTextStyleTableRecord
  2
ROMAND
 70
     0
 40
0.75
 41
1.0
 50
0.0
 71
     0
 42
0.35
  3
romans.shx
  4

  0
STYLE
  5
34C
330
3
100
AcDbSymbolTableRecord
100
AcDbTextStyleTableRecord
  2
ACOTA
 70
     0
 40
0.0
 41
1.0
 50
0.0
 71
     0
 42
0.2
  3
ROMANS8.shx
  4

  0
ENDTAB
  0
TABLE
  2
VIEW
  5
6
330
0
100
AcDbSymbolTable
 70
     1
  0
ENDTAB
  0
TABLE
  2
UCS
  5
7
330
0
100
AcDbSymbolTable
 70
     0
  0
ENDTAB
  0
TABLE
  2
APPID
  5
9
330
0
100
AcDbSymbolTable
 70
    19
  0
APPID
  5
12
330
9
100
AcDbSymbolTableRecord
100
AcDbRegAppTableRecord
  2
ACAD
 70
     0
  0
APPID
  5
9E
330
9
100
AcDbSymbolTableRecord
100
AcDbRegAppTableRecord
  2
ACAD_PSEXT
 70
     0
  0
APPID
  5
133
330
9
100
AcDbSymbolTableRecord
100
AcDbRegAppTableRecord
  2
AcadAnnoPO
 70
     0
  0
APPID
  5
134
330
9
100
AcDbSymbolTableRecord
100
AcDbRegAppTableRecord
  2
AcadAnnotative
 70
     0
  0
APPID
  5
135
330
9
100
AcDbSymbolTableRecord
100
AcDbRegAppTableRecord
  2
ACAD_DSTYLE_DIMJAG
 70
     0
  0
APPID
  5
136
330
9
100
AcDbSymbolTableRecord
100
AcDbRegAppTableRecord
  2
ACAD_DSTYLE_DIMTALN
 70
     0
  0
APPID
  5
165
330
9
100
AcDbSymbolTableRecord
100
AcDbRegAppTableRecord
  2
ACAD_MLEADERVER
 70
     0
  0
APPID
  5
217
330
9
100
AcDbSymbolTableRecord
100
AcDbRegAppTableRecord
  2
ACAD_NAV_VCDISPLAY
 70
     0
  0
APPID
  5
34D
330
9
100
AcDbSymbolTableRecord
100
AcDbRegAppTableRecord
  2
AcadCodePageInfo
 70
     0
  0
APPID
  5
1044
330
9
100
AcDbSymbolTableRecord
100
AcDbRegAppTableRecord
  2
AcLayerTools
 70
     0
  0
APPID
  5
110F
330
9
100
AcDbSymbolTableRecord
100
AcDbRegAppTableRecord
  2
ACAUTHENVIRON
 70
     0
  0
APPID
  5
111E
330
9
100
AcDbSymbolTableRecord
100
AcDbRegAppTableRecord
  2
GradientColor1ACI
 70
     0
  0
APPID
  5
111F
330
9
100
AcDbSymbolTableRecord
100
AcDbRegAppTableRecord
  2
GradientColor2ACI
 70
     0
  0
APPID
  5
1121
330
9
100
AcDbSymbolTableRecord
100
AcDbRegAppTableRecord
  2
AcDbDynamicBlockTrueName
 70
     0
  0
APPID
  5
1122
330
9
100
AcDbSymbolTableRecord
100
AcDbRegAppTableRecord
  2
AcDbDynamicBlockGUID
 70
     0
  0
APPID
  5
1129
330
9
100
AcDbSymbolTableRecord
100
AcDbRegAppTableRecord
  2
PLOTTRANSPARENCY
 70
     0
  0
APPID
  5
112A
330
9
100
AcDbSymbolTableRecord
100
AcDbRegAppTableRecord
  2
ACAD_DSTYLE_DIMBREAK
 70
     0
  0
APPID
  5
11CB
330
9
100
AcDbSymbolTableRecord
100
AcDbRegAppTableRecord
  2
DCO15
 70
     0
  0
APPID
  5
19C7
330
9
100
AcDbSymbolTableRecord
100
AcDbRegAppTableRecord
  2
ACAD_EXEMPT_FROM_CAD_STANDARDS
 70
     0
  0
ENDTAB
  0
TABLE
  2
DIMSTYLE
  5
A
330
0
100
AcDbSymbolTable
 70
     5
100
AcDbDimStyleTable
 71
     2
340
27
340
137
  0
DIMSTYLE
105
1B0
330
A
100
AcDbSymbolTableRecord
100
AcDbDimStyleTableRecord
  2
Standard
 70
     0
340
11
  0
DIMSTYLE
105
137
330
A
100
AcDbSymbolTableRecord
100
AcDbDimStyleTableRecord
  2
Annotative
 70
     0
 40
0.0
 41
2.5
 42
0.625
 43
3.75
 44
1.25
 73
     0
 74
     0
 77
     1
 78
     8
140
2.5
141
2.5
143
0.03937007874016
147
0.625
171
     3
172
     1
271
     2
272
     2
274
     3
278
    44
283
     0
284
     8
340
11
1001
AcadAnnotative
1000
AnnotativeData
1002
{
1070
     1
1070
     1
1002
}
1001
ACAD_DSTYLE_DIMJAG
1070
   388
1040
1.5
1001
ACAD_DSTYLE_DIMTALN
1070
   392
1070
     0
  0
DIMSTYLE
105
27
330
A
100
AcDbSymbolTableRecord
100
AcDbDimStyleTableRecord
  2
ISO-25
 70
     0
 41
2.5
 42
0.625
 43
3.75
 44
1.25
 73
     0
 74
     0
 77
     1
 78
     8
140
2.5
141
2.5
143
0.03937007874016
147
0.625
171
     3
172
     1
271
     2
272
     2
274
     3
278
    44
283
     0
284
     8
340
11
  0
DIMSTYLE
105
1128
330
A
100
AcDbSymbolTableRecord
100
AcDbDimStyleTableRecord
  2
BAT_150
 70
     0
 41
0.25
140
0.35
271
     2
272
     2
340
11
342
1124
1001
ACAD_DSTYLE_DIMBREAK
1070
   391
1040
3.75
1001
ACAD_DSTYLE_DIMJAG
1070
   388
1040
1.5
1001
ACAD_DSTYLE_DIMTALN
1070
   392
1070
     0
  0
ENDTAB
  0
TABLE
  2
BLOCK_RECORD
  5
1
330
0
100
AcDbSymbolTable
 70
    24
  0
BLOCK_RECORD
  5
1F
102
{ACAD_XDICTIONARY
360
1CE
102
}
330
1
100
AcDbSymbolTableRecord
100
AcDbBlockTableRecord
  2
*Model_Space
340
22
 70
     0
280
     1
281
     0
  0
BLOCK_RECORD
  5
D2
330
1
100
AcDbSymbolTableRecord
100
AcDbBlockTableRecord
  2
*Paper_Space
340
D3
 70
     0
280
     1
281
     0
  0
BLOCK_RECORD
  5
D6
330
1
100
AcDbSymbolTableRecord
100
AcDbBlockTableRecord
  2
*Paper_Space0
340
D7
 70
     0
280
     1
281
     0
  0
BLOCK_RECORD
  5
2CC
330
1
100
AcDbSymbolTableRecord
100
AcDbBlockTableRecord
  2
ARQ4
340
0
 70
     0
280
     1
281
     0
  0
BLOCK_RECORD
  5
2D0
330
1
100
AcDbSymbolTableRecord
100
AcDbBlockTableRecord
  2
ARQ7
340
0
 70
     0
280
     1
281
     0
  0
BLOCK_RECORD
  5
2D4
330
1
100
AcDbSymbolTableRecord
100
AcDbBlockTableRecord
  2
ARQR7
340
0
 70
     0
280
     1
281
     0
  0
BLOCK_RECORD
  5
2D8
330
1
100
AcDbSymbolTableRecord
100
AcDbBlockTableRecord
  2
ARQ-TELEF1
340
0
102
{BLKREFS
331
2E0
102
}
 70
     0
280
     1
281
     0
  0
BLOCK_RECORD
  5
2DC
330
1
100
AcDbSymbolTableRecord
100
AcDbBlockTableRecord
  2
AT01
340
0
 70
     0
280
     1
281
     0
  0
BLOCK_RECORD
  5
2E2
330
1
100
AcDbSymbolTableRecord
100
AcDbBlockTableRecord
  2
Farola1
340
0
 70
     0
280
     1
281
     0
  0
BLOCK_RECORD
  5
2F6
330
1
100
AcDbSymbolTableRecord
100
AcDbBlockTableRecord
  2
ARQ-GAS
340
0
102
{BLKREFS
331
2FD
102
}
 70
     0
280
     1
281
     0
  0
BLOCK_RECORD
  5
2FA
330
1
100
AcDbSymbolTableRecord
100
AcDbBlockTableRecord
  2
G
340
0
 70
     0
280
     1
281
     0
  0
BLOCK_RECORD
  5
2FF
330
1
100
AcDbSymbolTableRecord
100
AcDbBlockTableRecord
  2
SUMIDERO4
340
0
 70
     0
280
     1
281
     0
  0
BLOCK_RECORD
  5
30F
330
1
100
AcDbSymbolTableRecord
100
AcDbBlockTableRecord
  2
lb-cebra
340
0
102
{BLKREFS
331
A31
331
A32
102
}
 70
     0
280
     1
281
     0
  0
BLOCK_RECORD
  5
326
102
{ACAD_XDICTIONARY
360
1110
102
}
330
1
100
AcDbSymbolTableRecord
100
AcDbBlockTableRecord
  2
Arbol
340
0
102
{BLKREFS
331
1012
331
1014
331
1015
331
1016
331
1017
331
1018
331
1019
331
101A
331
101B
331
101C
331
101D
331
101E
331
101F
331
1020
331
1021
331
1022
331
1023
331
1024
331
1025
331
1026
331
1027
331
1028
331
1029
331
102A
331
102B
331
102C
331
102D
331
102E
331
102F
331
1030
102
}
 70
     0
280
     1
281
     0
1001
AcDbDynamicBlockGUID
1000
{93B6136B-00A4-0D41-8FA5-F8AADE2021E7}
  0
BLOCK_RECORD
  5
1124
330
1
100
AcDbSymbolTableRecord
100
AcDbBlockTableRecord
  2
_ArchTick
340
0
 70
     0
280
     1
281
     0
  0
BLOCK_RECORD
  5
1146
102
{ACAD_XDICTIONARY
360
5410
102
}
330
1
100
AcDbSymbolTableRecord
100
AcDbBlockTableRecord
  2
A$C43d6e65a
340
0
102
{BLKREFS
331
114E
102
}
 70
     6
280
     1
281
     0
1001
AcDbDynamicBlockGUID
1000
{723993E7-B996-3A48-8922-497597460BC0}
  0
ENDTAB
  0
ENDSEC
  0
SECTION
  2
BLOCKS
  0
BLOCK
  5
20
330
1F
100
AcDbEntity
  8
0
100
AcDbBlockBegin
  2
*Model_Space
 70
     0
 10
0.0
 20
0.0
 30
0.0
  3
*Model_Space
  1

  0
ENDBLK
  5
21
330
1F
100
AcDbEntity
  8
0
100
AcDbBlockEnd
  0
BLOCK
  5
D4
330
D2
100
AcDbEntity
 67
     1
  8
0
100
AcDbBlockBegin
  2
*Paper_Space
 70
     0
 10
0.0
 20
0.0
 30
0.0
  3
*Paper_Space
  1

  0
ENDBLK
  5
D5
330
D2
100
AcDbEntity
 67
     1
  8
0
100
AcDbBlockEnd
  0
BLOCK
  5
D8
330
D6
100
AcDbEntity
 67
     1
  8
0
100
AcDbBlockBegin
  2
*Paper_Space0
 70
     0
 10
0.0
 20
0.0
 30
0.0
  3
*Paper_Space0
  1

  0
ENDBLK
  5
D9
330
D6
100
AcDbEntity
 67
     1
  8
0
100
AcDbBlockEnd
  0
BLOCK
  5
2CD
330
2CC
100
AcDbEntity
  8
0
100
AcDbBlockBegin
  2
ARQ4
 70
     0
 10
0.0
 20
0.0
 30
0.0
  3
ARQ4
  1

  0
LWPOLYLINE
  5
2CE
330
2CC
100
AcDbEntity
  8
Arquetas
100
AcDbPolyline
 90
        4
 70
     1
 43
0.0
 10
-0.2000000000000455
 20
0.2000000000000455
 10
-0.2000000000000455
 20
-0.2000000000000455
 10
0.2000000000000455
 20
-0.2000000000000455
 10
0.2000000000000455
 20
0.2000000000000455
  0
ENDBLK
  5
2CF
330
2CC
100
AcDbEntity
  8
0
100
AcDbBlockEnd
  0
BLOCK
  5
2D1
330
2D0
100
AcDbEntity
  8
0
100
AcDbBlockBegin
  2
ARQ7
 70
     0
 10
0.0
 20
0.0
 30
0.0
  3
ARQ7
  1

  0
LWPOLYLINE
  5
2D2
330
2D0
100
AcDbEntity
  8
Arquetas
100
AcDbPolyline
 90
        4
 70
     1
 43
0.0
 10
-0.3500000000000227
 20
0.3500000000000227
 10
-0.3500000000000227
 20
-0.3500000000000227
 10
0.3500000000000227
 20
-0.3500000000000227
 10
0.3500000000000227
 20
0.3500000000000227
  0
ENDBLK
  5
2D3
330
2D0
100
AcDbEntity
  8
0
100
AcDbBlockEnd
  0
BLOCK
  5
2D5
330
2D4
100
AcDbEntity
  8
0
100
AcDbBlockBegin
  2
ARQR7
 70
     0
 10
0.0
 20
0.0
 30
0.0
  3
ARQR7
  1

  0
CIRCLE
  5
2D6
330
2D4
100
AcDbEntity
  8
Arquetas
100
AcDbCircle
 10
0.0
 20
0.0
 30
0.0
 40
0.35
  0
ENDBLK
  5
2D7
330
2D4
100
AcDbEntity
  8
0
100
AcDbBlockEnd
  0
BLOCK
  5
2D9
330
2D8
100
AcDbEntity
  8
0
100
AcDbBlockBegin
  2
ARQ-TELEF1
 70
     0
 10
0.0
 20
0.0
 30
0.0
  3
ARQ-TELEF1
  1

  0
LWPOLYLINE
  5
2DA
330
2D8
100
AcDbEntity
  8
Arq-Telefonica
100
AcDbPolyline
 90
        4
 70
     1
 43
0.0
 10
-0.5
 20
0.5
 10
-0.5
 20
-0.5
 10
0.5
 20
-0.5
 10
0.5
 20
0.5
  0
ENDBLK
  5
2DB
330
2D8
100
AcDbEntity
  8
0
100
AcDbBlockEnd
  0
BLOCK
  5
2DD
330
2DC
100
AcDbEntity
  8
0
100
AcDbBlockBegin
  2
AT01
 70
     0
 10
0.0
 20
0.0
 30
0.0
  3
AT01
  1

  0
ACAD_PROXY_ENTITY
  5
2DE
330
2DC
100
AcDbEntity
  8
Hormigon
100
AcDbProxyEntity
 90
      498
 91
      517
 95
   851991
 70
     0
160
               728
310
D80200000A000000880000001D000000000000000000F03F0000000000000000000000000000000000000000000000000000000000000000000000000000F03F0000000000000000000000000000000000000000000000000000000000000000000000000000F03F0000000000000000000000000000000000000000000000
310
000000000000000000000000000000F03F880000001D000000000000000000F03F0000000000000000000000000000000000000000000000000000000000000000000000000000F03F0000000000000000000000000000000000000000000000000000000000000000000000000000F03F0000000000000000000000000000
310
000000000000000000000000000000000000000000000000F03F880000001D000000000000000000F03F0000000000000000000000000000000000000000000000000000000000000000000000000000F03F0000000000000000000000000000000000000000000000000000000000000000000000000000F03F0000000000
310
000000000000000000000000000000000000000000000000000000000000000000F03F880000001D000000000000000000F03F0000000000000000000000000000000000000000000000000000000000000000000000000000F03F000000000000000000000000000000000000000000000000000000000000000000000000
310
0000F03F0000000000000000000000000000000000000000000000000000000000000000000000000000F03F880000001D000000000000000000F03F0000000000000000000000000000000000000000000000000000000000000000000000000000F03F000000000000000000000000000000000000000000000000000000
310
0000000000000000000000F03F0000000000000000000000000000000000000000000000000000000000000000000000000000F03F080000001F000000080000001F000000080000001F000000080000001F000000080000001F000000
161
              1106
310
40E41101405019044110140D02A85878AA89A9999999999B93F0000000000001E500333333333333E33F400000000000000C05000000000000382FD00000000000000302A0CCCCCCCCCCCF8CFC333333333333E33F5AAAA41CC5C1D5B9D1BDCD014E4056907434F4449474F534214D510539110549129085354414E4441524
310
44214D51053911054912AA8C
 94
        0
  0
TEXT
  5
2DF
330
2DC
100
AcDbEntity
  8
Toponimia-arq-Telefonica
100
AcDbText
 10
-1.251654898768268
 20
0.3131255994220154
 30
0.0
 40
0.6
  1
T
  7
ROMAND
100
AcDbText
  0
INSERT
  5
2E0
330
2DC
100
AcDbEntity
  8
Arq-Telefonica
100
AcDbBlockReference
  2
ARQ-TELEF1
 10
0.0
 20
0.0
 30
0.0
  0
ENDBLK
  5
2E1
330
2DC
100
AcDbEntity
  8
0
100
AcDbBlockEnd
  0
BLOCK
  5
2E3
330
2E2
100
AcDbEntity
  8
0
100
AcDbBlockBegin
  2
Farola1
 70
     0
 10
0.0
 20
0.0
 30
0.0
  3
Farola1
  1

  0
POLYLINE
  5
2E4
330
2E2
100
AcDbEntity
  8
Farola
100
AcDb2dPolyline
 66
     1
 10
0.0
 20
0.0
 30
0.0
  0
VERTEX
  5
2E5
330
2E4
100
AcDbEntity
  8
Farola
100
AcDbVertex
100
AcDb2dVertex
 10
0.0
 20
0.3548023886978626
 30
0.0
  0
VERTEX
  5
2E6
330
2E4
100
AcDbEntity
  8
Farola
100
AcDbVertex
100
AcDb2dVertex
 10
0.0
 20
0.5719339111819864
 30
0.0
  0
SEQEND
  5
2E7
330
2E4
100
AcDbEntity
  8
Farola
  0
POLYLINE
  5
2E8
330
2E2
100
AcDbEntity
  8
Farola
100
AcDb2dPolyline
 66
     1
 10
0.0
 20
0.0
 30
0.0
  0
VERTEX
  5
2E9
330
2E8
100
AcDbEntity
  8
Farola
100
AcDbVertex
100
AcDb2dVertex
 10
0.3548023884068243
 20
0.0
 30
0.0
  0
VERTEX
  5
2EA
330
2E8
100
AcDbEntity
  8
Farola
100
AcDbVertex
100
AcDb2dVertex
 10
0.5719339117058553
 20
0.0
 30
0.0
  0
SEQEND
  5
2EB
330
2E8
100
AcDbEntity
  8
Farola
  0
POLYLINE
  5
2EC
330
2E2
100
AcDbEntity
  8
Farola
100
AcDb2dPolyline
 66
     1
 10
0.0
 20
0.0
 30
0.0
  0
VERTEX
  5
2ED
330
2EC
100
AcDbEntity
  8
Farola
100
AcDbVertex
100
AcDb2dVertex
 10
-0.5719339117058553
 20
0.0
 30
0.0
  0
VERTEX
  5
2EE
330
2EC
100
AcDbEntity
  8
Farola
100
AcDbVertex
100
AcDb2dVertex
 10
-0.3548023884068243
 20
0.0
 30
0.0
  0
SEQEND
  5
2EF
330
2EC
100
AcDbEntity
  8
Farola
  0
POLYLINE
  5
2F0
330
2E2
100
AcDbEntity
  8
Farola
100
AcDb2dPolyline
 66
     1
 10
0.0
 20
0.0
 30
0.0
  0
VERTEX
  5
2F1
330
2F0
100
AcDbEntity
  8
Farola
100
AcDbVertex
100
AcDb2dVertex
 10
0.0
 20
-0.5719339111819864
 30
0.0
  0
VERTEX
  5
2F2
330
2F0
100
AcDbEntity
  8
Farola
100
AcDbVertex
100
AcDb2dVertex
 10
0.0
 20
-0.3548023886978626
 30
0.0
  0
SEQEND
  5
2F3
330
2F0
100
AcDbEntity
  8
Farola
  0
CIRCLE
  5
2F4
330
2E2
100
AcDbEntity
  8
Farola
100
AcDbCircle
 10
0.0
 20
0.0
 30
0.0
 40
0.25
  0
ENDBLK
  5
2F5
330
2E2
100
AcDbEntity
  8
0
100
AcDbBlockEnd
  0
BLOCK
  5
2F7
330
2F6
100
AcDbEntity
  8
0
100
AcDbBlockBegin
  2
ARQ-GAS
 70
     0
 10
0.0
 20
0.0
 30
0.0
  3
ARQ-GAS
  1

  0
LWPOLYLINE
  5
2F8
330
2F6
100
AcDbEntity
  8
Arq-Gas
100
AcDbPolyline
 90
        4
 70
     1
 43
0.0
 10
-0.1000000000058208
 20
-0.1000000000931323
 10
0.1000000000058208
 20
-0.1000000000931323
 10
0.1000000000058208
 20
0.1000000000931323
 10
-0.1000000000058208
 20
0.1000000000931323
  0
ENDBLK
  5
2F9
330
2F6
100
AcDbEntity
  8
0
100
AcDbBlockEnd
  0
BLOCK
  5
2FB
330
2FA
100
AcDbEntity
  8
0
100
AcDbBlockBegin
  2
G
 70
     0
 10
0.0
 20
0.0
 30
0.0
  3
G
  1

  0
TEXT
  5
2FC
330
2FA
100
AcDbEntity
  8
Toponimia-arq-Gas
100
AcDbText
 10
-0.7032025964088762
 20
0.1018347473982151
 30
0.0
 40
0.6
  1
G
  7
ROMAND
100
AcDbText
  0
INSERT
  5
2FD
330
2FA
100
AcDbEntity
  8
Arq-Gas
100
AcDbBlockReference
  2
ARQ-GAS
 10
-0.0000000000291038
 20
0.0000000004656613
 30
0.0
  0
ENDBLK
  5
2FE
330
2FA
100
AcDbEntity
  8
0
100
AcDbBlockEnd
  0
BLOCK
  5
300
330
2FF
100
AcDbEntity
  8
0
100
AcDbBlockBegin
  2
SUMIDERO4
 70
     0
 10
0.0
 20
0.0
 30
0.0
  3
SUMIDERO4
  1

  0
LWPOLYLINE
  5
301
330
2FF
100
AcDbEntity
  8
Arq-sumidero
100
AcDbPolyline
 90
        4
 70
     1
 43
0.0
 10
-0.1999999999534339
 20
-0.2000000011175871
 10
0.2000000000698492
 20
-0.2000000011175871
 10
0.2000000000698492
 20
0.2000000011175871
 10
-0.1999999999534339
 20
0.2000000011175871
  0
POLYLINE
  5
302
330
2FF
100
AcDbEntity
  8
Arq-sumidero
100
AcDb2dPolyline
 66
     1
 10
0.0
 20
0.0
 30
0.0
  0
VERTEX
  5
303
330
302
100
AcDbEntity
  8
Arq-sumidero
100
AcDbVertex
100
AcDb2dVertex
 10
-0.099999999976717
 20
-0.1999999992549419
 30
0.0
  0
VERTEX
  5
304
330
302
100
AcDbEntity
  8
Arq-sumidero
100
AcDbVertex
100
AcDb2dVertex
 10
-0.099999999976717
 20
0.1999999992549419
 30
0.0
  0
SEQEND
  5
305
330
302
100
AcDbEntity
  8
Arq-sumidero
  0
POLYLINE
  5
306
330
2FF
100
AcDbEntity
  8
Arq-sumidero
100
AcDb2dPolyline
 66
     1
 10
0.0
 20
0.0
 30
0.0
  0
VERTEX
  5
307
330
306
100
AcDbEntity
  8
Arq-sumidero
100
AcDbVertex
100
AcDb2dVertex
 10
0.0
 20
-0.1999999992549419
 30
0.0
  0
VERTEX
  5
308
330
306
100
AcDbEntity
  8
Arq-sumidero
100
AcDbVertex
100
AcDb2dVertex
 10
0.0
 20
0.1999999992549419
 30
0.0
  0
SEQEND
  5
309
330
306
100
AcDbEntity
  8
Arq-sumidero
  0
POLYLINE
  5
30A
330
2FF
100
AcDbEntity
  8
Arq-sumidero
100
AcDb2dPolyline
 66
     1
 10
0.0
 20
0.0
 30
0.0
  0
VERTEX
  5
30B
330
30A
100
AcDbEntity
  8
Arq-sumidero
100
AcDbVertex
100
AcDb2dVertex
 10
0.099999999976717
 20
-0.1999999992549419
 30
0.0
  0
VERTEX
  5
30C
330
30A
100
AcDbEntity
  8
Arq-sumidero
100
AcDbVertex
100
AcDb2dVertex
 10
0.099999999976717
 20
0.1999999992549419
 30
0.0
  0
SEQEND
  5
30D
330
30A
100
AcDbEntity
  8
Arq-sumidero
  0
ENDBLK
  5
30E
330
2FF
100
AcDbEntity
  8
0
100
AcDbBlockEnd
  0
BLOCK
  5
310
330
30F
100
AcDbEntity
  8
0
100
AcDbBlockBegin
  2
lb-cebra
 70
     0
 10
0.0
 20
0.0
 30
0.0
  3
lb-cebra
  1

  0
POLYLINE
  5
311
330
30F
100
AcDbEntity
  8
Lin-blancaSOM
100
AcDb2dPolyline
 66
     1
 10
0.0
 20
0.0
 30
0.0
 40
0.5
 41
0.5
  0
VERTEX
  5
312
330
311
100
AcDbEntity
  8
Lin-blancaSOM
100
AcDbVertex
100
AcDb2dVertex
 10
4.249999999941792
 20
0.0
 30
0.0
  0
VERTEX
  5
313
330
311
100
AcDbEntity
  8
Lin-blancaSOM
100
AcDbVertex
100
AcDb2dVertex
 10
4.249999999941792
 20
-4.742249478586018
 30
0.0
  0
SEQEND
  5
314
330
311
100
AcDbEntity
  8
Lin-blancaSOM
  0
POLYLINE
  5
315
330
30F
100
AcDbEntity
  8
Lin-blancaSOM
100
AcDb2dPolyline
 66
     1
 10
0.0
 20
0.0
 30
0.0
 40
0.5
 41
0.5
  0
VERTEX
  5
316
330
315
100
AcDbEntity
  8
Lin-blancaSOM
100
AcDbVertex
100
AcDb2dVertex
 10
3.249999999941792
 20
0.0
 30
0.0
  0
VERTEX
  5
317
330
315
100
AcDbEntity
  8
Lin-blancaSOM
100
AcDbVertex
100
AcDb2dVertex
 10
3.249999999941792
 20
-4.742249478586018
 30
0.0
  0
SEQEND
  5
318
330
315
100
AcDbEntity
  8
Lin-blancaSOM
  0
POLYLINE
  5
319
330
30F
100
AcDbEntity
  8
Lin-blancaSOM
100
AcDb2dPolyline
 66
     1
 10
0.0
 20
0.0
 30
0.0
 40
0.5
 41
0.5
  0
VERTEX
  5
31A
330
319
100
AcDbEntity
  8
Lin-blancaSOM
100
AcDbVertex
100
AcDb2dVertex
 10
2.249999999941792
 20
0.0
 30
0.0
  0
VERTEX
  5
31B
330
319
100
AcDbEntity
  8
Lin-blancaSOM
100
AcDbVertex
100
AcDb2dVertex
 10
2.249999999941792
 20
-4.742249478586018
 30
0.0
  0
SEQEND
  5
31C
330
319
100
AcDbEntity
  8
Lin-blancaSOM
  0
POLYLINE
  5
31D
330
30F
100
AcDbEntity
  8
Lin-blancaSOM
100
AcDb2dPolyline
 66
     1
 10
0.0
 20
0.0
 30
0.0
 40
0.5
 41
0.5
  0
VERTEX
  5
31E
330
31D
100
AcDbEntity
  8
Lin-blancaSOM
100
AcDbVertex
100
AcDb2dVertex
 10
1.249999999941792
 20
0.0
 30
0.0
  0
VERTEX
  5
31F
330
31D
100
AcDbEntity
  8
Lin-blancaSOM
100
AcDbVertex
100
AcDb2dVertex
 10
1.249999999941792
 20
-4.742249478586018
 30
0.0
  0
SEQEND
  5
320
330
31D
100
AcDbEntity
  8
Lin-blancaSOM
  0
POLYLINE
  5
321
330
30F
100
AcDbEntity
  8
Lin-blancaSOM
100
AcDb2dPolyline
 66
     1
 10
0.0
 20
0.0
 30
0.0
 40
0.5
 41
0.5
  0
VERTEX
  5
322
330
321
100
AcDbEntity
  8
Lin-blancaSOM
100
AcDbVertex
100
AcDb2dVertex
 10
0.2499999999417923
 20
0.0
 30
0.0
  0
VERTEX
  5
323
330
321
100
AcDbEntity
  8
Lin-blancaSOM
100
AcDbVertex
100
AcDb2dVertex
 10
0.2499999999417923
 20
-4.742249478586018
 30
0.0
  0
SEQEND
  5
324
330
321
100
AcDbEntity
  8
Lin-blancaSOM
  0
ENDBLK
  5
325
330
30F
100
AcDbEntity
  8
0
100
AcDbBlockEnd
  0
BLOCK
  5
327
330
326
100
AcDbEntity
  8
0
100
AcDbBlockBegin
  2
Arbol
 70
     0
 10
0.0
 20
0.0
 30
0.0
  3
Arbol
  1

  0
LINE
  5
1108
330
326
100
AcDbEntity
  8
Arbol
  6
Continuous
100
AcDbLine
 10
0.0
 20
-0.25
 30
0.0
 11
0.0
 21
0.25
 31
0.0
  0
LINE
  5
1109
330
326
100
AcDbEntity
  8
Arbol
  6
Continuous
100
AcDbLine
 10
-0.25
 20
0.0
 30
0.0
 11
0.25
 21
0.0
 31
0.0
  0
ARC
  5
110A
102
{ACAD_REACTORS
330
1120
102
}
330
326
100
AcDbEntity
  8
Arbol
100
AcDbCircle
 10
-0.3033856783885069
 20
0.0834054033245313
 30
0.0
 40
0.6945125279316715
100
AcDbArc
 50
82.66594657212669
 51
248.4271718831756
  0
ARC
  5
110B
102
{ACAD_REACTORS
330
1120
102
}
330
326
100
AcDbEntity
  8
Arbol
100
AcDbCircle
 10
-0.1596459572982589
 20
-0.4617789326555486
 30
0.0
 40
0.5019829624654719
100
AcDbArc
 50
164.3692836508084
 51
326.1916884413657
  0
ARC
  5
110C
102
{ACAD_REACTORS
330
1120
102
}
330
326
100
AcDbEntity
  8
Arbol
100
AcDbCircle
 10
0.3006575043253077
 20
-0.2258619009170177
 30
0.0
 40
0.5678488351432108
100
AcDbArc
 50
249.5555150316803
 51
26.10470120180438
  0
ARC
  5
110D
102
{ACAD_REACTORS
330
1120
102
}
330
326
100
AcDbEntity
  8
Arbol
100
AcDbCircle
 10
0.4287287938670339
 20
0.2069298429739679
 30
0.0
 40
0.5581186748475215
100
AcDbArc
 50
310.8410010698988
 51
98.61306456774135
  0
ARC
  5
110E
102
{ACAD_REACTORS
330
1120
102
}
330
326
100
AcDbEntity
  8
Arbol
100
AcDbCircle
 10
-0.0061469781729007
 20
0.4893021638976347
 30
0.0
 40
0.5042042860038913
100
AcDbArc
 50
11.26113286993667
 51
163.5271776373475
  0
HATCH
  5
1120
330
326
100
AcDbEntity
  8
0
 62
    55
420
 10066743
100
AcDbHatch
 10
0.0
 20
0.0
 30
0.0
210
0.0
220
0.0
230
1.0
  2
SOLID
 70
     1
 71
     1
 91
        1
 92
        7
 72
     1
 73
     1
 93
        5
 10
0.4160675430593816
 20
0.7649048853741985
 42
0.5399761186308783
 10
-0.4271130593195734
 20
0.7668080567156192
 42
0.6933323367595469
 10
-0.6589922983385581
 20
-0.5131610919647541
 42
0.6591531819102974
 10
0.2217175545470239
 20
-0.7881970179980189
 42
0.5000236935204571
 10
0.8625962088328261
 20
-0.1441478143106486
 42
0.6387833888239552
 97
        5
330
110E
330
110A
330
110B
330
110C
330
110D
 75
     1
 76
     1
 47
0.0023869126158812
 98
        1
 10
-0.4568906978702856
 20
0.0996076751840098
450
        0
451
        0
460
0.0
461
0.0
452
        0
462
0.0
453
        2
463
0.0
 63
     5
421
      255
463
1.0
 63
     2
421
 16776960
470
LINEAR
1001
GradientColor1ACI
1070
     5
1001
GradientColor2ACI
1070
     2
1001
ACAD
1010
0.0
1020
0.0
1030
0.0
  0
ENDBLK
  5
32F
330
326
100
AcDbEntity
  8
0
100
AcDbBlockEnd
  0
BLOCK
  5
1125
330
1124
100
AcDbEntity
  8
0
100
AcDbBlockBegin
  2
_ArchTick
 70
     0
 10
0.0
 20
0.0
 30
0.0
  3
_ArchTick
  1

  0
LWPOLYLINE
  5
1126
330
1124
100
AcDbEntity
  8
0
  6
ByBlock
 62
     0
100
AcDbPolyline
 90
        2
 70
     0
 43
0.15
 10
-0.5
 20
-0.5
 10
0.5
 20
0.5
  0
ENDBLK
  5
1127
330
1124
100
AcDbEntity
  8
0
100
AcDbBlockEnd
  0
BLOCK
  5
114B
330
1146
100
AcDbEntity
  8
0
100
AcDbBlockBegin
  2
A$C43d6e65a
 70
     0
 10
0.0
 20
0.0
 30
0.0
  3
A$C43d6e65a
  1

  0
LWPOLYLINE
  5
540D
102
{ACAD_REACTORS
330
540E
102
}
330
1146
100
AcDbEntity
  8
0
 62
   220
100
AcDbPolyline
 90
       16
 70
     1
 43
0.0
 10
2.395670373273731
 20
11.58890365137168
 10
4.325512765212522
 20
21.33391572667935
 10
6.151506665400205
 20
29.68455859202246
 10
-6.212078640362818
 20
28.51908513048503
 10
-14.15641380544085
 20
27.83028996288559
 10
-17.83920038474937
 20
27.5027338435871
 10
-22.79561995482215
 20
27.07988866244168
 10
-26.13934804447362
 20
25.95447519956983
 10
-28.142436086266
 20
23.24631562176077
 10
-28.56266803986279
 20
20.94023017119249
 10
-28.57691112827189
 20
18.27666599309791
 10
-28.63908218151195
 20
9.043865564079595
 10
-28.66311668546885
 20
5.888268735917478
 10
-28.93840135185985
 20
1.248662001222811
 10
0.0
 20
0.0
 10
2.395670373273731
 20
11.58890365137168
  0
HATCH
  5
540E
330
1146
100
AcDbEntity
  8
0
 62
   254
420
 16185295
100
AcDbHatch
 10
0.0
 20
0.0
 30
0.0
210
0.0
220
0.0
230
1.0
  2
SOLID
 70
     1
 71
     1
 91
        1
 92
        7
 72
     0
 73
     1
 93
       15
 10
-14.1564138054409
 20
27.83028996288561
 10
-17.83920038474931
 20
27.50273384358709
 10
-22.79561995482214
 20
27.07988866244168
 10
-26.13934804447362
 20
25.95447519956983
 10
-28.14243608626601
 20
23.24631562176077
 10
-28.56266803986279
 20
20.94023017119251
 10
-28.57691112827188
 20
18.27666599309857
 10
-28.63908218151195
 20
9.043865564079595
 10
-28.66311668546885
 20
5.888268735917472
 10
-28.93840135185985
 20
1.248662001222811
 10
0.0
 20
0.0000000000000036
 10
2.395670373273754
 20
11.58890365137175
 10
4.325512765212518
 20
21.33391572667933
 10
6.151506665400205
 20
29.68455859202246
 10
-6.212078640362983
 20
28.51908513048499
 97
        1
330
540D
 75
     1
 76
     1
 47
0.0362006812097835
 98
        1
 10
-23.88929446884467
 20
24.23635608399216
450
        0
451
        0
460
0.0
461
0.0
452
        0
462
0.0
453
        2
463
0.0
 63
     5
421
      255
463
1.0
 63
     2
421
 16776960
470
LINEAR
1001
GradientColor1ACI
1070
     5
1001
GradientColor2ACI
1070
     2
1001
ACAD
1010
0.0
1020
0.0
1030
0.0
  0
ENDBLK
  5
114C
330
1146
100
AcDbEntity
  8
0
100
AcDbBlockEnd
  0
ENDSEC
  0
SECTION
  2
ENTITIES
  0
POLYLINE
  5
9CB
330
1F
100
AcDbEntity
  8
Acera
100
AcDb2dPolyline
 66
     1
 10
0.0
 20
0.0
 30
-63.474
 70
   128
  0
VERTEX
  5
9CC
330
9CB
100
AcDbEntity
  8
Acera
100
AcDbVertex
100
AcDb2dVertex
 10
54.07999999995809
 20
30.7739999992773
 30
-63.474
  0
VERTEX
  5
9CD
330
9CB
100
AcDbEntity
  8
Acera
100
AcDbVertex
100
AcDb2dVertex
 10
41.9769999999553
 20
33.55499999970198
 30
-63.474
  0
VERTEX
  5
9CE
330
9CB
100
AcDbEntity
  8
Acera
100
AcDbVertex
100
AcDb2dVertex
 10
34.21899999998277
 20
35.3989999992773
 30
-63.474
  0
VERTEX
  5
9CF
330
9CB
100
AcDbEntity
  8
Acera
100
AcDbVertex
100
AcDb2dVertex
 10
30.61999999999534
 20
36.24599999934435
 30
-63.474
  0
VERTEX
  5
9D0
330
9CB
100
AcDbEntity
  8
Acera
100
AcDbVertex
100
AcDb2dVertex
 10
25.78199999994831
 20
37.40299999993295
 30
-63.474
  0
VERTEX
  5
9D1
330
9CB
100
AcDbEntity
  8
Acera
100
AcDbVertex
100
AcDb2dVertex
 10
22.25399999995716
 20
37.3859999999404
 30
-63.474
  0
VERTEX
  5
9D2
330
9CB
100
AcDbEntity
  8
Acera
100
AcDbVertex
100
AcDb2dVertex
 10
19.50099999998929
 20
35.4449999993667
 30
-63.474
  0
VERTEX
  5
9D3
330
9CB
100
AcDbEntity
  8
Acera
100
AcDbVertex
100
AcDb2dVertex
 10
18.37699999997858
 20
33.3879999993369
 30
-63.474
  0
VERTEX
  5
9D4
330
9CB
100
AcDbEntity
  8
Acera
100
AcDbVertex
100
AcDb2dVertex
 10
17.52599999995436
 20
30.86400000005961
 30
-63.474
  0
VERTEX
  5
9D5
330
9CB
100
AcDbEntity
  8
Acera
100
AcDbVertex
100
AcDb2dVertex
 10
14.56399999995483
 20
22.11899999994785
 30
-63.474
  0
VERTEX
  5
9D6
330
9CB
100
AcDbEntity
  8
Rigola
100
AcDbVertex
100
AcDb2dVertex
 10
13.54899999999907
 20
19.13100000005215
 30
-63.474
  0
VERTEX
  5
9D7
330
9CB
100
AcDbEntity
  8
Acera
100
AcDbVertex
100
AcDb2dVertex
 10
11.38299999997252
 20
13.69400000013411
 30
-63.474
  0
VERTEX
  5
9D8
330
9CB
100
AcDbEntity
  8
Acera
100
AcDbVertex
100
AcDb2dVertex
 10
9.462999999988824
 20
9.456999999471008
 30
-63.474
  0
VERTEX
  5
9D9
330
9CB
100
AcDbEntity
  8
Acera
100
AcDbVertex
100
AcDb2dVertex
 10
5.019999999960418
 20
-0.1660000002011657
 30
-63.474
  0
SEQEND
  5
9DA
330
9CB
100
AcDbEntity
  8
Acera
  0
POLYLINE
  5
9E4
330
1F
100
AcDbEntity
  8
Bordillo
100
AcDb2dPolyline
 66
     1
 10
0.0
 20
0.0
 30
-63.474
 70
   128
  0
VERTEX
  5
9E5
330
9E4
100
AcDbEntity
  8
Bordillo
100
AcDbVertex
100
AcDb2dVertex
 10
55.85499999998138
 20
32.31699999980629
 30
-63.474
  0
VERTEX
  5
9E6
330
9E4
100
AcDbEntity
  8
Bordillo
100
AcDbVertex
100
AcDb2dVertex
 10
42.52599999995436
 20
35.37799999956042
 30
-63.474
  0
VERTEX
  5
9E7
330
9E4
100
AcDbEntity
  8
Bordillo
100
AcDbVertex
100
AcDb2dVertex
 10
34.73199999995995
 20
37.25
 30
-63.474
  0
VERTEX
  5
9E8
330
9E4
100
AcDbEntity
  8
Bordillo
100
AcDbVertex
100
AcDb2dVertex
 10
31.70499999995809
 20
38.04299999959767
 30
-63.474
  0
SEQEND
  5
9E9
330
9E4
100
AcDbEntity
  8
Bordillo
  0
POLYLINE
  5
9F1
102
{ACAD_REACTORS
330
2205
102
}
330
1F
100
AcDbEntity
  8
Asfalto
100
AcDb2dPolyline
 66
     1
 10
0.0
 20
0.0
 30
-63.474
 70
   128
  0
VERTEX
  5
9F2
330
9F1
100
AcDbEntity
  8
Asfalto
100
AcDbVertex
100
AcDb2dVertex
 10
55.82799999997951
 20
32.58000000007451
 30
-63.474
  0
VERTEX
  5
9F3
330
9F1
100
AcDbEntity
  8
Asfalto
100
AcDbVertex
100
AcDb2dVertex
 10
42.57199999998556
 20
35.69799999985844
 30
-63.474
  0
VERTEX
  5
9F4
330
9F1
100
AcDbEntity
  8
Asfalto
100
AcDbVertex
100
AcDb2dVertex
 10
34.80599999998231
 20
37.52999999932945
 30
-63.474
  0
VERTEX
  5
9F5
330
9F1
100
AcDbEntity
  8
Asfalto
100
AcDbVertex
100
AcDb2dVertex
 10
31.83399999997346
 20
38.27799999993295
 30
-63.474
  0
SEQEND
  5
9F6
330
9F1
100
AcDbEntity
  8
Asfalto
  0
POLYLINE
  5
9F7
102
{ACAD_REACTORS
330
2258
330
2205
330
215C
330
203B
102
}
330
1F
100
AcDbEntity
  8
Asfalto
100
AcDb2dPolyline
 66
     1
 10
0.0
 20
0.0
 30
-63.474
 70
   128
  0
VERTEX
  5
9F8
330
9F7
100
AcDbEntity
  8
Asfalto
100
AcDbVertex
100
AcDb2dVertex
 10
31.19899999996415
 20
38.16899999976158
 30
-63.474
  0
VERTEX
  5
9F9
330
9F7
100
AcDbEntity
  8
Asfalto
100
AcDbVertex
100
AcDb2dVertex
 10
29.37099999998464
 20
38.59700000006706
 30
-63.474
  0
VERTEX
  5
9FA
330
9F7
100
AcDbEntity
  8
Asfalto
100
AcDbVertex
100
AcDb2dVertex
 10
25.40699999994831
 20
39.54799999948591
 30
-63.474
  0
VERTEX
  5
9FB
330
9F7
100
AcDbEntity
  8
Asfalto
100
AcDbVertex
100
AcDb2dVertex
 10
21.87299999996321
 20
39.32699999958277
 30
-63.474
  0
VERTEX
  5
9FC
330
9F7
100
AcDbEntity
  8
Asfalto
100
AcDbVertex
100
AcDb2dVertex
 10
19.25099999998929
 20
37.921999999322
 30
-63.474
  0
VERTEX
  5
9FD
330
9F7
100
AcDbEntity
  8
Asfalto
100
AcDbVertex
100
AcDb2dVertex
 10
17.11899999994784
 20
35.42100000008941
 30
-63.474
  0
VERTEX
  5
9FE
330
9F7
100
AcDbEntity
  8
Asfalto
100
AcDbVertex
100
AcDb2dVertex
 10
15.72800000000279
 20
31.72599999979138
 30
-63.474
  0
VERTEX
  5
9FF
330
9F7
100
AcDbEntity
  8
Asfalto
100
AcDbVertex
100
AcDb2dVertex
 10
12.72699999995529
 20
22.69599999953062
 30
-63.474
  0
VERTEX
  5
A00
330
9F7
100
AcDbEntity
  8
Asfalto
100
AcDbVertex
100
AcDb2dVertex
 10
11.80799999996088
 20
20.04199999943375
 30
-63.474
  0
VERTEX
  5
A01
330
9F7
100
AcDbEntity
  8
Asfalto
100
AcDbVertex
100
AcDb2dVertex
 10
9.962999999988824
 20
15.25100000016391
 30
-63.474
  0
VERTEX
  5
A02
330
9F7
100
AcDbEntity
  8
Asfalto
100
AcDbVertex
100
AcDb2dVertex
 10
9.627999999967869
 20
14.50299999956041
 30
-63.474
  0
VERTEX
  5
A03
330
9F7
100
AcDbEntity
  8
Asfalto
100
AcDbVertex
100
AcDb2dVertex
 10
7.816999999980907
 20
10.37299999967217
 30
-63.474
  0
VERTEX
  5
A04
330
9F7
100
AcDbEntity
  8
Asfalto
100
AcDbVertex
100
AcDb2dVertex
 10
3.257999999972525
 20
0.6019999999552966
 30
-63.474
  0
SEQEND
  5
A05
330
9F7
100
AcDbEntity
  8
Asfalto
  0
POLYLINE
  5
A09
330
1F
100
AcDbEntity
  8
Lin-blanca
100
AcDb2dPolyline
 66
     1
 10
0.0
 20
0.0
 30
-63.474
 70
   128
  0
VERTEX
  5
A0A
330
A09
100
AcDbEntity
  8
Lin-blanca
100
AcDbVertex
100
AcDb2dVertex
 10
57.38799999997718
 20
35.12399999983609
 30
-63.474
  0
VERTEX
  5
A0B
330
A09
100
AcDbEntity
  8
Lin-blanca
100
AcDbVertex
100
AcDb2dVertex
 10
43.10099999996601
 20
38.35900000017137
 30
-63.474
  0
VERTEX
  5
A0C
330
A09
100
AcDbEntity
  8
Lin-blanca
100
AcDbVertex
100
AcDb2dVertex
 10
34.94099999999162
 20
40.32099999953061
 30
-63.474
  0
VERTEX
  5
A0D
330
A09
100
AcDbEntity
  8
Lin-blanca
100
AcDbVertex
100
AcDb2dVertex
 10
32.14299999998184
 20
40.99699999950826
 30
-63.474
  0
SEQEND
  5
A0E
330
A09
100
AcDbEntity
  8
Lin-blanca
  0
POLYLINE
  5
A0F
330
1F
100
AcDbEntity
  8
Lin-blanca
100
AcDb2dPolyline
 66
     1
 10
0.0
 20
0.0
 30
-63.474
 70
   128
  0
VERTEX
  5
A10
330
A0F
100
AcDbEntity
  8
Lin-blanca
100
AcDbVertex
100
AcDb2dVertex
 10
18.03499999997439
 20
44.48099999967962
 30
-63.474
  0
VERTEX
  5
A11
330
A0F
100
AcDbEntity
  8
Lin-blanca
100
AcDbVertex
100
AcDb2dVertex
 10
25.27700000000186
 20
42.66899999976158
 30
-63.474
  0
SEQEND
  5
A12
330
A0F
100
AcDbEntity
  8
Lin-blanca
  0
POLYLINE
  5
A13
330
1F
100
AcDbEntity
  8
Muro
100
AcDb2dPolyline
 66
     1
 10
0.0
 20
0.0
 30
-63.474
 70
   128
  0
VERTEX
  5
A14
330
A13
100
AcDbEntity
  8
Muro
100
AcDbVertex
100
AcDb2dVertex
 10
37.04199999995763
 20
1.235999999567866
 30
-63.474
  0
VERTEX
  5
A15
330
A13
100
AcDbEntity
  8
Muro
100
AcDbVertex
100
AcDb2dVertex
 10
38.28099999995902
 20
3.4449999993667
 30
-63.474
  0
VERTEX
  5
A16
330
A13
100
AcDbEntity
  8
Muro
100
AcDbVertex
100
AcDb2dVertex
 10
44.82499999995343
 20
14.77699999976903
 30
-63.474
  0
VERTEX
  5
A17
330
A13
100
AcDbEntity
  8
Muro
100
AcDbVertex
100
AcDb2dVertex
 10
49.72099999996135
 20
23.42100000008941
 30
-63.474
  0
VERTEX
  5
A18
330
A13
100
AcDbEntity
  8
Muro
100
AcDbVertex
100
AcDb2dVertex
 10
54.07999999995809
 20
30.7739999992773
 30
-63.474
  0
SEQEND
  5
A19
330
A13
100
AcDbEntity
  8
Muro
  0
POLYLINE
  5
A1D
102
{ACAD_REACTORS
330
2258
102
}
330
1F
100
AcDbEntity
  8
Rigola
100
AcDb2dPolyline
 66
     1
 10
0.0
 20
0.0
 30
8.932000000000009
 70
   128
  0
VERTEX
  5
A1E
330
A1D
100
AcDbEntity
  8
Rigola
100
AcDbVertex
100
AcDb2dVertex
 10
55.81500000000232
 20
32.36400000005961
 30
8.932000000000009
  0
VERTEX
  5
A1F
330
A1D
100
AcDbEntity
  8
Rigola
100
AcDbVertex
100
AcDb2dVertex
 10
42.55899999995017
 20
35.44699999969453
 30
8.932000000000009
  0
VERTEX
  5
A20
330
A1D
100
AcDbEntity
  8
Rigola
100
AcDbVertex
100
AcDb2dVertex
 10
34.7390000000014
 20
37.31300000008196
 30
8.932000000000009
  0
VERTEX
  5
A21
330
A1D
100
AcDbEntity
  8
Rigola
100
AcDbVertex
100
AcDb2dVertex
 10
31.19899999996415
 20
38.16899999976158
 30
8.932000000000009
  0
SEQEND
  5
A22
330
A1D
100
AcDbEntity
  8
Rigola
  0
POLYLINE
  5
A23
330
1F
100
AcDbEntity
  8
Bordillo
100
AcDb2dPolyline
 66
     1
 10
0.0
 20
0.0
 30
-63.474
 70
   128
  0
VERTEX
  5
A24
330
A23
100
AcDbEntity
  8
Bordillo
100
AcDbVertex
100
AcDb2dVertex
 10
31.70499999995809
 20
38.04299999959767
 30
-63.474
  0
VERTEX
  5
A25
330
A23
100
AcDbEntity
  8
Bordillo
100
AcDbVertex
100
AcDb2dVertex
 10
31.19899999996415
 20
38.16899999976158
 30
-63.474
  0
SEQEND
  5
A26
330
A23
100
AcDbEntity
  8
Bordillo
  0
INSERT
  5
A31
330
1F
100
AcDbEntity
  8
Rigola
100
AcDbBlockReference
  2
lb-cebra
 10
30.80628982844064
 20
43.27526206057519
 30
-63.474
 50
256.5282231373732
  0
INSERT
  5
A32
330
1F
100
AcDbEntity
  8
Rigola
100
AcDbBlockReference
  2
lb-cebra
 10
31.0392561875633
 20
44.24774685502052
 30
-63.474
 50
256.5282231373732
  0
POLYLINE
  5
A33
330
1F
100
AcDbEntity
  8
Lin-blancaSOM
100
AcDb2dPolyline
 66
     1
 10
0.0
 20
0.0
 30
-63.474
 40
0.5
 41
0.5
  0
VERTEX
  5
A34
330
A33
100
AcDbEntity
  8
Lin-blancaSOM
100
AcDbVertex
100
AcDb2dVertex
 10
16.7320783631294
 20
35.52857285737991
 30
-63.474
  0
VERTEX
  5
A35
330
A33
100
AcDbEntity
  8
Lin-blancaSOM
100
AcDbVertex
100
AcDb2dVertex
 10
15.19620710896561
 20
31.04192270338535
 30
-63.474
  0
SEQEND
  5
A36
330
A33
100
AcDbEntity
  8
Lin-blancaSOM
  0
POLYLINE
  5
A37
330
1F
100
AcDbEntity
  8
Lin-blancaSOM
100
AcDb2dPolyline
 66
     1
 10
0.0
 20
0.0
 30
-63.474
 40
0.5
 41
0.5
  0
VERTEX
  5
A38
330
A37
100
AcDbEntity
  8
Lin-blancaSOM
100
AcDbVertex
100
AcDb2dVertex
 10
15.78597669245209
 20
35.85244262870401
 30
-63.474
  0
VERTEX
  5
A39
330
A37
100
AcDbEntity
  8
Lin-blancaSOM
100
AcDbVertex
100
AcDb2dVertex
 10
14.2501054382883
 20
31.36579247470945
 30
-63.474
  0
SEQEND
  5
A3A
330
A37
100
AcDbEntity
  8
Lin-blancaSOM
  0
POLYLINE
  5
A3B
330
1F
100
AcDbEntity
  8
Lin-blancaSOM
100
AcDb2dPolyline
 66
     1
 10
0.0
 20
0.0
 30
-63.474
 40
0.5
 41
0.5
  0
VERTEX
  5
A3C
330
A3B
100
AcDbEntity
  8
Lin-blancaSOM
100
AcDbVertex
100
AcDb2dVertex
 10
14.83987502183299
 20
36.17631240002811
 30
-63.474
  0
VERTEX
  5
A3D
330
A3B
100
AcDbEntity
  8
Lin-blancaSOM
100
AcDbVertex
100
AcDb2dVertex
 10
13.3040037676692
 20
31.68966224603355
 30
-63.474
  0
SEQEND
  5
A3E
330
A3B
100
AcDbEntity
  8
Lin-blancaSOM
  0
POLYLINE
  5
A3F
330
1F
100
AcDbEntity
  8
Lin-blancaSOM
100
AcDb2dPolyline
 66
     1
 10
0.0
 20
0.0
 30
-63.474
 40
0.5
 41
0.5
  0
VERTEX
  5
A40
330
A3F
100
AcDbEntity
  8
Lin-blancaSOM
100
AcDbVertex
100
AcDb2dVertex
 10
13.89377335115568
 20
36.50018217135221
 30
-63.474
  0
VERTEX
  5
A41
330
A3F
100
AcDbEntity
  8
Lin-blancaSOM
100
AcDbVertex
100
AcDb2dVertex
 10
12.35790209699189
 20
32.01353201735765
 30
-63.474
  0
SEQEND
  5
A42
330
A3F
100
AcDbEntity
  8
Lin-blancaSOM
  0
POLYLINE
  5
A43
330
1F
100
AcDbEntity
  8
Muro
100
AcDb2dPolyline
 66
     1
 10
0.0
 20
0.0
 30
-63.474
  0
VERTEX
  5
A44
330
A43
100
AcDbEntity
  8
Muro
100
AcDbVertex
100
AcDb2dVertex
 10
37.26004397787619
 20
1.113701906055212
 30
-63.474
  0
VERTEX
  5
A45
330
A43
100
AcDbEntity
  8
Muro
100
AcDbVertex
100
AcDb2dVertex
 10
38.49827762821224
 20
3.321335589513182
 30
-63.474
  0
VERTEX
  5
A46
330
A43
100
AcDbEntity
  8
Muro
100
AcDbVertex
100
AcDb2dVertex
 10
45.0420158910565
 20
14.65288234967738
 30
-63.474
  0
VERTEX
  5
A47
330
A43
100
AcDbEntity
  8
Muro
100
AcDbVertex
100
AcDb2dVertex
 10
49.93726462341147
 20
23.2955559687689
 30
-63.474
  0
VERTEX
  5
A48
330
A43
100
AcDbEntity
  8
Muro
100
AcDbVertex
100
AcDb2dVertex
 10
54.20851835916983
 20
30.48795450106263
 30
-63.474
  0
SEQEND
  5
A49
330
A43
100
AcDbEntity
  8
Muro
  0
POLYLINE
  5
A4A
330
1F
100
AcDbEntity
  8
Muro
100
AcDb2dPolyline
 66
     1
 10
0.0
 20
0.0
 30
-63.474
  0
VERTEX
  5
A4B
330
A4A
100
AcDbEntity
  8
Muro
100
AcDbVertex
100
AcDb2dVertex
 10
54.07999999995809
 20
30.7739999992773
 30
-63.474
  0
VERTEX
  5
A4C
330
A4A
100
AcDbEntity
  8
Muro
100
AcDbVertex
100
AcDb2dVertex
 10
56.26685395900858
 20
30.27150963619352
 30
-63.474
  0
SEQEND
  5
A4D
330
A4A
100
AcDbEntity
  8
Muro
  0
POLYLINE
  5
A4E
330
1F
100
AcDbEntity
  8
Muro
100
AcDb2dPolyline
 66
     1
 10
0.0
 20
0.0
 30
-63.474
  0
VERTEX
  5
A4F
330
A4E
100
AcDbEntity
  8
Muro
100
AcDbVertex
100
AcDb2dVertex
 10
54.20851835882058
 20
30.48795450106263
 30
-63.474
  0
VERTEX
  5
A50
330
A4E
100
AcDbEntity
  8
Muro
100
AcDbVertex
100
AcDb2dVertex
 10
56.20617878547637
 20
30.02893660031259
 30
-63.474
  0
SEQEND
  5
A51
330
A4E
100
AcDbEntity
  8
Muro
  0
LINE
  5
A91
330
1F
100
AcDbEntity
  8
Talud
100
AcDbLine
 10
14.79045321641024
 20
12.00145134888589
 30
-63.474
 11
13.58845659287181
 21
12.34453168511391
 31
-63.474
  0
POLYLINE
  5
B3A
102
{ACAD_REACTORS
330
2205
102
}
330
1F
100
AcDbEntity
  8
1cv
100
AcDb2dPolyline
 66
     1
 10
0.0
 20
0.0
 30
7.526000000000003
 70
     2
  0
VERTEX
  5
B3B
330
B3A
100
AcDbEntity
  8
1cv
100
AcDbVertex
100
AcDb2dVertex
 10
46.12497241375968
 20
17.07213103398681
 30
7.526000000000003
  0
VERTEX
  5
B3C
330
B3A
100
AcDbEntity
  8
1cv
100
AcDbVertex
100
AcDb2dVertex
 10
45.7636368406238
 20
19.8008225094527
 30
7.526000000000003
  0
VERTEX
  5
B3D
330
B3A
100
AcDbEntity
  8
1cv
100
AcDbVertex
100
AcDb2dVertex
 10
45.40230126754614
 20
22.52951398491859
 30
7.526000000000003
 42
0.0224634220968582
  0
VERTEX
  5
B3E
330
B3A
100
AcDbEntity
  8
1cv
100
AcDbVertex
100
AcDb2dVertex
 10
44.99592938960995
 20
24.80696932133287
 30
7.526000000000003
 42
0.1142147915899578
 70
     1
  0
VERTEX
  5
B3F
330
B3A
100
AcDbEntity
  8
1cv
100
AcDbVertex
100
AcDb2dVertex
 10
44.79598136642017
 20
25.22201863303781
 30
7.526000000000003
 42
0.0072115856184253
  0
VERTEX
  5
B40
330
B3A
100
AcDbEntity
  8
1cv
100
AcDbVertex
100
AcDb2dVertex
 10
44.71177886275109
 20
25.32387371733785
 30
7.526000000000003
 42
0.0154204610301001
 70
     1
  0
VERTEX
  5
B41
330
B3A
100
AcDbEntity
  8
1cv
100
AcDbVertex
100
AcDb2dVertex
 10
44.67027780337957
 20
25.36968561075628
 30
7.526000000000003
 42
0.0132966513973839
  0
VERTEX
  5
B42
330
B3A
100
AcDbEntity
  8
1cv
100
AcDbVertex
100
AcDb2dVertex
 10
44.50924641249002
 20
25.52812981419265
 30
7.526000000000003
 42
-0.0184996595064403
 70
     1
  0
VERTEX
  5
B43
330
B3A
100
AcDbEntity
  8
1cv
100
AcDbVertex
100
AcDb2dVertex
 10
44.39467752061318
 20
25.64322822727263
 30
7.526000000000003
 42
-0.0102137809273918
  0
VERTEX
  5
B44
330
B3A
100
AcDbEntity
  8
1cv
100
AcDbVertex
100
AcDb2dVertex
 10
44.31132394669112
 20
25.73718470707536
 30
7.526000000000003
 42
-0.0186981162106795
 70
     1
  0
VERTEX
  5
B45
330
B3A
100
AcDbEntity
  8
1cv
100
AcDbVertex
100
AcDb2dVertex
 10
44.26882380951428
 20
25.7910666661337
 30
7.526000000000003
 42
-0.021251857451041
  0
VERTEX
  5
B46
330
B3A
100
AcDbEntity
  8
1cv
100
AcDbVertex
100
AcDb2dVertex
 10
44.22909479064401
 20
25.85066534206271
 30
7.526000000000003
 42
-0.0102106496824172
 70
     1
  0
VERTEX
  5
B47
330
B3A
100
AcDbEntity
  8
1cv
100
AcDbVertex
100
AcDb2dVertex
 10
44.1543941986747
 20
25.97961952351034
 30
7.526000000000003
 42
-0.0244470330548271
  0
VERTEX
  5
B48
330
B3A
100
AcDbEntity
  8
1cv
100
AcDbVertex
100
AcDb2dVertex
 10
44.04567091440549
 20
26.20143395382911
 30
7.526000000000003
 42
0.0310416895837815
 70
     1
  0
VERTEX
  5
B49
330
B3A
100
AcDbEntity
  8
1cv
100
AcDbVertex
100
AcDb2dVertex
 10
43.9577184986556
 20
26.3750446876511
 30
7.526000000000003
 42
0.0036166264291012
  0
VERTEX
  5
B4A
330
B3A
100
AcDbEntity
  8
1cv
100
AcDbVertex
100
AcDb2dVertex
 10
43.87765136209782
 20
26.50915890559554
 30
7.526000000000003
 42
0.0087403840320975
 70
     1
  0
VERTEX
  5
B4B
330
B3A
100
AcDbEntity
  8
1cv
100
AcDbVertex
100
AcDb2dVertex
 10
43.84315751789836
 20
26.56382100190967
 30
7.526000000000003
  0
VERTEX
  5
B4C
330
B3A
100
AcDbEntity
  8
1cv
100
AcDbVertex
100
AcDb2dVertex
 10
42.39166862226556
 20
28.77728653606027
 30
7.526000000000003
  0
VERTEX
  5
B4D
330
B3A
100
AcDbEntity
  8
1cv
100
AcDbVertex
100
AcDb2dVertex
 10
40.94017972657456
 20
30.99075206927955
 30
7.526000000000003
 42
0.0224634259112315
  0
VERTEX
  5
B4E
330
B3A
100
AcDbEntity
  8
1cv
100
AcDbVertex
100
AcDb2dVertex
 10
40.64698806998785
 20
31.39684333279729
 30
7.526000000000003
 42
0.0052213845929092
 70
     1
  0
VERTEX
  5
B4F
330
B3A
100
AcDbEntity
  8
1cv
100
AcDbVertex
100
AcDb2dVertex
 10
39.29152670077747
 20
33.0706561813131
 30
7.526000000000003
 42
0.0008877228051558
  0
VERTEX
  5
B50
330
B3A
100
AcDbEntity
  8
1cv
100
AcDbVertex
100
AcDb2dVertex
 10
39.0600803255802
 20
33.34942717477679
 30
7.526000000000003
 42
0.002664438048925
 70
     1
  0
VERTEX
  5
B51
330
B3A
100
AcDbEntity
  8
1cv
100
AcDbVertex
100
AcDb2dVertex
 10
38.98231004487025
 20
33.44175673089921
 30
7.526000000000003
 42
0.025856165105282
  0
VERTEX
  5
B52
330
B3A
100
AcDbEntity
  8
1cv
100
AcDbVertex
100
AcDb2dVertex
 10
38.78861867950764
 20
33.64675589744002
 30
7.526000000000003
 42
-0.0106352744408986
 70
     1
  0
VERTEX
  5
B53
330
B3A
100
AcDbEntity
  8
1cv
100
AcDbVertex
100
AcDb2dVertex
 10
38.30304570676526
 20
34.13031666912138
 30
7.526000000000003
 42
-0.0178778422185848
  0
VERTEX
  5
B54
330
B3A
100
AcDbEntity
  8
1cv
100
AcDbVertex
100
AcDb2dVertex
 10
38.0017873464385
 20
34.46664261072874
 30
7.526000000000003
 42
-0.2354220343261849
 70
     1
  0
VERTEX
  5
B55
330
B3A
100
AcDbEntity
  8
1cv
100
AcDbVertex
100
AcDb2dVertex
 10
37.99345957441256
 20
34.50184822641313
 30
7.526000000000003
 42
-0.096464250741855
  0
VERTEX
  5
B56
330
B3A
100
AcDbEntity
  8
1cv
100
AcDbVertex
100
AcDb2dVertex
 10
38.00818779214751
 20
34.53461033571512
 30
7.526000000000003
 42
-0.0178787541828279
 70
     1
  0
VERTEX
  5
B57
330
B3A
100
AcDbEntity
  8
1cv
100
AcDbVertex
100
AcDb2dVertex
 10
38.12451990426053
 20
34.6874577626586
 30
7.526000000000003
 42
-0.0078169643273512
  0
VERTEX
  5
B58
330
B3A
100
AcDbEntity
  8
1cv
100
AcDbVertex
100
AcDb2dVertex
 10
38.3016895215842
 20
34.89696855191141
 30
7.526000000000003
 42
0.0118774414353056
 70
     1
  0
VERTEX
  5
B59
330
B3A
100
AcDbEntity
  8
1cv
100
AcDbVertex
100
AcDb2dVertex
 10
38.41717666294426
 20
35.03580816648901
 30
7.526000000000003
 42
0.013813529007097
  0
VERTEX
  5
B5A
330
B3A
100
AcDbEntity
  8
1cv
100
AcDbVertex
100
AcDb2dVertex
 10
38.52494831231889
 20
35.17981727607548
 30
7.526000000000003
 42
0.0519574181532265
 70
     1
  0
VERTEX
  5
B5B
330
B3A
100
AcDbEntity
  8
1cv
100
AcDbVertex
100
AcDb2dVertex
 10
38.54839405935491
 20
35.22163366340101
 30
7.526000000000003
 42
0.0303642484422313
  0
VERTEX
  5
B5C
330
B3A
100
AcDbEntity
  8
1cv
100
AcDbVertex
100
AcDb2dVertex
 10
38.56260059063789
 20
35.26098245102912
 30
7.526000000000003
 42
0.0138116092636186
 70
     1
  0
VERTEX
  5
B5D
330
B3A
100
AcDbEntity
  8
1cv
100
AcDbVertex
100
AcDb2dVertex
 10
38.58606282190886
 20
35.34984211344272
 30
7.526000000000003
 42
0.0137532650793621
  0
VERTEX
  5
B5E
330
B3A
100
AcDbEntity
  8
1cv
100
AcDbVertex
100
AcDb2dVertex
 10
38.61189017386641
 20
35.47530567087233
 30
7.526000000000003
 42
-0.0126306849179164
 70
     1
  0
VERTEX
  5
B5F
330
B3A
100
AcDbEntity
  8
1cv
100
AcDbVertex
100
AcDb2dVertex
 10
38.639705422509
 20
35.61197878886015
 30
7.526000000000003
 42
-0.0551098095506449
  0
VERTEX
  5
B60
330
B3A
100
AcDbEntity
  8
1cv
100
AcDbVertex
100
AcDb2dVertex
 10
38.67179460718762
 20
35.70381882507354
 30
7.526000000000003
 42
0.1478192295591459
 70
     1
  0
VERTEX
  5
B61
330
B3A
100
AcDbEntity
  8
1cv
100
AcDbVertex
100
AcDb2dVertex
 10
38.67741634236882
 20
35.74033852107823
 30
7.526000000000003
  0
VERTEX
  5
B62
330
B3A
100
AcDbEntity
  8
1cv
100
AcDbVertex
100
AcDb2dVertex
 10
38.65024183306378
 20
35.93209695536643
 30
7.526000000000003
  0
VERTEX
  5
B63
330
B3A
100
AcDbEntity
  8
1cv
100
AcDbVertex
100
AcDb2dVertex
 10
38.62306732375873
 20
36.12385538872331
 30
7.526000000000003
 42
-0.0224634208089817
  0
VERTEX
  5
B64
330
B3A
100
AcDbEntity
  8
1cv
100
AcDbVertex
100
AcDb2dVertex
 10
38.60589065664681
 20
36.30249948427081
 30
7.526000000000003
 42
-0.2529684953880544
 70
     1
  0
VERTEX
  5
B65
330
B3A
100
AcDbEntity
  8
1cv
100
AcDbVertex
100
AcDb2dVertex
 10
38.61317997291917
 20
36.31779972929507
 30
7.526000000000003
 42
-0.1504871880611326
  0
VERTEX
  5
B66
330
B3A
100
AcDbEntity
  8
1cv
100
AcDbVertex
100
AcDb2dVertex
 10
38.62763307464775
 20
36.32278126198798
 30
7.526000000000003
 42
-0.0179685873036527
 70
     1
  0
VERTEX
  5
B67
330
B3A
100
AcDbEntity
  8
1cv
100
AcDbVertex
100
AcDb2dVertex
 10
38.75287080579438
 20
36.32243704050779
 30
7.526000000000003
 42
-0.0101212153966072
  0
VERTEX
  5
B68
330
B3A
100
AcDbEntity
  8
1cv
100
AcDbVertex
100
AcDb2dVertex
 10
38.94906980067026
 20
36.31086289416999
 30
7.526000000000003
 42
0.0238783022783375
 70
     1
  0
VERTEX
  5
B69
330
B3A
100
AcDbEntity
  8
1cv
100
AcDbVertex
100
AcDb2dVertex
 10
39.0323744432535
 20
36.30824478249997
 30
7.526000000000003
 42
0.0086550338527507
  0
VERTEX
  5
B6A
330
B3A
100
AcDbEntity
  8
1cv
100
AcDbVertex
100
AcDb2dVertex
 10
39.10420353390509
 20
36.31066197808832
 30
7.526000000000003
 42
-0.0091393154687141
 70
     1
  0
VERTEX
  5
B6B
330
B3A
100
AcDbEntity
  8
1cv
100
AcDbVertex
100
AcDb2dVertex
 10
39.17222950817086
 20
36.31288524530828
 30
7.526000000000003
 42
-0.0107967182458081
  0
VERTEX
  5
B6C
330
B3A
100
AcDbEntity
  8
1cv
100
AcDbVertex
100
AcDb2dVertex
 10
39.25213592295768
 20
36.31230993103236
 30
7.526000000000003
 42
0.0091641031284345
 70
     1
  0
VERTEX
  5
B6D
330
B3A
100
AcDbEntity
  8
1cv
100
AcDbVertex
100
AcDb2dVertex
 10
39.3462720985408
 20
36.31132479663938
 30
7.526000000000003
 42
0.0238967389368817
  0
VERTEX
  5
B6E
330
B3A
100
AcDbEntity
  8
1cv
100
AcDbVertex
100
AcDb2dVertex
 10
39.44999275280861
 20
36.31710255332291
 30
7.526000000000003
 42
-0.0101419450693777
 70
     1
  0
VERTEX
  5
B6F
330
B3A
100
AcDbEntity
  8
1cv
100
AcDbVertex
100
AcDb2dVertex
 10
39.69380144315073
 20
36.33742176834494
 30
7.526000000000003
 42
-0.1167230880589377
  0
VERTEX
  5
B70
330
B3A
100
AcDbEntity
  8
1cv
100
AcDbVertex
100
AcDb2dVertex
 10
39.83659236849053
 20
36.31297994591296
 30
7.526000000000003
 42
0.5664877658402533
 70
     1
  0
VERTEX
  5
B71
330
B3A
100
AcDbEntity
  8
1cv
100
AcDbVertex
100
AcDb2dVertex
 10
39.86804858298274
 20
36.33586234785616
 30
7.526000000000003
  0
VERTEX
  5
B72
330
B3A
100
AcDbEntity
  8
1cv
100
AcDbVertex
100
AcDb2dVertex
 10
39.83728439436527
 20
36.68087027128786
 30
7.526000000000003
  0
VERTEX
  5
B73
330
B3A
100
AcDbEntity
  8
1cv
100
AcDbVertex
100
AcDb2dVertex
 10
39.80652020580601
 20
37.02587819378823
 30
7.526000000000003
 42
-0.022463420475518
  0
VERTEX
  5
B74
330
B3A
100
AcDbEntity
  8
1cv
100
AcDbVertex
100
AcDb2dVertex
 10
39.80141822731821
 20
37.14171783532947
 30
7.526000000000003
 42
-0.0112454152746217
 70
     1
  0
VERTEX
  5
B75
330
B3A
100
AcDbEntity
  8
1cv
100
AcDbVertex
100
AcDb2dVertex
 10
39.80683426966425
 20
37.37318820226938
 30
7.526000000000003
  0
SEQEND
  5
B76
330
B3A
100
AcDbEntity
  8
1cv
  0
POLYLINE
  5
B77
102
{ACAD_REACTORS
330
2205
102
}
330
1F
100
AcDbEntity
  8
1cv
100
AcDb2dPolyline
 66
     1
 10
0.0
 20
0.0
 30
7.526000000000003
 70
     2
  0
VERTEX
  5
B78
330
B77
100
AcDbEntity
  8
1cv
100
AcDbVertex
100
AcDb2dVertex
 10
39.80683426966425
 20
37.37318820226938
 30
7.526000000000003
  0
VERTEX
  5
B79
330
B77
100
AcDbEntity
  8
1cv
100
AcDbVertex
100
AcDb2dVertex
 10
39.75798505498096
 20
37.97755519207567
 30
7.526000000000003
  0
VERTEX
  5
B7A
330
B77
100
AcDbEntity
  8
1cv
100
AcDbVertex
100
AcDb2dVertex
 10
39.70913584029768
 20
38.58192218188197
 30
7.526000000000003
  0
VERTEX
  5
B7B
330
B77
100
AcDbEntity
  8
1cv
100
AcDbVertex
100
AcDb2dVertex
 10
39.39376526683064
 20
42.48371588967539
 30
7.526000000000003
  0
SEQEND
  5
B7C
330
B77
100
AcDbEntity
  8
1cv
  0
POLYLINE
  5
C92
102
{ACAD_REACTORS
330
215C
102
}
330
1F
100
AcDbEntity
  8
1cv
100
AcDb2dPolyline
 66
     1
 10
0.0
 20
0.0
 30
5.026000000000003
 70
     2
  0
VERTEX
  5
C93
330
C92
100
AcDbEntity
  8
1cv
100
AcDbVertex
100
AcDb2dVertex
 10
21.84879772074055
 20
5.008960113860666
 30
5.026000000000003
  0
VERTEX
  5
C94
330
C92
100
AcDbEntity
  8
1cv
100
AcDbVertex
100
AcDb2dVertex
 10
21.21445316140307
 20
6.113571523688733
 30
5.026000000000003
  0
VERTEX
  5
C95
330
C92
100
AcDbEntity
  8
1cv
100
AcDbVertex
100
AcDb2dVertex
 10
20.58010860206559
 20
7.218182932585477
 30
5.026000000000003
 42
-0.0224634202018401
  0
VERTEX
  5
C96
330
C92
100
AcDbEntity
  8
1cv
100
AcDbVertex
100
AcDb2dVertex
 10
20.47270812315401
 20
7.426323268562555
 30
5.026000000000003
 42
-0.0050405117460426
 70
     1
  0
VERTEX
  5
C97
330
C92
100
AcDbEntity
  8
1cv
100
AcDbVertex
100
AcDb2dVertex
 10
20.04599014774431
 20
8.378369458019733
 30
5.026000000000003
  0
VERTEX
  5
C98
330
C92
100
AcDbEntity
  8
1cv
100
AcDbVertex
100
AcDb2dVertex
 10
18.7302751809475
 20
11.39496192429215
 30
5.026000000000003
  0
VERTEX
  5
C99
330
C92
100
AcDbEntity
  8
1cv
100
AcDbVertex
100
AcDb2dVertex
 10
17.4145602141507
 20
14.41155439056456
 30
5.026000000000003
 42
-0.0224634209640456
  0
VERTEX
  5
C9A
330
C92
100
AcDbEntity
  8
1cv
100
AcDbVertex
100
AcDb2dVertex
 10
16.42131252400577
 20
17.00024320371449
 30
5.026000000000003
 42
-0.1158796542588071
 70
     1
  0
VERTEX
  5
C9B
330
C92
100
AcDbEntity
  8
1cv
100
AcDbVertex
100
AcDb2dVertex
 10
16.37199148937361
 20
17.5424382975325
 30
5.026000000000003
 42
-0.0002304065156157
  0
VERTEX
  5
C9C
330
C92
100
AcDbEntity
  8
1cv
100
AcDbVertex
100
AcDb2dVertex
 10
16.37299986230209
 20
17.54956931527704
 30
5.026000000000003
 42
-0.0152485140263692
 70
     1
  0
VERTEX
  5
C9D
330
C92
100
AcDbEntity
  8
1cv
100
AcDbVertex
100
AcDb2dVertex
 10
16.37301842990564
 20
17.54967656265944
 30
5.026000000000003
 42
-0.0114653667744047
  0
VERTEX
  5
C9E
330
C92
100
AcDbEntity
  8
1cv
100
AcDbVertex
100
AcDb2dVertex
 10
16.3746503770817
 20
17.55681164562702
 30
5.026000000000003
 42
0.0292719145982378
 70
     1
  0
VERTEX
  5
C9F
330
C92
100
AcDbEntity
  8
1cv
100
AcDbVertex
100
AcDb2dVertex
 10
16.37628232431598
 20
17.5639467285946
 30
5.026000000000003
 42
0.006343659540937
  0
VERTEX
  5
CA0
330
C92
100
AcDbEntity
  8
1cv
100
AcDbVertex
100
AcDb2dVertex
 10
16.37707945727743
 20
17.56909417174756
 30
5.026000000000003
 42
0.015648533834441
 70
     1
  0
VERTEX
  5
CA1
330
C92
100
AcDbEntity
  8
1cv
100
AcDbVertex
100
AcDb2dVertex
 10
16.3773105906439
 20
17.57119348272681
 30
5.026000000000003
 42
0.0025470971034804
  0
VERTEX
  5
CA2
330
C92
100
AcDbEntity
  8
1cv
100
AcDbVertex
100
AcDb2dVertex
 10
16.37737284199102
 20
17.57204158604145
 30
5.026000000000003
 42
0.0063406941655322
 70
     1
  0
VERTEX
  5
CA3
330
C92
100
AcDbEntity
  8
1cv
100
AcDbVertex
100
AcDb2dVertex
 10
16.37739179044729
 20
17.5723826829344
 30
5.026000000000003
 42
0.0292863293088844
  0
VERTEX
  5
CA4
330
C92
100
AcDbEntity
  8
1cv
100
AcDbVertex
100
AcDb2dVertex
 10
16.3773730044486
 20
17.57357590366155
 30
5.026000000000003
 42
-0.03518300661913
 70
     1
  0
VERTEX
  5
CA5
330
C92
100
AcDbEntity
  8
1cv
100
AcDbVertex
100
AcDb2dVertex
 10
16.3773542183917
 20
17.57476912438869
 30
5.026000000000003
 42
-0.0067823027127568
  0
VERTEX
  5
CA6
330
C92
100
AcDbEntity
  8
1cv
100
AcDbVertex
100
AcDb2dVertex
 10
16.37739485618658
 20
17.57536442391574
 30
5.026000000000003
 42
0.01618160187405
 70
     1
  0
VERTEX
  5
CA7
330
C92
100
AcDbEntity
  8
1cv
100
AcDbVertex
100
AcDb2dVertex
 10
16.37743549403967
 20
17.57595972344279
 30
5.026000000000003
  0
VERTEX
  5
CA8
330
C92
100
AcDbEntity
  8
1cv
100
AcDbVertex
100
AcDb2dVertex
 10
16.37750689854147
 20
17.57795349881053
 30
5.026000000000003
  0
VERTEX
  5
CA9
330
C92
100
AcDbEntity
  8
1cv
100
AcDbVertex
100
AcDb2dVertex
 10
16.37757830304326
 20
17.57994727510959
 30
5.026000000000003
 42
-0.0224633905762327
  0
VERTEX
  5
CAA
330
C92
100
AcDbEntity
  8
1cv
100
AcDbVertex
100
AcDb2dVertex
 10
16.37761842121836
 20
17.5804432136938
 30
5.026000000000003
 42
-0.0074303331887935
 70
     1
  0
VERTEX
  5
CAB
330
C92
100
AcDbEntity
  8
1cv
100
AcDbVertex
100
AcDb2dVertex
 10
16.37782897031866
 20
17.58193193748593
 30
5.026000000000003
  0
VERTEX
  5
CAC
330
C92
100
AcDbEntity
  8
1cv
100
AcDbVertex
100
AcDb2dVertex
 10
16.82983694289578
 20
20.46794987935573
 30
5.026000000000003
  0
VERTEX
  5
CAD
330
C92
100
AcDbEntity
  8
1cv
100
AcDbVertex
100
AcDb2dVertex
 10
17.28184491541469
 20
23.35396782122552
 30
5.026000000000003
 42
-0.0625605006149995
  0
VERTEX
  5
CAE
330
C92
100
AcDbEntity
  8
1cv
100
AcDbVertex
100
AcDb2dVertex
 10
17.8000313542434
 20
25.15387321542949
 30
5.026000000000003
 42
0.1115616399432357
 70
     1
  0
VERTEX
  5
CAF
330
C92
100
AcDbEntity
  8
1cv
100
AcDbVertex
100
AcDb2dVertex
 10
17.99286789866164
 20
26.19542984291911
 30
5.026000000000003
  0
VERTEX
  5
CB0
330
C92
100
AcDbEntity
  8
1cv
100
AcDbVertex
100
AcDb2dVertex
 10
17.94611947395606
 20
27.38936913385987
 30
5.026000000000003
  0
VERTEX
  5
CB1
330
C92
100
AcDbEntity
  8
1cv
100
AcDbVertex
100
AcDb2dVertex
 10
17.89937104925047
 20
28.58330842480063
 30
5.026000000000003
 42
-0.033119805890681
  0
VERTEX
  5
CB2
330
C92
100
AcDbEntity
  8
1cv
100
AcDbVertex
100
AcDb2dVertex
 10
17.90980903385207
 20
28.96865527238697
 30
5.026000000000003
 42
0.0156955258952774
 70
     1
  0
VERTEX
  5
CB3
330
C92
100
AcDbEntity
  8
1cv
100
AcDbVertex
100
AcDb2dVertex
 10
17.96009190368932
 20
29.77984245121479
 30
5.026000000000003
  0
VERTEX
  5
CB4
330
C92
100
AcDbEntity
  8
1cv
100
AcDbVertex
100
AcDb2dVertex
 10
17.97668034076923
 20
30.32321680244058
 30
5.026000000000003
  0
VERTEX
  5
CB5
330
C92
100
AcDbEntity
  8
1cv
100
AcDbVertex
100
AcDb2dVertex
 10
17.99326877779094
 20
30.8665911545977
 30
5.026000000000003
 42
-0.0499434443129061
  0
VERTEX
  5
CB6
330
C92
100
AcDbEntity
  8
1cv
100
AcDbVertex
100
AcDb2dVertex
 10
18.03221033047885
 20
31.16370545700192
 30
5.026000000000003
 42
0.0610429527490188
 70
     1
  0
VERTEX
  5
CB7
330
C92
100
AcDbEntity
  8
1cv
100
AcDbVertex
100
AcDb2dVertex
 10
18.05871653539361
 20
31.40774015709758
 30
5.026000000000003
 42
0.026116486519665
  0
VERTEX
  5
CB8
330
C92
100
AcDbEntity
  8
1cv
100
AcDbVertex
100
AcDb2dVertex
 10
18.05123110977001
 20
31.52105415705591
 30
5.026000000000003
 42
-0.0234409511360288
 70
     1
  0
VERTEX
  5
CB9
330
C92
100
AcDbEntity
  8
1cv
100
AcDbVertex
100
AcDb2dVertex
 10
18.0422174744308
 20
31.64723861962557
 30
5.026000000000003
 42
-0.0157965871200861
  0
VERTEX
  5
CBA
330
C92
100
AcDbEntity
  8
1cv
100
AcDbVertex
100
AcDb2dVertex
 10
18.04350224119844
 20
31.82685343641788
 30
5.026000000000003
 42
0.0094222973797007
 70
     1
  0
VERTEX
  5
CBB
330
C92
100
AcDbEntity
  8
1cv
100
AcDbVertex
100
AcDb2dVertex
 10
18.0494932346628
 20
32.12787939701229
 30
5.026000000000003
 42
0.0174568245400675
  0
VERTEX
  5
CBC
330
C92
100
AcDbEntity
  8
1cv
100
AcDbVertex
100
AcDb2dVertex
 10
18.04185304872226
 20
32.35346794780344
 30
5.026000000000003
 42
0.2500573682144915
 70
     1
  0
VERTEX
  5
CBD
330
C92
100
AcDbEntity
  8
1cv
100
AcDbVertex
100
AcDb2dVertex
 10
18.03297872334951
 20
32.36765957437456
 30
5.026000000000003
  0
VERTEX
  5
CBE
330
C92
100
AcDbEntity
  8
1cv
100
AcDbVertex
100
AcDb2dVertex
 10
17.80625459732255
 20
32.49804598651826
 30
5.026000000000003
  0
VERTEX
  5
CBF
330
C92
100
AcDbEntity
  8
1cv
100
AcDbVertex
100
AcDb2dVertex
 10
17.57953047129558
 20
32.62843239959329
 30
5.026000000000003
 42
0.0224634122923285
  0
VERTEX
  5
CC0
330
C92
100
AcDbEntity
  8
1cv
100
AcDbVertex
100
AcDb2dVertex
 10
17.51831438241061
 20
32.66006765887141
 30
5.026000000000003
 42
0.0079986246503911
 70
     1
  0
VERTEX
  5
CC1
330
C92
100
AcDbEntity
  8
1cv
100
AcDbVertex
100
AcDb2dVertex
 10
17.34138271602569
 20
32.738246913068
 30
5.026000000000003
 42
0.0082209906750547
  0
VERTEX
  5
CC2
330
C92
100
AcDbEntity
  8
1cv
100
AcDbVertex
100
AcDb2dVertex
 10
17.23020497558173
 20
32.78312092646956
 30
5.026000000000003
 42
0.0058445359517241
 70
     1
  0
VERTEX
  5
CC3
330
C92
100
AcDbEntity
  8
1cv
100
AcDbVertex
100
AcDb2dVertex
 10
17.07211308315163
 20
32.84181567374617
 30
5.026000000000003
 42
0.0248185990200718
  0
VERTEX
  5
CC4
330
C92
100
AcDbEntity
  8
1cv
100
AcDbVertex
100
AcDb2dVertex
 10
16.85643507580971
 20
32.90715989470482
 30
5.026000000000003
 42
-0.0158683427663898
 70
     1
  0
VERTEX
  5
CC5
330
C92
100
AcDbEntity
  8
1cv
100
AcDbVertex
100
AcDb2dVertex
 10
16.51745645201299
 20
33.00327355787158
 30
5.026000000000003
 42
-0.014787919565805
  0
VERTEX
  5
CC6
330
C92
100
AcDbEntity
  8
1cv
100
AcDbVertex
100
AcDb2dVertex
 10
16.28259233233984
 20
33.08571869786829
 30
5.026000000000003
 42
-0.0911605956104612
 70
     1
  0
VERTEX
  5
CC7
330
C92
100
AcDbEntity
  8
1cv
100
AcDbVertex
100
AcDb2dVertex
 10
16.24786868685623
 20
33.10695959627628
 30
5.026000000000003
 42
-0.0120695121762177
  0
VERTEX
  5
CC8
330
C92
100
AcDbEntity
  8
1cv
100
AcDbVertex
100
AcDb2dVertex
 10
16.23215207306202
 20
33.12174694612622
 30
5.026000000000003
 42
-0.0147865301933479
 70
     1
  0
VERTEX
  5
CC9
330
C92
100
AcDbEntity
  8
1cv
100
AcDbVertex
100
AcDb2dVertex
 10
16.21998892136616
 20
33.1344893714413
 30
5.026000000000003
 42
-0.0129702412347892
  0
VERTEX
  5
CCA
330
C92
100
AcDbEntity
  8
1cv
100
AcDbVertex
100
AcDb2dVertex
 10
16.19337660254678
 20
33.16566257551313
 30
5.026000000000003
 42
0.0141909919710994
 70
     1
  0
VERTEX
  5
CCB
330
C92
100
AcDbEntity
  8
1cv
100
AcDbVertex
100
AcDb2dVertex
 10
16.16898085840512
 20
33.19409879110754
 30
5.026000000000003
 42
0.0135634948692169
  0
VERTEX
  5
CCC
330
C92
100
AcDbEntity
  8
1cv
100
AcDbVertex
100
AcDb2dVertex
 10
16.16136685607489
 20
33.20203668996692
 30
5.026000000000003
 42
0.0052832164622469
 70
     1
  0
VERTEX
  5
CCD
330
C92
100
AcDbEntity
  8
1cv
100
AcDbVertex
100
AcDb2dVertex
 10
16.14106878306484
 20
33.22166137583554
 30
5.026000000000003
 42
0.072746869710974
  0
VERTEX
  5
CCE
330
C92
100
AcDbEntity
  8
1cv
100
AcDbVertex
100
AcDb2dVertex
 10
16.07230817747768
 20
33.26999923214316
 30
5.026000000000003
 42
0.0135610543187435
 70
     1
  0
VERTEX
  5
CCF
330
C92
100
AcDbEntity
  8
1cv
100
AcDbVertex
100
AcDb2dVertex
 10
15.66651474888203
 20
33.46122234035283
 30
5.026000000000003
 42
0.0135203601850552
  0
VERTEX
  5
CD0
330
C92
100
AcDbEntity
  8
1cv
100
AcDbVertex
100
AcDb2dVertex
 10
15.22158790251706
 20
33.64214382972568
 30
5.026000000000003
 42
-0.0111164667020057
 70
     1
  0
VERTEX
  5
CD1
330
C92
100
AcDbEntity
  8
1cv
100
AcDbVertex
100
AcDb2dVertex
 10
14.67942950938595
 20
33.85957165062428
 30
5.026000000000003
 42
-0.0159609569000191
  0
VERTEX
  5
CD2
330
C92
100
AcDbEntity
  8
1cv
100
AcDbVertex
100
AcDb2dVertex
 10
14.24472305027302
 20
34.06186727341264
 30
5.026000000000003
 42
-0.141492934159262
 70
     1
  0
VERTEX
  5
CD3
330
C92
100
AcDbEntity
  8
1cv
100
AcDbVertex
100
AcDb2dVertex
 10
14.20431386859855
 20
34.09940632618964
 30
5.026000000000003
  0
VERTEX
  5
CD4
330
C92
100
AcDbEntity
  8
1cv
100
AcDbVertex
100
AcDb2dVertex
 10
13.84694377874257
 20
34.69412871357054
 30
5.026000000000003
  0
VERTEX
  5
CD5
330
C92
100
AcDbEntity
  8
1cv
100
AcDbVertex
100
AcDb2dVertex
 10
13.48957368888659
 20
35.28885110188276
 30
5.026000000000003
 42
-0.0224634172538427
  0
VERTEX
  5
CD6
330
C92
100
AcDbEntity
  8
1cv
100
AcDbVertex
100
AcDb2dVertex
 10
13.37900220078882
 20
35.49310952797532
 30
5.026000000000003
 42
-0.0112454137841178
 70
     1
  0
VERTEX
  5
CD7
330
C92
100
AcDbEntity
  8
1cv
100
AcDbVertex
100
AcDb2dVertex
 10
13.18618666665861
 20
35.91491999942809
 30
5.026000000000003
  0
SEQEND
  5
CD8
330
C92
100
AcDbEntity
  8
1cv
  0
POLYLINE
  5
CD9
102
{ACAD_REACTORS
330
203B
102
}
330
1F
100
AcDbEntity
  8
1cv
100
AcDb2dPolyline
 66
     1
 10
0.0
 20
0.0
 30
4.526000000000003
 70
     2
  0
VERTEX
  5
CDA
330
CD9
100
AcDbEntity
  8
1cv
100
AcDbVertex
100
AcDb2dVertex
 10
11.26830591603338
 20
29.94486692236694
 30
4.526000000000003
  0
VERTEX
  5
CDB
330
CD9
100
AcDbEntity
  8
1cv
100
AcDbVertex
100
AcDb2dVertex
 10
12.54061440879013
 20
29.32835429534316
 30
4.526000000000003
  0
VERTEX
  5
CDC
330
CD9
100
AcDbEntity
  8
1cv
100
AcDbVertex
100
AcDb2dVertex
 10
13.05069178063422
 20
29.08119007106871
 30
4.526000000000003
 42
0.0224634208343381
  0
VERTEX
  5
CDD
330
CD9
100
AcDbEntity
  8
1cv
100
AcDbVertex
100
AcDb2dVertex
 10
13.33371333626564
 20
28.95942240394652
 30
4.526000000000003
 42
0.0265323762601411
 70
     1
  0
VERTEX
  5
CDE
330
CD9
100
AcDbEntity
  8
1cv
100
AcDbVertex
100
AcDb2dVertex
 10
13.58231578947743
 20
28.88024561386556
 30
4.526000000000003
 42
0.0125516984772152
  0
VERTEX
  5
CDF
330
CD9
100
AcDbEntity
  8
1cv
100
AcDbVertex
100
AcDb2dVertex
 10
13.70746508834418
 20
28.85091949999333
 30
4.526000000000003
 42
0.0100964882687297
 70
     1
  0
VERTEX
  5
CE0
330
CD9
100
AcDbEntity
  8
1cv
100
AcDbVertex
100
AcDb2dVertex
 10
13.86452983407071
 20
28.82154568098485
 30
4.526000000000003
 42
0.0199873378382021
  0
VERTEX
  5
CE1
330
CD9
100
AcDbEntity
  8
1cv
100
AcDbVertex
100
AcDb2dVertex
 10
14.12536009220639
 20
28.78884522244334
 30
4.526000000000003
 42
-0.0167140173789143
 70
     1
  0
VERTEX
  5
CE2
330
CD9
100
AcDbEntity
  8
1cv
100
AcDbVertex
100
AcDb2dVertex
 10
14.43748388416134
 20
28.75178717169911
 30
4.526000000000003
 42
-0.0133650612193396
  0
VERTEX
  5
CE3
330
CD9
100
AcDbEntity
  8
1cv
100
AcDbVertex
100
AcDb2dVertex
 10
14.65840645728167
 20
28.71196728013456
 30
4.526000000000003
 42
-0.0466293738454096
 70
     1
  0
VERTEX
  5
CE4
330
CD9
100
AcDbEntity
  8
1cv
100
AcDbVertex
100
AcDb2dVertex
 10
14.72003053431399
 20
28.69302290026098
 30
4.526000000000003
 42
-0.0280822873767151
  0
VERTEX
  5
CE5
330
CD9
100
AcDbEntity
  8
1cv
100
AcDbVertex
100
AcDb2dVertex
 10
14.77080822584685
 20
28.66864524409175
 30
4.526000000000003
 42
-0.0133629286533951
 70
     1
  0
VERTEX
  5
CE6
330
CD9
100
AcDbEntity
  8
1cv
100
AcDbVertex
100
AcDb2dVertex
 10
14.87284861376975
 20
28.60879444424063
 30
4.526000000000003
 42
-0.0195146829286778
  0
VERTEX
  5
CE7
330
CD9
100
AcDbEntity
  8
1cv
100
AcDbVertex
100
AcDb2dVertex
 10
15.04907403729157
 20
28.48920945543796
 30
4.526000000000003
 42
0.0304757607658925
 70
     1
  0
VERTEX
  5
CE8
330
CD9
100
AcDbEntity
  8
1cv
100
AcDbVertex
100
AcDb2dVertex
 10
15.16363022953737
 20
28.41508496832103
 30
4.526000000000003
 42
0.0045412761538704
  0
VERTEX
  5
CE9
330
CD9
100
AcDbEntity
  8
1cv
100
AcDbVertex
100
AcDb2dVertex
 10
15.23563475022092
 20
28.37534677796066
 30
4.526000000000003
 42
-0.0040412269574504
 70
     1
  0
VERTEX
  5
CEA
330
CD9
100
AcDbEntity
  8
1cv
100
AcDbVertex
100
AcDb2dVertex
 10
15.31662650598446
 20
28.33075501956045
 30
4.526000000000003
 42
-0.0064390182132863
  0
VERTEX
  5
CEB
330
CD9
100
AcDbEntity
  8
1cv
100
AcDbVertex
100
AcDb2dVertex
 10
15.4434222333366
 20
28.2574406536296
 30
4.526000000000003
 42
0.0053137270257587
 70
     1
  0
VERTEX
  5
CEC
330
CD9
100
AcDbEntity
  8
1cv
100
AcDbVertex
100
AcDb2dVertex
 10
15.59687954676337
 20
28.16824852023274
 30
4.526000000000003
 42
0.0266144948199966
  0
VERTEX
  5
CED
330
CD9
100
AcDbEntity
  8
1cv
100
AcDbVertex
100
AcDb2dVertex
 10
15.77213714021491
 20
28.08083797898144
 30
4.526000000000003
 42
-0.0115023039897581
 70
     1
  0
VERTEX
  5
CEE
330
CD9
100
AcDbEntity
  8
1cv
100
AcDbVertex
100
AcDb2dVertex
 10
16.18334323744057
 20
27.89103548508137
 30
4.526000000000003
 42
-0.0175063588472333
  0
VERTEX
  5
CEF
330
CD9
100
AcDbEntity
  8
1cv
100
AcDbVertex
100
AcDb2dVertex
 10
16.45249734108802
 20
27.74731601495296
 30
4.526000000000003
 42
-0.2569940830874788
 70
     1
  0
VERTEX
  5
CF0
330
CD9
100
AcDbEntity
  8
1cv
100
AcDbVertex
100
AcDb2dVertex
 10
16.46392828680109
 20
27.7283426290378
 30
4.526000000000003
  0
VERTEX
  5
CF1
330
CD9
100
AcDbEntity
  8
1cv
100
AcDbVertex
100
AcDb2dVertex
 10
16.50715737522114
 20
26.62428603228182
 30
4.526000000000003
  0
VERTEX
  5
CF2
330
CD9
100
AcDbEntity
  8
1cv
100
AcDbVertex
100
AcDb2dVertex
 10
16.5503864636994
 20
25.52022943645716
 30
4.526000000000003
 42
-0.0224634210774324
  0
VERTEX
  5
CF3
330
CD9
100
AcDbEntity
  8
1cv
100
AcDbVertex
100
AcDb2dVertex
 10
16.54823288420448
 20
25.14793202280998
 30
4.526000000000003
 42
-0.0113566114150051
 70
     1
  0
VERTEX
  5
CF4
330
CD9
100
AcDbEntity
  8
1cv
100
AcDbVertex
100
AcDb2dVertex
 10
16.49423682404449
 20
24.41377344261855
 30
4.526000000000003
 42
-0.0118118596516423
  0
VERTEX
  5
CF5
330
CD9
100
AcDbEntity
  8
1cv
100
AcDbVertex
100
AcDb2dVertex
 10
16.43720992322778
 20
23.93983926996589
 30
4.526000000000003
 42
-0.0074556010615377
 70
     1
  0
VERTEX
  5
CF6
330
CD9
100
AcDbEntity
  8
1cv
100
AcDbVertex
100
AcDb2dVertex
 10
16.31801386672305
 20
23.19308907352388
 30
4.526000000000003
 42
-0.0283970220858497
  0
VERTEX
  5
CF7
330
CD9
100
AcDbEntity
  8
1cv
100
AcDbVertex
100
AcDb2dVertex
 10
16.02325709140859
 20
21.93406944908202
 30
4.526000000000003
 42
0.0312151889117674
 70
     1
  0
VERTEX
  5
CF8
330
CD9
100
AcDbEntity
  8
1cv
100
AcDbVertex
100
AcDb2dVertex
 10
15.76152167125838
 20
20.78703217301518
 30
4.526000000000003
 42
0.0046357257769189
  0
VERTEX
  5
CF9
330
CD9
100
AcDbEntity
  8
1cv
100
AcDbVertex
100
AcDb2dVertex
 10
15.62637029978214
 20
19.90861844457686
 30
4.526000000000003
 42
0.0119029453614863
 70
     1
  0
VERTEX
  5
CFA
330
CD9
100
AcDbEntity
  8
1cv
100
AcDbVertex
100
AcDb2dVertex
 10
15.58507155318511
 20
19.56491623073816
 30
4.526000000000003
  0
VERTEX
  5
CFB
330
CD9
100
AcDbEntity
  8
1cv
100
AcDbVertex
100
AcDb2dVertex
 10
15.53718198981369
 20
19.06645287014544
 30
4.526000000000003
  0
VERTEX
  5
CFC
330
CD9
100
AcDbEntity
  8
1cv
100
AcDbVertex
100
AcDb2dVertex
 10
15.48929242650047
 20
18.56798950955272
 30
4.526000000000003
 42
0.0374616540265761
  0
VERTEX
  5
CFD
330
CD9
100
AcDbEntity
  8
1cv
100
AcDbVertex
100
AcDb2dVertex
 10
15.48509336315328
 20
18.36703093908727
 30
4.526000000000003
 42
-0.0249849001515841
 70
     1
  0
VERTEX
  5
CFE
330
CD9
100
AcDbEntity
  8
1cv
100
AcDbVertex
100
AcDb2dVertex
 10
15.48630899935961
 20
18.06589049752801
 30
4.526000000000003
 42
-0.0111803098338538
  0
VERTEX
  5
CFF
330
CD9
100
AcDbEntity
  8
1cv
100
AcDbVertex
100
AcDb2dVertex
 10
15.47605352086248
 20
17.91593174263835
 30
4.526000000000003
 42
0.0112880294840239
 70
     1
  0
VERTEX
  5
D00
330
CD9
100
AcDbEntity
  8
1cv
100
AcDbVertex
100
AcDb2dVertex
 10
15.4659278531908
 20
17.76740124635398
 30
4.526000000000003
 42
0.0302842804396155
  0
VERTEX
  5
D01
330
CD9
100
AcDbEntity
  8
1cv
100
AcDbVertex
100
AcDb2dVertex
 10
15.47038720868295
 20
17.471281433478
 30
4.526000000000003
 42
-0.0296068181226327
 70
     1
  0
VERTEX
  5
D02
330
CD9
100
AcDbEntity
  8
1cv
100
AcDbVertex
100
AcDb2dVertex
 10
15.47535843553487
 20
17.16840450745076
 30
4.526000000000003
 42
-0.0063436585793688
  0
VERTEX
  5
D03
330
CD9
100
AcDbEntity
  8
1cv
100
AcDbVertex
100
AcDb2dVertex
 10
15.47033662040485
 20
17.07796791568398
 30
4.526000000000003
 42
-0.0027494992743528
 70
     1
  0
VERTEX
  5
D04
330
CD9
100
AcDbEntity
  8
1cv
100
AcDbVertex
100
AcDb2dVertex
 10
15.45495824847603
 20
16.86956415511668
 30
4.526000000000003
 42
-0.0154460454420229
  0
VERTEX
  5
D05
330
CD9
100
AcDbEntity
  8
1cv
100
AcDbVertex
100
AcDb2dVertex
 10
15.40120436064899
 20
16.38307171594351
 30
4.526000000000003
 42
-0.0063405652084099
 70
     1
  0
VERTEX
  5
D06
330
CD9
100
AcDbEntity
  8
1cv
100
AcDbVertex
100
AcDb2dVertex
 10
15.21879629831528
 20
15.2050053505227
 30
4.526000000000003
 42
-0.0317420088711172
  0
VERTEX
  5
D07
330
CD9
100
AcDbEntity
  8
1cv
100
AcDbVertex
100
AcDb2dVertex
 10
14.8058620399679
 20
13.43950572237372
 30
4.526000000000003
 42
0.0370655161208085
 70
     1
  0
VERTEX
  5
D08
330
CD9
100
AcDbEntity
  8
1cv
100
AcDbVertex
100
AcDb2dVertex
 10
14.46820981899509
 20
11.92334500700235
 30
4.526000000000003
 42
0.0024922722088046
  0
VERTEX
  5
D09
330
CD9
100
AcDbEntity
  8
1cv
100
AcDbVertex
100
AcDb2dVertex
 10
14.32933683949523
 20
10.93820219486952
 30
4.526000000000003
 42
-0.00360228965812
 70
     1
  0
VERTEX
  5
D0A
330
CD9
100
AcDbEntity
  8
1cv
100
AcDbVertex
100
AcDb2dVertex
 10
14.23174297186779
 20
10.25683400221169
 30
4.526000000000003
 42
-0.0001304886169099
  0
VERTEX
  5
D0B
330
CD9
100
AcDbEntity
  8
1cv
100
AcDbVertex
100
AcDb2dVertex
 10
14.23031943198293
 20
10.24739778600633
 30
4.526000000000003
 42
0.0011361163232982
 70
     1
  0
VERTEX
  5
D0C
330
CD9
100
AcDbEntity
  8
1cv
100
AcDbVertex
100
AcDb2dVertex
 10
14.23015793447848
 20
10.24631249345839
 30
4.526000000000003
 42
0.0399433014307861
  0
VERTEX
  5
D0D
330
CD9
100
AcDbEntity
  8
1cv
100
AcDbVertex
100
AcDb2dVertex
 10
14.2294595624553
 20
10.23568268958479
 30
4.526000000000003
 42
-0.0233866957304724
 70
     1
  0
VERTEX
  5
D0E
330
CD9
100
AcDbEntity
  8
1cv
100
AcDbVertex
100
AcDb2dVertex
 10
14.22876119037391
 20
10.22505288571119
 30
4.526000000000003
 42
-0.0092844066073462
  0
VERTEX
  5
D0F
330
CD9
100
AcDbEntity
  8
1cv
100
AcDbVertex
100
AcDb2dVertex
 10
14.22795890440466
 20
10.21896073594689
 30
4.526000000000003
 42
-0.0126493006249491
 70
     1
  0
VERTEX
  5
D10
330
CD9
100
AcDbEntity
  8
1cv
100
AcDbVertex
100
AcDb2dVertex
 10
14.22717446339084
 20
10.21451898664236
 30
4.526000000000003
 42
-0.0207389596928694
  0
VERTEX
  5
D11
330
CD9
100
AcDbEntity
  8
1cv
100
AcDbVertex
100
AcDb2dVertex
 10
14.22588318435009
 20
10.20927807874977
 30
4.526000000000003
 42
-0.009281182004474
 70
     1
  0
VERTEX
  5
D12
330
CD9
100
AcDbEntity
  8
1cv
100
AcDbVertex
100
AcDb2dVertex
 10
14.22230159764876
 20
10.19776532799005
 30
4.526000000000003
 42
-0.0234014238452687
  0
VERTEX
  5
D13
330
CD9
100
AcDbEntity
  8
1cv
100
AcDbVertex
100
AcDb2dVertex
 10
14.216034249519
 20
10.1814599474892
 30
4.526000000000003
 42
0.0260977548544074
 70
     1
  0
VERTEX
  5
D14
330
CD9
100
AcDbEntity
  8
1cv
100
AcDbVertex
100
AcDb2dVertex
 10
14.20976690133102
 20
10.16515456698835
 30
4.526000000000003
 42
0.0079296254736818
  0
VERTEX
  5
D15
330
CD9
100
AcDbEntity
  8
1cv
100
AcDbVertex
100
AcDb2dVertex
 10
14.20584074023645
 20
10.152413636446
 30
4.526000000000003
 42
0.0255303320283406
 70
     1
  0
VERTEX
  5
D16
330
CD9
100
AcDbEntity
  8
1cv
100
AcDbVertex
100
AcDb2dVertex
 10
14.20488803379703
 20
10.14838130027055
 30
4.526000000000003
  0
VERTEX
  5
D17
330
CD9
100
AcDbEntity
  8
1cv
100
AcDbVertex
100
AcDb2dVertex
 10
14.18328560882946
 20
10.03031200263649
 30
4.526000000000003
  0
VERTEX
  5
D18
330
CD9
100
AcDbEntity
  8
1cv
100
AcDbVertex
100
AcDb2dVertex
 10
14.16168318386189
 20
9.912242705002427
 30
4.526000000000003
 42
0.0224634213469883
  0
VERTEX
  5
D19
330
CD9
100
AcDbEntity
  8
1cv
100
AcDbVertex
100
AcDb2dVertex
 10
14.14755549584515
 20
9.809036999009549
 30
4.526000000000003
 42
0.1407324087860726
 70
     1
  0
VERTEX
  5
D1A
330
CD9
100
AcDbEntity
  8
1cv
100
AcDbVertex
100
AcDb2dVertex
 10
14.15073136088904
 20
9.792389349080622
 30
4.526000000000003
  0
VERTEX
  5
D1B
330
CD9
100
AcDbEntity
  8
1cv
100
AcDbVertex
100
AcDb2dVertex
 10
15.39654912467813
 20
7.328445470891892
 30
4.526000000000003
  0
VERTEX
  5
D1C
330
CD9
100
AcDbEntity
  8
1cv
100
AcDbVertex
100
AcDb2dVertex
 10
16.64236688846722
 20
4.864501592703163
 30
4.526000000000003
 42
0.0224634221548232
  0
VERTEX
  5
D1D
330
CD9
100
AcDbEntity
  8
1cv
100
AcDbVertex
100
AcDb2dVertex
 10
17.3029452994233
 20
3.691959496587514
 30
4.526000000000003
 42
0.0212101917591827
 70
     1
  0
VERTEX
  5
D1E
330
CD9
100
AcDbEntity
  8
1cv
100
AcDbVertex
100
AcDb2dVertex
 10
18.10815916227875
 20
2.515954974107444
 30
4.526000000000003
  0
VERTEX
  5
D1F
330
CD9
100
AcDbEntity
  8
1cv
100
AcDbVertex
100
AcDb2dVertex
 10
18.26894657831872
 20
2.301258153282105
 30
4.526000000000003
  0
VERTEX
  5
D20
330
CD9
100
AcDbEntity
  8
1cv
100
AcDbVertex
100
AcDb2dVertex
 10
18.42973399435868
 20
2.08656133338809
 30
4.526000000000003
 42
0.0224634391124313
  0
VERTEX
  5
D21
330
CD9
100
AcDbEntity
  8
1cv
100
AcDbVertex
100
AcDb2dVertex
 10
18.48673167673405
 20
2.01717959716916
 30
4.526000000000003
 42
0.0112454245167903
 70
     1
  0
VERTEX
  5
D22
330
CD9
100
AcDbEntity
  8
1cv
100
AcDbVertex
100
AcDb2dVertex
 10
18.60961851850152
 20
1.886618518270552
 30
4.526000000000003
  0
SEQEND
  5
D23
330
CD9
100
AcDbEntity
  8
1cv
  0
POLYLINE
  5
D5F
102
{ACAD_REACTORS
330
203B
102
}
330
1F
100
AcDbEntity
  8
1cv
100
AcDb2dPolyline
 66
     1
 10
0.0
 20
0.0
 30
3.026000000000003
 70
     2
  0
VERTEX
  5
D60
330
D5F
100
AcDbEntity
  8
1cv
100
AcDbVertex
100
AcDb2dVertex
 10
7.46432247272349
 20
18.9434555638007
 30
3.026000000000003
  0
VERTEX
  5
D61
330
D5F
100
AcDbEntity
  8
1cv
100
AcDbVertex
100
AcDb2dVertex
 10
8.534257916093338
 20
17.99636036064476
 30
3.026000000000003
  0
VERTEX
  5
D62
330
D5F
100
AcDbEntity
  8
1cv
100
AcDbVertex
100
AcDb2dVertex
 10
8.584676416241563
 20
17.95173045247793
 30
3.026000000000003
 42
0.0224634584628887
  0
VERTEX
  5
D63
330
D5F
100
AcDbEntity
  8
1cv
100
AcDbVertex
100
AcDb2dVertex
 10
8.612298233783803
 20
17.92940963059663
 30
3.026000000000003
 42
0.0248721154792882
 70
     1
  0
VERTEX
  5
D64
330
D5F
100
AcDbEntity
  8
1cv
100
AcDbVertex
100
AcDb2dVertex
 10
8.639041782706044
 20
17.91169637907296
 30
3.026000000000003
 42
0.0240140424858437
  0
VERTEX
  5
D65
330
D5F
100
AcDbEntity
  8
1cv
100
AcDbVertex
100
AcDb2dVertex
 10
8.658738410449586
 20
17.90125999227166
 30
3.026000000000003
 42
0.0112572091129064
 70
     1
  0
VERTEX
  5
D66
330
D5F
100
AcDbEntity
  8
1cv
100
AcDbVertex
100
AcDb2dVertex
 10
8.702200410538353
 20
17.88202211167663
 30
3.026000000000003
 42
0.0218512737455979
  0
VERTEX
  5
D67
330
D5F
100
AcDbEntity
  8
1cv
100
AcDbVertex
100
AcDb2dVertex
 10
8.775026773975696
 20
17.85539674665779
 30
3.026000000000003
 42
-0.0272523823401672
 70
     1
  0
VERTEX
  5
D68
330
D5F
100
AcDbEntity
  8
1cv
100
AcDbVertex
100
AcDb2dVertex
 10
8.833201314497273
 20
17.83341326657683
 30
3.026000000000003
 42
-0.0117101688927518
  0
VERTEX
  5
D69
330
D5F
100
AcDbEntity
  8
1cv
100
AcDbVertex
100
AcDb2dVertex
 10
8.864817982423119
 20
17.81855921633541
 30
3.026000000000003
 42
0.0109341433246239
 70
     1
  0
VERTEX
  5
D6A
330
D5F
100
AcDbEntity
  8
1cv
100
AcDbVertex
100
AcDb2dVertex
 10
8.896434650407172
 20
17.80370516702532
 30
3.026000000000003
 42
0.0187258686319647
  0
VERTEX
  5
D6B
330
D5F
100
AcDbEntity
  8
1cv
100
AcDbVertex
100
AcDb2dVertex
 10
8.950694195867981
 20
17.7820397419855
 30
3.026000000000003
 42
-0.013795578997432
 70
     1
  0
VERTEX
  5
D6C
330
D5F
100
AcDbEntity
  8
1cv
100
AcDbVertex
100
AcDb2dVertex
 10
9.024619564588647
 20
17.75336355622858
 30
3.026000000000003
 42
-0.0325455225586651
  0
VERTEX
  5
D6D
330
D5F
100
AcDbEntity
  8
1cv
100
AcDbVertex
100
AcDb2dVertex
 10
9.156627815274987
 20
17.68751641456038
 30
3.026000000000003
 42
0.0374515556012996
 70
     1
  0
VERTEX
  5
D6E
330
D5F
100
AcDbEntity
  8
1cv
100
AcDbVertex
100
AcDb2dVertex
 10
9.27193800616078
 20
17.63140287622809
 30
3.026000000000003
 42
0.002319293756423
  0
VERTEX
  5
D6F
330
D5F
100
AcDbEntity
  8
1cv
100
AcDbVertex
100
AcDb2dVertex
 10
9.347859773552045
 20
17.60165924020111
 30
3.026000000000003
 42
-0.0033565723350937
 70
     1
  0
VERTEX
  5
D70
330
D5F
100
AcDbEntity
  8
1cv
100
AcDbVertex
100
AcDb2dVertex
 10
9.400272727245464
 20
17.58099999930709
 30
3.026000000000003
  0
VERTEX
  5
D71
330
D5F
100
AcDbEntity
  8
1cv
100
AcDbVertex
100
AcDb2dVertex
 10
9.821713497512973
 20
17.41160623263567
 30
3.026000000000003
  0
VERTEX
  5
D72
330
D5F
100
AcDbEntity
  8
1cv
100
AcDbVertex
100
AcDb2dVertex
 10
10.24315426783869
 20
17.24221246596426
 30
3.026000000000003
 42
0.0400109147912991
  0
VERTEX
  5
D73
330
D5F
100
AcDbEntity
  8
1cv
100
AcDbVertex
100
AcDb2dVertex
 10
10.43379941157764
 20
17.18277951702475
 30
3.026000000000003
 42
-0.031220927711312
 70
     1
  0
VERTEX
  5
D74
330
D5F
100
AcDbEntity
  8
1cv
100
AcDbVertex
100
AcDb2dVertex
 10
10.67926506022923
 20
17.1109598390758
 30
3.026000000000003
 42
-0.0117657437797579
  0
VERTEX
  5
D75
330
D5F
100
AcDbEntity
  8
1cv
100
AcDbVertex
100
AcDb2dVertex
 10
10.77684433123795
 20
17.0730458907783
 30
3.026000000000003
 42
0.0127254323733637
 70
     1
  0
VERTEX
  5
D76
330
D5F
100
AcDbEntity
  8
1cv
100
AcDbVertex
100
AcDb2dVertex
 10
10.86713175644399
 20
17.03816455509513
 30
3.026000000000003
 42
0.0278539098040199
  0
VERTEX
  5
D77
330
D5F
100
AcDbEntity
  8
1cv
100
AcDbVertex
100
AcDb2dVertex
 10
11.05439784994814
 20
16.98278543632477
 30
3.026000000000003
 42
-0.0261301933460804
 70
     1
  0
VERTEX
  5
D78
330
D5F
100
AcDbEntity
  8
1cv
100
AcDbVertex
100
AcDb2dVertex
 10
11.254200099851
 20
16.92444672901183
 30
3.026000000000003
 42
-0.0083302596361818
  0
VERTEX
  5
D79
330
D5F
100
AcDbEntity
  8
1cv
100
AcDbVertex
100
AcDb2dVertex
 10
11.39973272976931
 20
16.87082892283797
 30
3.026000000000003
 42
-0.0276781257050193
 70
     1
  0
VERTEX
  5
D7A
330
D5F
100
AcDbEntity
  8
1cv
100
AcDbVertex
100
AcDb2dVertex
 10
11.44228876242414
 20
16.85156899038702
 30
3.026000000000003
  0
VERTEX
  5
D7B
330
D5F
100
AcDbEntity
  8
1cv
100
AcDbVertex
100
AcDb2dVertex
 10
11.7743136525969
 20
16.67857056017965
 30
3.026000000000003
  0
VERTEX
  5
D7C
330
D5F
100
AcDbEntity
  8
1cv
100
AcDbVertex
100
AcDb2dVertex
 10
12.10633854276966
 20
16.50557212904096
 30
3.026000000000003
 42
-0.0224634208814909
  0
VERTEX
  5
D7D
330
D5F
100
AcDbEntity
  8
1cv
100
AcDbVertex
100
AcDb2dVertex
 10
12.37415570614394
 20
16.3503550067544
 30
3.026000000000003
 42
-0.1039023189473746
 70
     1
  0
VERTEX
  5
D7E
330
D5F
100
AcDbEntity
  8
1cv
100
AcDbVertex
100
AcDb2dVertex
 10
12.4223526448477
 20
16.30293828714639
 30
3.026000000000003
 42
-0.1034579001199185
  0
VERTEX
  5
D7F
330
D5F
100
AcDbEntity
  8
1cv
100
AcDbVertex
100
AcDb2dVertex
 10
12.44367356726434
 20
16.24960626009851
 30
3.026000000000003
 42
-0.0170864422640532
 70
     1
  0
VERTEX
  5
D80
330
D5F
100
AcDbEntity
  8
1cv
100
AcDbVertex
100
AcDb2dVertex
 10
12.49169013753999
 20
15.90878165140748
 30
3.026000000000003
 42
-0.008445544786644
  0
VERTEX
  5
D81
330
D5F
100
AcDbEntity
  8
1cv
100
AcDbVertex
100
AcDb2dVertex
 10
12.53002731868764
 20
15.47868925426155
 30
3.026000000000003
 42
0.0098681098351084
 70
     1
  0
VERTEX
  5
D82
330
D5F
100
AcDbEntity
  8
1cv
100
AcDbVertex
100
AcDb2dVertex
 10
12.56388583767693
 20
15.11068301647901
 30
3.026000000000003
 42
0.0156595141949797
  0
VERTEX
  5
D83
330
D5F
100
AcDbEntity
  8
1cv
100
AcDbVertex
100
AcDb2dVertex
 10
12.61460022290703
 20
14.75795514322817
 30
3.026000000000003
 42
0.123462392080981
 70
     1
  0
VERTEX
  5
D84
330
D5F
100
AcDbEntity
  8
1cv
100
AcDbVertex
100
AcDb2dVertex
 10
12.63329832931049
 20
14.7160620521754
 30
3.026000000000003
 42
0.0061547963753411
  0
VERTEX
  5
D85
330
D5F
100
AcDbEntity
  8
1cv
100
AcDbVertex
100
AcDb2dVertex
 10
12.6427074134117
 20
14.70437388494611
 30
3.026000000000003
 42
0.0156592484143404
 70
     1
  0
VERTEX
  5
D86
330
D5F
100
AcDbEntity
  8
1cv
100
AcDbVertex
100
AcDb2dVertex
 10
12.64660324802389
 20
14.69994461629539
 30
3.026000000000003
 42
0.009980779785464
  0
VERTEX
  5
D87
330
D5F
100
AcDbEntity
  8
1cv
100
AcDbVertex
100
AcDb2dVertex
 10
12.66023745277198
 20
14.68595931958407
 30
3.026000000000003
 42
-0.0087338150560884
 70
     1
  0
VERTEX
  5
D88
330
D5F
100
AcDbEntity
  8
1cv
100
AcDbVertex
100
AcDb2dVertex
 10
12.67585565167246
 20
14.67001850996166
 30
3.026000000000003
 42
-0.0169005798540356
  0
VERTEX
  5
D89
330
D5F
100
AcDbEntity
  8
1cv
100
AcDbVertex
100
AcDb2dVertex
 10
12.68865086033474
 20
14.65554447472095
 30
3.026000000000003
 42
-0.1943087939852047
 70
     1
  0
VERTEX
  5
D8A
330
D5F
100
AcDbEntity
  8
1cv
100
AcDbVertex
100
AcDb2dVertex
 10
12.68917647056514
 20
14.65388235263526
 30
3.026000000000003
  0
VERTEX
  5
D8B
330
D5F
100
AcDbEntity
  8
1cv
100
AcDbVertex
100
AcDb2dVertex
 10
12.64389543881407
 20
14.0712088951841
 30
3.026000000000003
  0
VERTEX
  5
D8C
330
D5F
100
AcDbEntity
  8
1cv
100
AcDbVertex
100
AcDb2dVertex
 10
12.59861440700479
 20
13.48853543680161
 30
3.026000000000003
 42
-0.0224634213671892
  0
VERTEX
  5
D8D
330
D5F
100
AcDbEntity
  8
1cv
100
AcDbVertex
100
AcDb2dVertex
 10
12.57313374901423
 20
13.28153051249683
 30
3.026000000000003
 42
-0.0123979196250235
 70
     1
  0
VERTEX
  5
D8E
330
D5F
100
AcDbEntity
  8
1cv
100
AcDbVertex
100
AcDb2dVertex
 10
12.50097743526566
 20
12.91072151809931
 30
3.026000000000003
 42
-0.0165166138276538
  0
VERTEX
  5
D8F
330
D5F
100
AcDbEntity
  8
1cv
100
AcDbVertex
100
AcDb2dVertex
 10
12.43046745739411
 20
12.63459888100624
 30
3.026000000000003
 42
-0.0085475038345966
 70
     1
  0
VERTEX
  5
D90
330
D5F
100
AcDbEntity
  8
1cv
100
AcDbVertex
100
AcDb2dVertex
 10
12.26768898958107
 20
12.10864009335637
 30
3.026000000000003
 42
-0.0254646294328961
  0
VERTEX
  5
D91
330
D5F
100
AcDbEntity
  8
1cv
100
AcDbVertex
100
AcDb2dVertex
 10
11.95968592917779
 20
11.3101647561416
 30
3.026000000000003
 42
0.0266834712581424
 70
     1
  0
VERTEX
  5
D92
330
D5F
100
AcDbEntity
  8
1cv
100
AcDbVertex
100
AcDb2dVertex
 10
11.66759040305624
 20
10.5473999036476
 30
3.026000000000003
 42
0.0073253039375213
  0
VERTEX
  5
D93
330
D5F
100
AcDbEntity
  8
1cv
100
AcDbVertex
100
AcDb2dVertex
 10
11.53762011171784
 20
10.12381022423506
 30
3.026000000000003
 42
0.0082521547223417
 70
     1
  0
VERTEX
  5
D94
330
D5F
100
AcDbEntity
  8
1cv
100
AcDbVertex
100
AcDb2dVertex
 10
11.4340146210161
 20
9.744379760697484
 30
3.026000000000003
 42
0.0142776405205306
  0
VERTEX
  5
D95
330
D5F
100
AcDbEntity
  8
1cv
100
AcDbVertex
100
AcDb2dVertex
 10
11.3262871595798
 20
9.266005649231374
 30
3.026000000000003
 42
0.0073220660105417
 70
     1
  0
VERTEX
  5
D96
330
D5F
100
AcDbEntity
  8
1cv
100
AcDbVertex
100
AcDb2dVertex
 10
11.15672776132123
 20
8.325141704641282
 30
3.026000000000003
 42
0.0279812036212782
  0
VERTEX
  5
D97
330
D5F
100
AcDbEntity
  8
1cv
100
AcDbVertex
100
AcDb2dVertex
 10
10.99742645118385
 20
6.851898005232214
 30
3.026000000000003
 42
-0.0293317621563345
 70
     1
  0
VERTEX
  5
D98
330
D5F
100
AcDbEntity
  8
1cv
100
AcDbVertex
100
AcDb2dVertex
 10
10.84165549947647
 20
5.446795249357819
 30
3.026000000000003
 42
-0.0159506630332167
  0
VERTEX
  5
D99
330
D5F
100
AcDbEntity
  8
1cv
100
AcDbVertex
100
AcDb2dVertex
 10
10.6608297980274
 20
4.559110516682267
 30
3.026000000000003
 42
0.0266758338531011
 70
     1
  0
VERTEX
  5
D9A
330
D5F
100
AcDbEntity
  8
1cv
100
AcDbVertex
100
AcDb2dVertex
 10
10.56406613450963
 20
4.025884834118187
 30
3.026000000000003
  0
VERTEX
  5
D9B
330
D5F
100
AcDbEntity
  8
1cv
100
AcDbVertex
100
AcDb2dVertex
 10
10.40952431887854
 20
2.807579740881919
 30
3.026000000000003
  0
VERTEX
  5
D9C
330
D5F
100
AcDbEntity
  8
1cv
100
AcDbVertex
100
AcDb2dVertex
 10
10.25498250324744
 20
1.589274648576974
 30
3.026000000000003
 42
-0.0224634211823652
  0
VERTEX
  5
D9D
330
D5F
100
AcDbEntity
  8
1cv
100
AcDbVertex
100
AcDb2dVertex
 10
10.18498725735117
 20
1.18417337629944
 30
3.026000000000003
 42
-0.011245415411386
 70
     1
  0
VERTEX
  5
D9E
330
D5F
100
AcDbEntity
  8
1cv
100
AcDbVertex
100
AcDb2dVertex
 10
9.991051029530353
 20
0.3865156667307019
 30
3.026000000000003
  0
SEQEND
  5
D9F
330
D5F
100
AcDbEntity
  8
1cv
  0
POLYLINE
  5
DD9
102
{ACAD_REACTORS
330
2205
330
203B
102
}
330
1F
100
AcDbEntity
  8
1cv
100
AcDb2dPolyline
 66
     1
 10
0.0
 20
0.0
 30
2.026000000000003
 70
     2
  0
VERTEX
  5
DDA
330
DD9
100
AcDbEntity
  8
1cv
100
AcDbVertex
100
AcDb2dVertex
 10
8.125040883314795
 20
0.1791148912161589
 30
2.026000000000003
  0
VERTEX
  5
DDB
330
DD9
100
AcDbEntity
  8
1cv
100
AcDbVertex
100
AcDb2dVertex
 10
8.683191012300085
 20
3.142660534009337
 30
2.026000000000003
  0
VERTEX
  5
DDC
330
DD9
100
AcDbEntity
  8
1cv
100
AcDbVertex
100
AcDb2dVertex
 10
9.241341141227167
 20
6.106206175871193
 30
2.026000000000003
 42
0.0454641641863052
  0
VERTEX
  5
DDD
330
DD9
100
AcDbEntity
  8
1cv
100
AcDbVertex
100
AcDb2dVertex
 10
9.386815881531219
 20
7.6281996993348
 30
2.026000000000003
 42
-0.0465052503694131
 70
     1
  0
VERTEX
  5
DDE
330
DD9
100
AcDbEntity
  8
1cv
100
AcDbVertex
100
AcDb2dVertex
 10
9.532139110611751
 20
9.11596465203911
 30
2.026000000000003
 42
-0.002903512291174
  0
VERTEX
  5
DDF
330
DD9
100
AcDbEntity
  8
1cv
100
AcDbVertex
100
AcDb2dVertex
 10
9.54582166642649
 20
9.184833924286067
 30
2.026000000000003
 42
0.0099026664116826
 70
     1
  0
VERTEX
  5
DE0
330
DD9
100
AcDbEntity
  8
1cv
100
AcDbVertex
100
AcDb2dVertex
 10
9.549550750292837
 20
9.205082693137228
 30
2.026000000000003
 42
0.0266509433393117
  0
VERTEX
  5
DE1
330
DD9
100
AcDbEntity
  8
1cv
100
AcDbVertex
100
AcDb2dVertex
 10
9.559442897210828
 20
9.295452520251274
 30
2.026000000000003
 42
-0.0260977539732162
 70
     1
  0
VERTEX
  5
DE2
330
DD9
100
AcDbEntity
  8
1cv
100
AcDbVertex
100
AcDb2dVertex
 10
9.56933504412882
 20
9.385822348296642
 30
2.026000000000003
 42
-0.0079296049894115
  0
VERTEX
  5
DE3
330
DD9
100
AcDbEntity
  8
1cv
100
AcDbVertex
100
AcDb2dVertex
 10
9.581556789460591
 20
9.454121029935777
 30
2.026000000000003
 42
-0.0255302618515692
 70
     1
  0
VERTEX
  5
DE4
330
DD9
100
AcDbEntity
  8
1cv
100
AcDbVertex
100
AcDb2dVertex
 10
9.586765679123345
 20
9.475045401602983
 30
2.026000000000003
  0
VERTEX
  5
DE5
330
DD9
100
AcDbEntity
  8
1cv
100
AcDbVertex
100
AcDb2dVertex
 10
9.619673688837792
 20
9.58333174418658
 30
2.026000000000003
  0
VERTEX
  5
DE6
330
DD9
100
AcDbEntity
  8
1cv
100
AcDbVertex
100
AcDb2dVertex
 10
9.652581698610447
 20
9.691618087701499
 30
2.026000000000003
 42
-0.0929679856939915
  0
VERTEX
  5
DE7
330
DD9
100
AcDbEntity
  8
1cv
100
AcDbVertex
100
AcDb2dVertex
 10
9.692026498785708
 20
9.767304589040577
 30
2.026000000000003
 42
0.2870633349843262
 70
     1
  0
VERTEX
  5
DE8
330
DD9
100
AcDbEntity
  8
1cv
100
AcDbVertex
100
AcDb2dVertex
 10
9.695186700730118
 20
9.796797953546047
 30
2.026000000000003
 42
0.0572412900306964
  0
VERTEX
  5
DE9
330
DD9
100
AcDbEntity
  8
1cv
100
AcDbVertex
100
AcDb2dVertex
 10
9.690305119671393
 20
9.804469362832605
 30
2.026000000000003
 42
-0.0414994538445605
 70
     1
  0
VERTEX
  5
DEA
330
DD9
100
AcDbEntity
  8
1cv
100
AcDbVertex
100
AcDb2dVertex
 10
9.683253803988918
 20
9.814818044193089
 30
2.026000000000003
 42
-0.0092445496416062
  0
VERTEX
  5
DEB
330
DD9
100
AcDbEntity
  8
1cv
100
AcDbVertex
100
AcDb2dVertex
 10
9.670539577840827
 20
9.838276314549148
 30
2.026000000000003
 42
0.0148656985754955
 70
     1
  0
VERTEX
  5
DEC
330
DD9
100
AcDbEntity
  8
1cv
100
AcDbVertex
100
AcDb2dVertex
 10
9.662468489084858
 20
9.852776321582496
 30
2.026000000000003
 42
0.0118109211046003
  0
VERTEX
  5
DED
330
DD9
100
AcDbEntity
  8
1cv
100
AcDbVertex
100
AcDb2dVertex
 10
9.652995849377475
 20
9.867842983454465
 30
2.026000000000003
 42
0.0544811976954739
 70
     1
  0
VERTEX
  5
DEE
330
DD9
100
AcDbEntity
  8
1cv
100
AcDbVertex
100
AcDb2dVertex
 10
9.650521865871269
 20
9.87081778421998
 30
2.026000000000003
  0
VERTEX
  5
DEF
330
DD9
100
AcDbEntity
  8
1cv
100
AcDbVertex
100
AcDb2dVertex
 10
9.640196308027952
 20
9.880794140510261
 30
2.026000000000003
  0
VERTEX
  5
DF0
330
DD9
100
AcDbEntity
  8
1cv
100
AcDbVertex
100
AcDb2dVertex
 10
9.629870750184636
 20
9.890770496800541
 30
2.026000000000003
 42
0.022465492526132
  0
VERTEX
  5
DF1
330
DD9
100
AcDbEntity
  8
1cv
100
AcDbVertex
100
AcDb2dVertex
 10
9.629275439656339
 20
9.891296084970235
 30
2.026000000000003
 42
0.0013108680781386
 70
     1
  0
VERTEX
  5
DF2
330
DD9
100
AcDbEntity
  8
1cv
100
AcDbVertex
100
AcDb2dVertex
 10
9.61866165412357
 20
9.899804511107504
 30
2.026000000000003
 42
0.0363647334029144
  0
VERTEX
  5
DF3
330
DD9
100
AcDbEntity
  8
1cv
100
AcDbVertex
100
AcDb2dVertex
 10
9.543324103928171
 20
9.951392218470573
 30
2.026000000000003
 42
0.009904488961558
 70
     1
  0
VERTEX
  5
DF4
330
DD9
100
AcDbEntity
  8
1cv
100
AcDbVertex
100
AcDb2dVertex
 10
9.250763794174417
 20
10.11423833109438
 30
2.026000000000003
 42
0.024021377463974
  0
VERTEX
  5
DF5
330
DD9
100
AcDbEntity
  8
1cv
100
AcDbVertex
100
AcDb2dVertex
 10
8.835109995037782
 20
10.30995701253414
 30
2.026000000000003
 42
-0.0280705836077924
 70
     1
  0
VERTEX
  5
DF6
330
DD9
100
AcDbEntity
  8
1cv
100
AcDbVertex
100
AcDb2dVertex
 10
8.480707010487094
 20
10.48035211022943
 30
2.026000000000003
 42
-0.0152246606108158
  0
VERTEX
  5
DF7
330
DD9
100
AcDbEntity
  8
1cv
100
AcDbVertex
100
AcDb2dVertex
 10
8.25495473423507
 20
10.61406536959111
 30
2.026000000000003
 42
0.0243713576622848
 70
     1
  0
VERTEX
  5
DF8
330
DD9
100
AcDbEntity
  8
1cv
100
AcDbVertex
100
AcDb2dVertex
 10
8.11237329285359
 20
10.69503186643123
 30
2.026000000000003
 42
0.003946547490656
  0
VERTEX
  5
DF9
330
DD9
100
AcDbEntity
  8
1cv
100
AcDbVertex
100
AcDb2dVertex
 10
8.090640962589532
 20
10.70579443406313
 30
2.026000000000003
 42
-0.0085514377299085
 70
     1
  0
VERTEX
  5
DFA
330
DD9
100
AcDbEntity
  8
1cv
100
AcDbVertex
100
AcDb2dVertex
 10
8.080656297330278
 20
10.71085418295115
 30
2.026000000000003
 42
-0.0328771211914543
  0
VERTEX
  5
DFB
330
DD9
100
AcDbEntity
  8
1cv
100
AcDbVertex
100
AcDb2dVertex
 10
8.048044577008113
 20
10.73093249555677
 30
2.026000000000003
 42
0.0385477868290775
 70
     1
  0
VERTEX
  5
DFC
330
DD9
100
AcDbEntity
  8
1cv
100
AcDbVertex
100
AcDb2dVertex
 10
8.020026875368785
 20
10.74774771556258
 30
2.026000000000003
 42
0.0001872933013392
  0
VERTEX
  5
DFD
330
DD9
100
AcDbEntity
  8
1cv
100
AcDbVertex
100
AcDb2dVertex
 10
8.008925056434236
 20
10.75329114124179
 30
2.026000000000003
 42
0.0001007122834148
 70
     1
  0
VERTEX
  5
DFE
330
DD9
100
AcDbEntity
  8
1cv
100
AcDbVertex
100
AcDb2dVertex
 10
7.988272868213243
 20
10.76358914654702
 30
2.026000000000003
 42
0.0002656612599859
  0
VERTEX
  5
DFF
330
DD9
100
AcDbEntity
  8
1cv
100
AcDbVertex
100
AcDb2dVertex
 10
7.953035926795564
 20
10.78112746402621
 30
2.026000000000003
 42
0.0001793325052944
 70
     1
  0
VERTEX
  5
E00
330
DD9
100
AcDbEntity
  8
1cv
100
AcDbVertex
100
AcDb2dVertex
 10
7.900813034095335
 20
10.80705991387367
 30
2.026000000000003
 42
0.0416173283927673
  0
VERTEX
  5
E01
330
DD9
100
AcDbEntity
  8
1cv
100
AcDbVertex
100
AcDb2dVertex
 10
7.809910693322308
 20
10.84308912232518
 30
2.026000000000003
 42
-0.040203560519405
 70
     1
  0
VERTEX
  5
E02
330
DD9
100
AcDbEntity
  8
1cv
100
AcDbVertex
100
AcDb2dVertex
 10
7.719008352607488
 20
10.87911833077669
 30
2.026000000000003
 42
-0.0008844545190472
  0
VERTEX
  5
E03
330
DD9
100
AcDbEntity
  8
1cv
100
AcDbVertex
100
AcDb2dVertex
 10
7.659746623015962
 20
10.90844179317355
 30
2.026000000000003
 42
-0.0018469761256023
 70
     1
  0
VERTEX
  5
E04
330
DD9
100
AcDbEntity
  8
1cv
100
AcDbVertex
100
AcDb2dVertex
 10
7.631445026141591
 20
10.9226387431845
 30
2.026000000000003
  0
VERTEX
  5
E05
330
DD9
100
AcDbEntity
  8
1cv
100
AcDbVertex
100
AcDb2dVertex
 10
7.016610358550678
 20
11.23390665091574
 30
2.026000000000003
  0
VERTEX
  5
E06
330
DD9
100
AcDbEntity
  8
1cv
100
AcDbVertex
100
AcDb2dVertex
 10
6.401775690901558
 20
11.5451745595783
 30
2.026000000000003
 42
-0.022463427956948
  0
VERTEX
  5
E07
330
DD9
100
AcDbEntity
  8
1cv
100
AcDbVertex
100
AcDb2dVertex
 10
6.200842289603315
 20
11.65851063281297
 30
2.026000000000003
 42
-0.0412426837614418
 70
     1
  0
VERTEX
  5
E08
330
DD9
100
AcDbEntity
  8
1cv
100
AcDbVertex
100
AcDb2dVertex
 10
4.848811592743378
 20
12.66709667517578
 30
2.026000000000003
  0
SEQEND
  5
E09
330
DD9
100
AcDbEntity
  8
1cv
  0
POLYLINE
  5
E0A
102
{ACAD_REACTORS
330
2205
102
}
330
1F
100
AcDbEntity
  8
1cv
100
AcDb2dPolyline
 66
     1
 10
0.0
 20
0.0
 30
1.026000000000003
 70
     2
  0
VERTEX
  5
E0B
330
E0A
100
AcDbEntity
  8
1cv
100
AcDbVertex
100
AcDb2dVertex
 10
6.25903073704103
 20
-0.0282858852297068
 30
1.026000000000003
  0
VERTEX
  5
E0C
330
E0A
100
AcDbEntity
  8
1cv
100
AcDbVertex
100
AcDb2dVertex
 10
6.423082923924084
 20
1.264992666430771
 30
1.026000000000003
  0
VERTEX
  5
E0D
330
E0A
100
AcDbEntity
  8
1cv
100
AcDbVertex
100
AcDb2dVertex
 10
6.587135110807139
 20
2.558271217159926
 30
1.026000000000003
 42
-0.1157678824085506
  0
VERTEX
  5
E0E
330
E0A
100
AcDbEntity
  8
1cv
100
AcDbVertex
100
AcDb2dVertex
 10
6.949432204011827
 20
3.530558301135897
 30
1.026000000000003
 42
0.4529665546741695
 70
     1
  0
VERTEX
  5
E0F
330
E0A
100
AcDbEntity
  8
1cv
100
AcDbVertex
100
AcDb2dVertex
 10
6.867308703775051
 20
3.835046962834894
 30
1.026000000000003
  0
VERTEX
  5
E10
330
E0A
100
AcDbEntity
  8
1cv
100
AcDbVertex
100
AcDb2dVertex
 10
6.634193706035148
 20
3.949592410586774
 30
1.026000000000003
  0
VERTEX
  5
E11
330
E0A
100
AcDbEntity
  8
1cv
100
AcDbVertex
100
AcDb2dVertex
 10
6.401078708237037
 20
4.064137858338654
 30
1.026000000000003
 42
-0.0283492104751237
  0
VERTEX
  5
E12
330
E0A
100
AcDbEntity
  8
1cv
100
AcDbVertex
100
AcDb2dVertex
 10
6.353975193982478
 20
4.090696413069963
 30
1.026000000000003
 42
0.0074217238860469
 70
     1
  0
VERTEX
  5
E13
330
E0A
100
AcDbEntity
  8
1cv
100
AcDbVertex
100
AcDb2dVertex
 10
6.178582657477818
 20
4.199499688111245
 30
1.026000000000003
  0
VERTEX
  5
E14
330
E0A
100
AcDbEntity
  8
1cv
100
AcDbVertex
100
AcDb2dVertex
 10
5.920641384844202
 20
4.354257335886359
 30
1.026000000000003
  0
VERTEX
  5
E15
330
E0A
100
AcDbEntity
  8
1cv
100
AcDbVertex
100
AcDb2dVertex
 10
5.662700112268794
 20
4.509014984592795
 30
1.026000000000003
 42
-0.0224634184458521
  0
VERTEX
  5
E16
330
E0A
100
AcDbEntity
  8
1cv
100
AcDbVertex
100
AcDb2dVertex
 10
5.568452461040578
 20
4.571482002735137
 30
1.026000000000003
 42
-0.013453789614188
 70
     1
  0
VERTEX
  5
E17
330
E0A
100
AcDbEntity
  8
1cv
100
AcDbVertex
100
AcDb2dVertex
 10
5.419028749980498
 20
4.686768124811351
 30
1.026000000000003
 42
-0.0025196315332965
  0
VERTEX
  5
E18
330
E0A
100
AcDbEntity
  8
1cv
100
AcDbVertex
100
AcDb2dVertex
 10
5.38651079533156
 20
4.713556598871946
 30
1.026000000000003
 42
-0.0057799658442615
 70
     1
  0
VERTEX
  5
E19
330
E0A
100
AcDbEntity
  8
1cv
100
AcDbVertex
100
AcDb2dVertex
 10
5.372530766064301
 20
4.725468439050018
 30
1.026000000000003
 42
-0.0280213001194789
  0
VERTEX
  5
E1A
330
E0A
100
AcDbEntity
  8
1cv
100
AcDbVertex
100
AcDb2dVertex
 10
5.332873840758111
 20
4.764175471849739
 30
1.026000000000003
 42
0.02362233786088
 70
     1
  0
VERTEX
  5
E1B
330
E0A
100
AcDbEntity
  8
1cv
100
AcDbVertex
100
AcDb2dVertex
 10
5.28624855732778
 20
4.810491250827908
 30
1.026000000000003
 42
0.0101721104974455
  0
VERTEX
  5
E1C
330
E0A
100
AcDbEntity
  8
1cv
100
AcDbVertex
100
AcDb2dVertex
 10
5.249818152165971
 20
4.842089664191007
 30
1.026000000000003
 42
0.0396465106224717
 70
     1
  0
VERTEX
  5
E1D
330
E0A
100
AcDbEntity
  8
1cv
100
AcDbVertex
100
AcDb2dVertex
 10
5.23969656828558
 20
4.849237808026373
 30
1.026000000000003
  0
VERTEX
  5
E1E
330
E0A
100
AcDbEntity
  8
1cv
100
AcDbVertex
100
AcDb2dVertex
 10
4.667765029997099
 20
5.188691223971545
 30
1.026000000000003
  0
VERTEX
  5
E1F
330
E0A
100
AcDbEntity
  8
1cv
100
AcDbVertex
100
AcDb2dVertex
 10
4.095833491708617
 20
5.528144639916718
 30
1.026000000000003
 42
0.0224634301091197
  0
VERTEX
  5
E20
330
E0A
100
AcDbEntity
  8
1cv
100
AcDbVertex
100
AcDb2dVertex
 10
3.899466066039167
 20
5.633067045360803
 30
1.026000000000003
 42
0.0112454190295443
 70
     1
  0
VERTEX
  5
E21
330
E0A
100
AcDbEntity
  8
1cv
100
AcDbVertex
100
AcDb2dVertex
 10
3.494136470544617
 20
5.815689411014318
 30
1.026000000000003
  0
SEQEND
  5
E22
330
E0A
100
AcDbEntity
  8
1cv
  0
POLYLINE
  5
E23
102
{ACAD_REACTORS
330
2205
102
}
330
1F
100
AcDbEntity
  8
1cv
100
AcDb2dPolyline
 66
     1
 10
0.0
 20
0.0
 30
1.026000000000003
 70
     2
  0
VERTEX
  5
E24
330
E23
100
AcDbEntity
  8
1cv
100
AcDbVertex
100
AcDb2dVertex
 10
3.494136470544617
 20
5.815689411014318
 30
1.026000000000003
  0
VERTEX
  5
E25
330
E23
100
AcDbEntity
  8
1cv
100
AcDbVertex
100
AcDb2dVertex
 10
3.394508562807459
 20
5.851734332740306
 30
1.026000000000003
  0
VERTEX
  5
E26
330
E23
100
AcDbEntity
  8
1cv
100
AcDbVertex
100
AcDb2dVertex
 10
3.294880655070301
 20
5.887779254466295
 30
1.026000000000003
  0
VERTEX
  5
E27
330
E23
100
AcDbEntity
  8
1cv
100
AcDbVertex
100
AcDb2dVertex
 10
1.949142864590422
 20
6.374661023975377
 30
1.026000000000003
  0
SEQEND
  5
E28
330
E23
100
AcDbEntity
  8
1cv
  0
POLYLINE
  5
E29
102
{ACAD_REACTORS
330
2205
102
}
330
1F
100
AcDbEntity
  8
1cv
100
AcDb2dPolyline
 66
     1
 10
0.0
 20
0.0
 30
0.5260000000000034
 70
     2
  0
VERTEX
  5
E2A
330
E29
100
AcDbEntity
  8
1cv
100
AcDbVertex
100
AcDb2dVertex
 10
5.326025663933251
 20
-0.131986272521317
 30
0.5260000000000034
  0
VERTEX
  5
E2B
330
E29
100
AcDbEntity
  8
1cv
100
AcDbVertex
100
AcDb2dVertex
 10
5.366544577584136
 20
0.1874379478394985
 30
0.5260000000000034
  0
VERTEX
  5
E2C
330
E29
100
AcDbEntity
  8
1cv
100
AcDbVertex
100
AcDb2dVertex
 10
5.407063491176813
 20
0.5068621682003141
 30
0.5260000000000034
 42
-0.1157678828844044
  0
VERTEX
  5
E2D
330
E29
100
AcDbEntity
  8
1cv
100
AcDbVertex
100
AcDb2dVertex
 10
5.496546508162282
 20
0.7470053629949689
 30
0.5260000000000034
 42
0.4529665540986444
 70
     1
  0
VERTEX
  5
E2E
330
E29
100
AcDbEntity
  8
1cv
100
AcDbVertex
100
AcDb2dVertex
 10
5.476262993062846
 20
0.822210393846035
 30
0.5260000000000034
  0
VERTEX
  5
E2F
330
E29
100
AcDbEntity
  8
1cv
100
AcDbVertex
100
AcDb2dVertex
 10
5.418686397199053
 20
0.8505017394199967
 30
0.5260000000000034
  0
VERTEX
  5
E30
330
E29
100
AcDbEntity
  8
1cv
100
AcDbVertex
100
AcDb2dVertex
 10
5.361109801393467
 20
0.8787930849939584
 30
0.5260000000000034
 42
-0.0449495168447493
  0
VERTEX
  5
E31
330
E29
100
AcDbEntity
  8
1cv
100
AcDbVertex
100
AcDb2dVertex
 10
5.33363287942484
 20
0.8955094553530216
 30
0.5260000000000034
 42
0.0030791366066196
 70
     1
  0
VERTEX
  5
E32
330
E29
100
AcDbEntity
  8
1cv
100
AcDbVertex
100
AcDb2dVertex
 10
5.30615595751442
 20
0.9122258266434073
 30
0.5260000000000034
  0
VERTEX
  5
E33
330
E29
100
AcDbEntity
  8
1cv
100
AcDbVertex
100
AcDb2dVertex
 10
4.910865764482878
 20
1.14938903786242
 30
0.5260000000000034
  0
VERTEX
  5
E34
330
E29
100
AcDbEntity
  8
1cv
100
AcDbVertex
100
AcDb2dVertex
 10
4.515575571451336
 20
1.386552249081432
 30
0.5260000000000034
 42
-0.0224634172712015
  0
VERTEX
  5
E35
330
E29
100
AcDbEntity
  8
1cv
100
AcDbVertex
100
AcDb2dVertex
 10
4.37114279565867
 20
1.482281792908906
 30
0.5260000000000034
 42
-0.013453787986272
 70
     1
  0
VERTEX
  5
E36
330
E29
100
AcDbEntity
  8
1cv
100
AcDbVertex
100
AcDb2dVertex
 10
4.142153749999124
 20
1.658955624327063
 30
0.5260000000000034
 42
-0.0025197020801279
  0
VERTEX
  5
E37
330
E29
100
AcDbEntity
  8
1cv
100
AcDbVertex
100
AcDb2dVertex
 10
4.092320567346177
 20
1.700008492916822
 30
0.5260000000000034
 42
-0.0057801169311076
 70
     1
  0
VERTEX
  5
E38
330
E29
100
AcDbEntity
  8
1cv
100
AcDbVertex
100
AcDb2dVertex
 10
4.070896456192713
 20
1.718263135291635
 30
0.5260000000000034
 42
-0.0280210199539179
  0
VERTEX
  5
E39
330
E29
100
AcDbEntity
  8
1cv
100
AcDbVertex
100
AcDb2dVertex
 10
4.010122925741598
 20
1.777580906637012
 30
0.5260000000000034
 42
0.0236225702767826
 70
     1
  0
VERTEX
  5
E3A
330
E29
100
AcDbEntity
  8
1cv
100
AcDbVertex
100
AcDb2dVertex
 10
3.938670579344034
 20
1.848559009842574
 30
0.5260000000000034
 42
0.0101721184104814
  0
VERTEX
  5
E3B
330
E29
100
AcDbEntity
  8
1cv
100
AcDbVertex
100
AcDb2dVertex
 10
3.882841660059057
 20
1.896982990205287
 30
0.5260000000000034
 42
0.0396465280010301
 70
     1
  0
VERTEX
  5
E3C
330
E29
100
AcDbEntity
  8
1cv
100
AcDbVertex
100
AcDb2dVertex
 10
3.867330523731652
 20
1.907937387004494
 30
0.5260000000000034
  0
VERTEX
  5
E3D
330
E29
100
AcDbEntity
  8
1cv
100
AcDbVertex
100
AcDb2dVertex
 10
3.691473457962274
 20
2.012312260456383
 30
0.5260000000000034
  0
VERTEX
  5
E3E
330
E29
100
AcDbEntity
  8
1cv
100
AcDbVertex
100
AcDb2dVertex
 10
3.515616392134688
 20
2.116687132976949
 30
0.5260000000000034
 42
0.0224634528640441
  0
VERTEX
  5
E3F
330
E29
100
AcDbEntity
  8
1cv
100
AcDbVertex
100
AcDb2dVertex
 10
3.455237491405569
 20
2.148948587477207
 30
0.5260000000000034
 42
0.0112454318231974
 70
     1
  0
VERTEX
  5
E40
330
E29
100
AcDbEntity
  8
1cv
100
AcDbVertex
100
AcDb2dVertex
 10
3.33060705877142
 20
2.205101176165044
 30
0.5260000000000034
  0
SEQEND
  5
E41
330
E29
100
AcDbEntity
  8
1cv
  0
POLYLINE
  5
E42
102
{ACAD_REACTORS
330
2205
102
}
330
1F
100
AcDbEntity
  8
1cv
100
AcDb2dPolyline
 66
     1
 10
0.0
 20
0.0
 30
0.5260000000000034
 70
     2
  0
VERTEX
  5
E43
330
E42
100
AcDbEntity
  8
1cv
100
AcDbVertex
100
AcDb2dVertex
 10
3.33060705877142
 20
2.205101176165044
 30
0.5260000000000034
  0
VERTEX
  5
E44
330
E42
100
AcDbEntity
  8
1cv
100
AcDbVertex
100
AcDb2dVertex
 10
2.841807636374142
 20
2.381946572102606
 30
0.5260000000000034
  0
VERTEX
  5
E45
330
E42
100
AcDbEntity
  8
1cv
100
AcDbVertex
100
AcDb2dVertex
 10
2.353008214035071
 20
2.558791968040168
 30
0.5260000000000034
  0
VERTEX
  5
E46
330
E42
100
AcDbEntity
  8
1cv
100
AcDbVertex
100
AcDb2dVertex
 10
0.4841885571241073
 20
3.234922366854892
 30
0.5260000000000034
  0
SEQEND
  5
E47
330
E42
100
AcDbEntity
  8
1cv
  0
POLYLINE
  5
E4E
330
1F
100
AcDbEntity
  8
1cvd
100
AcDb2dPolyline
 66
     1
 10
0.0
 20
0.0
 30
9.026000000000003
 70
     2
  0
VERTEX
  5
E4F
330
E4E
100
AcDbEntity
  8
1cvd
100
AcDbVertex
100
AcDb2dVertex
 10
53.86397876101546
 20
30.40960353892297
 30
9.026000000000003
  0
VERTEX
  5
E50
330
E4E
100
AcDbEntity
  8
1cvd
100
AcDbVertex
100
AcDb2dVertex
 10
53.77219829184468
 20
30.49635857623071
 30
9.026000000000003
  0
VERTEX
  5
E51
330
E4E
100
AcDbEntity
  8
1cvd
100
AcDbVertex
100
AcDb2dVertex
 10
53.68041782267392
 20
30.58311361353844
 30
9.026000000000003
 42
-0.0224634187078824
  0
VERTEX
  5
E52
330
E4E
100
AcDbEntity
  8
1cvd
100
AcDbVertex
100
AcDb2dVertex
 10
53.61068892513867
 20
30.65522257983685
 30
9.026000000000003
 42
-0.0846125302529392
 70
     1
  0
VERTEX
  5
E53
330
E4E
100
AcDbEntity
  8
1cvd
100
AcDbVertex
100
AcDb2dVertex
 10
53.59656561544397
 20
30.67800813727081
 30
9.026000000000003
  0
VERTEX
  5
E54
330
E4E
100
AcDbEntity
  8
1cvd
100
AcDbVertex
100
AcDb2dVertex
 10
53.56624484772328
 20
30.75260714441538
 30
9.026000000000003
  0
VERTEX
  5
E55
330
E4E
100
AcDbEntity
  8
1cvd
100
AcDbVertex
100
AcDb2dVertex
 10
53.53592407994438
 20
30.82720615155995
 30
9.026000000000003
 42
-0.022463417732065
  0
VERTEX
  5
E56
330
E4E
100
AcDbEntity
  8
1cvd
100
AcDbVertex
100
AcDb2dVertex
 10
53.51286382740363
 20
30.89216195978224
 30
9.026000000000003
 42
-0.1280835085893564
 70
     1
  0
VERTEX
  5
E57
330
E4E
100
AcDbEntity
  8
1cvd
100
AcDbVertex
100
AcDb2dVertex
 10
53.51235510886181
 20
30.90443215984851
 30
9.026000000000003
  0
VERTEX
  5
E58
330
E4E
100
AcDbEntity
  8
1cvd
100
AcDbVertex
100
AcDb2dVertex
 10
53.51869187521515
 20
30.93368227593601
 30
9.026000000000003
  0
VERTEX
  5
E59
330
E4E
100
AcDbEntity
  8
1cvd
100
AcDbVertex
100
AcDb2dVertex
 10
53.52502864151029
 20
30.9629323920235
 30
9.026000000000003
 42
-0.0224634192393267
  0
VERTEX
  5
E5A
330
E4E
100
AcDbEntity
  8
1cvd
100
AcDbVertex
100
AcDb2dVertex
 10
53.53151576814707
 20
30.9874897133559
 30
9.026000000000003
 42
-0.1212233845900839
 70
     1
  0
VERTEX
  5
E5B
330
E4E
100
AcDbEntity
  8
1cvd
100
AcDbVertex
100
AcDb2dVertex
 10
53.53398818563437
 20
30.99157299473882
 30
9.026000000000003
  0
VERTEX
  5
E5C
330
E4E
100
AcDbEntity
  8
1cvd
100
AcDbVertex
100
AcDb2dVertex
 10
53.5968855562387
 20
31.05442966893316
 30
9.026000000000003
  0
VERTEX
  5
E5D
330
E4E
100
AcDbEntity
  8
1cvd
100
AcDbVertex
100
AcDb2dVertex
 10
53.65978292690124
 20
31.11728634219617
 30
9.026000000000003
 42
-0.0224634268155895
  0
VERTEX
  5
E5E
330
E4E
100
AcDbEntity
  8
1cvd
100
AcDbVertex
100
AcDb2dVertex
 10
53.67801857588347
 20
31.1339423134923
 30
9.026000000000003
 42
-0.0085978830348163
 70
     1
  0
VERTEX
  5
E5F
330
E4E
100
AcDbEntity
  8
1cvd
100
AcDbVertex
100
AcDb2dVertex
 10
53.72824999998556
 20
31.17439999897033
 30
9.026000000000003
  0
VERTEX
  5
E60
330
E4E
100
AcDbEntity
  8
1cvd
100
AcDbVertex
100
AcDb2dVertex
 10
54.27693500678287
 20
31.60098076518625
 30
9.026000000000003
  0
VERTEX
  5
E61
330
E4E
100
AcDbEntity
  8
1cvd
100
AcDbVertex
100
AcDb2dVertex
 10
54.82562001358019
 20
32.02756153140217
 30
9.026000000000003
 42
-0.0224634215628494
  0
VERTEX
  5
E62
330
E4E
100
AcDbEntity
  8
1cvd
100
AcDbVertex
100
AcDb2dVertex
 10
55.29726759006734
 20
32.36138255987317
 30
9.026000000000003
 42
-0.1072039229715947
 70
     1
  0
VERTEX
  5
E63
330
E4E
100
AcDbEntity
  8
1cvd
100
AcDbVertex
100
AcDb2dVertex
 10
55.41193979931995
 20
32.40420735813677
 30
9.026000000000003
  0
VERTEX
  5
E64
330
E4E
100
AcDbEntity
  8
1cvd
100
AcDbVertex
100
AcDb2dVertex
 10
55.42597652674885
 20
32.40624019131065
 30
9.026000000000003
  0
VERTEX
  5
E65
330
E4E
100
AcDbEntity
  8
1cvd
100
AcDbVertex
100
AcDb2dVertex
 10
55.44001325417776
 20
32.40827302448451
 30
9.026000000000003
 42
-0.0224634029556673
  0
VERTEX
  5
E66
330
E4E
100
AcDbEntity
  8
1cvd
100
AcDbVertex
100
AcDb2dVertex
 10
55.45014217717107
 20
32.40927808731794
 30
9.026000000000003
 42
-0.0562081553404884
 70
     1
  0
VERTEX
  5
E67
330
E4E
100
AcDbEntity
  8
1cvd
100
AcDbVertex
100
AcDb2dVertex
 10
55.45421391748823
 20
32.40904037747532
 30
9.026000000000003
  0
VERTEX
  5
E68
330
E4E
100
AcDbEntity
  8
1cvd
100
AcDbVertex
100
AcDb2dVertex
 10
55.5849257845548
 20
32.38652036245913
 30
9.026000000000003
  0
VERTEX
  5
E69
330
E4E
100
AcDbEntity
  8
1cvd
100
AcDbVertex
100
AcDb2dVertex
 10
55.71563765156316
 20
32.36400034837425
 30
9.026000000000003
 42
-0.02246340992178
  0
VERTEX
  5
E6A
330
E4E
100
AcDbEntity
  8
1cvd
100
AcDbVertex
100
AcDb2dVertex
 10
55.75901164708193
 20
32.35450437478721
 30
9.026000000000003
 42
-0.0112454150038127
 70
     1
  0
VERTEX
  5
E6B
330
E4E
100
AcDbEntity
  8
1cvd
100
AcDbVertex
100
AcDb2dVertex
 10
55.8441472867853
 20
32.32975193765014
 30
9.026000000000003
  0
SEQEND
  5
E6C
330
E4E
100
AcDbEntity
  8
1cvd
  0
POLYLINE
  5
E6D
330
1F
100
AcDbEntity
  8
1cvd
100
AcDb2dPolyline
 66
     1
 10
0.0
 20
0.0
 30
9.026000000000003
 70
     2
  0
VERTEX
  5
E6E
330
E6D
100
AcDbEntity
  8
1cvd
100
AcDbVertex
100
AcDb2dVertex
 10
56.71265688666608
 20
35.27691768482327
 30
9.026000000000003
  0
VERTEX
  5
E6F
330
E6D
100
AcDbEntity
  8
1cvd
100
AcDbVertex
100
AcDb2dVertex
 10
56.70744524651673
 20
35.23178010899574
 30
9.026000000000003
  0
VERTEX
  5
E70
330
E6D
100
AcDbEntity
  8
1cvd
100
AcDbVertex
100
AcDb2dVertex
 10
56.70223360630917
 20
35.1866425331682
 30
9.026000000000003
 42
0.0449495256994817
  0
VERTEX
  5
E71
330
E6D
100
AcDbEntity
  8
1cvd
100
AcDbVertex
100
AcDb2dVertex
 10
56.70166157925269
 20
35.16386977396905
 30
9.026000000000003
 42
-0.0372901818323059
 70
     1
  0
VERTEX
  5
E72
330
E6D
100
AcDbEntity
  8
1cvd
100
AcDbVertex
100
AcDb2dVertex
 10
56.70108955219621
 20
35.14109701476991
 30
9.026000000000003
  0
VERTEX
  5
E73
330
E6D
100
AcDbEntity
  8
1cvd
100
AcDbVertex
100
AcDb2dVertex
 10
56.6876585263526
 20
35.00677428673953
 30
9.026000000000003
  0
VERTEX
  5
E74
330
E6D
100
AcDbEntity
  8
1cvd
100
AcDbVertex
100
AcDb2dVertex
 10
56.674227500509
 20
34.87245155964047
 30
9.026000000000003
 42
0.0224634216646886
  0
VERTEX
  5
E75
330
E6D
100
AcDbEntity
  8
1cvd
100
AcDbVertex
100
AcDb2dVertex
 10
56.67175504629267
 20
34.82732959464192
 30
9.026000000000003
 42
0.0112454152629836
 70
     1
  0
VERTEX
  5
E76
330
E6D
100
AcDbEntity
  8
1cvd
100
AcDbVertex
100
AcDb2dVertex
 10
56.67289820354199
 20
34.73710179608315
 30
9.026000000000003
  0
SEQEND
  5
E77
330
E6D
100
AcDbEntity
  8
1cvd
  0
POLYLINE
  5
E78
330
1F
100
AcDbEntity
  8
1cvd
100
AcDb2dPolyline
 66
     1
 10
0.0
 20
0.0
 30
9.026000000000003
 70
     2
  0
VERTEX
  5
E79
330
E78
100
AcDbEntity
  8
1cvd
100
AcDbVertex
100
AcDb2dVertex
 10
56.67289820354199
 20
34.73710179608315
 30
9.026000000000003
  0
VERTEX
  5
E7A
330
E78
100
AcDbEntity
  8
1cvd
100
AcDbVertex
100
AcDb2dVertex
 10
56.6895007630228
 20
34.50442080479116
 30
9.026000000000003
  0
VERTEX
  5
E7B
330
E78
100
AcDbEntity
  8
1cvd
100
AcDbVertex
100
AcDb2dVertex
 10
56.70610332256183
 20
34.27173981443047
 30
9.026000000000003
  0
VERTEX
  5
E7C
330
E78
100
AcDbEntity
  8
1cvd
100
AcDbVertex
100
AcDb2dVertex
 10
56.72270588233368
 20
34.03905882313848
 30
9.026000000000003
  0
SEQEND
  5
E7D
330
E78
100
AcDbEntity
  8
1cvd
  0
POLYLINE
  5
E7E
330
1F
100
AcDbEntity
  8
1cvd
100
AcDb2dPolyline
 66
     1
 10
0.0
 20
0.0
 30
6.526000000000003
 70
     2
  0
VERTEX
  5
E7F
330
E7E
100
AcDbEntity
  8
1cvd
100
AcDbVertex
100
AcDb2dVertex
 10
38.81389902275987
 20
4.367801302112638
 30
6.526000000000003
  0
VERTEX
  5
E80
330
E7E
100
AcDbEntity
  8
1cvd
100
AcDbVertex
100
AcDb2dVertex
 10
37.32802636781708
 20
6.860515415668487
 30
6.526000000000003
  0
VERTEX
  5
E81
330
E7E
100
AcDbEntity
  8
1cvd
100
AcDbVertex
100
AcDb2dVertex
 10
35.84215371287428
 20
9.353229529224336
 30
6.526000000000003
 42
-0.0224634210556043
  0
VERTEX
  5
E82
330
E7E
100
AcDbEntity
  8
1cvd
100
AcDbVertex
100
AcDb2dVertex
 10
34.99485535954591
 20
10.93178639188409
 30
6.526000000000003
 42
-0.0358680873294635
 70
     1
  0
VERTEX
  5
E83
330
E7E
100
AcDbEntity
  8
1cvd
100
AcDbVertex
100
AcDb2dVertex
 10
34.58252901019296
 20
11.97624914627522
 30
6.526000000000003
  0
VERTEX
  5
E84
330
E7E
100
AcDbEntity
  8
1cvd
100
AcDbVertex
100
AcDb2dVertex
 10
34.47547707776539
 20
12.31713532097638
 30
6.526000000000003
  0
VERTEX
  5
E85
330
E7E
100
AcDbEntity
  8
1cvd
100
AcDbVertex
100
AcDb2dVertex
 10
34.36842514527962
 20
12.65802149474621
 30
6.526000000000003
 42
-0.0378288691772416
  0
VERTEX
  5
E86
330
E7E
100
AcDbEntity
  8
1cvd
100
AcDbVertex
100
AcDb2dVertex
 10
34.33544301247457
 20
12.79973609279841
 30
6.526000000000003
 42
0.0258475349601895
 70
     1
  0
VERTEX
  5
E87
330
E7E
100
AcDbEntity
  8
1cvd
100
AcDbVertex
100
AcDb2dVertex
 10
34.29218359373044
 20
13.00807812437415
 30
6.526000000000003
  0
VERTEX
  5
E88
330
E7E
100
AcDbEntity
  8
1cvd
100
AcDbVertex
100
AcDb2dVertex
 10
33.72333958139643
 20
15.17772915307432
 30
6.526000000000003
  0
VERTEX
  5
E89
330
E7E
100
AcDbEntity
  8
1cvd
100
AcDbVertex
100
AcDb2dVertex
 10
33.15449556900421
 20
17.34738018084317
 30
6.526000000000003
 42
-0.0285496031033194
  0
VERTEX
  5
E8A
330
E7E
100
AcDbEntity
  8
1cvd
100
AcDbVertex
100
AcDb2dVertex
 10
33.05955456505762
 20
17.81736225634813
 30
6.526000000000003
 42
0.0077285078999204
 70
     1
  0
VERTEX
  5
E8B
330
E7E
100
AcDbEntity
  8
1cvd
100
AcDbVertex
100
AcDb2dVertex
 10
32.7815997536527
 20
19.56527709309012
 30
6.526000000000003
 42
0.0008601577087739
  0
VERTEX
  5
E8C
330
E7E
100
AcDbEntity
  8
1cvd
100
AcDbVertex
100
AcDb2dVertex
 10
32.73073030286469
 20
19.8531921217218
 30
6.526000000000003
 42
-0.0014805354906832
 70
     1
  0
VERTEX
  5
E8D
330
E7E
100
AcDbEntity
  8
1cvd
100
AcDbVertex
100
AcDb2dVertex
 10
32.70138468017103
 20
20.02049628645182
 30
6.526000000000003
 42
-0.0378707038107487
  0
VERTEX
  5
E8E
330
E7E
100
AcDbEntity
  8
1cvd
100
AcDbVertex
100
AcDb2dVertex
 10
32.66008551919367
 20
20.45405255164951
 30
6.526000000000003
 42
0.033647120571127
 70
     1
  0
VERTEX
  5
E8F
330
E7E
100
AcDbEntity
  8
1cvd
100
AcDbVertex
100
AcDb2dVertex
 10
32.61773339594947
 20
20.94225878082216
 30
6.526000000000003
 42
0.0051506108670497
  0
VERTEX
  5
E90
330
E7E
100
AcDbEntity
  8
1cvd
100
AcDbVertex
100
AcDb2dVertex
 10
32.58251499605831
 20
21.1549392901361
 30
6.526000000000003
 42
0.0044913152367513
 70
     1
  0
VERTEX
  5
E91
330
E7E
100
AcDbEntity
  8
1cvd
100
AcDbVertex
100
AcDb2dVertex
 10
32.53743154433323
 20
21.39801423810423
 30
6.526000000000003
 42
0.0091644260588341
  0
VERTEX
  5
E92
330
E7E
100
AcDbEntity
  8
1cvd
100
AcDbVertex
100
AcDb2dVertex
 10
32.46641659771558
 20
21.7300572656095
 30
6.526000000000003
 42
0.0051478111378631
 70
     1
  0
VERTEX
  5
E93
330
E7E
100
AcDbEntity
  8
1cvd
100
AcDbVertex
100
AcDb2dVertex
 10
32.32313388620969
 20
22.31728495657444
 30
6.526000000000003
 42
0.0273153734393864
  0
VERTEX
  5
E94
330
E7E
100
AcDbEntity
  8
1cvd
100
AcDbVertex
100
AcDb2dVertex
 10
32.08514803904109
 20
23.07524359971285
 30
6.526000000000003
 42
-0.0197987978932262
 70
     1
  0
VERTEX
  5
E95
330
E7E
100
AcDbEntity
  8
1cvd
100
AcDbVertex
100
AcDb2dVertex
 10
31.7412591149332
 20
24.11554045043886
 30
6.526000000000003
 42
-0.0126567048934923
  0
VERTEX
  5
E96
330
E7E
100
AcDbEntity
  8
1cvd
100
AcDbVertex
100
AcDb2dVertex
 10
31.54226097406354
 20
24.88095808774233
 30
6.526000000000003
 42
-0.0645418796513786
 70
     1
  0
VERTEX
  5
E97
330
E7E
100
AcDbEntity
  8
1cvd
100
AcDbVertex
100
AcDb2dVertex
 10
31.52669450547546
 20
25.03588791191578
 30
6.526000000000003
  0
VERTEX
  5
E98
330
E7E
100
AcDbEntity
  8
1cvd
100
AcDbVertex
100
AcDb2dVertex
 10
31.58862912078621
 20
27.18828987888992
 30
6.526000000000003
  0
VERTEX
  5
E99
330
E7E
100
AcDbEntity
  8
1cvd
100
AcDbVertex
100
AcDb2dVertex
 10
31.65056373609696
 20
29.34069184586406
 30
6.526000000000003
 42
-0.0544304109665223
  0
VERTEX
  5
E9A
330
E7E
100
AcDbEntity
  8
1cvd
100
AcDbVertex
100
AcDb2dVertex
 10
31.82416578481207
 20
30.59509858302772
 30
6.526000000000003
 42
0.0773964270968945
 70
     1
  0
VERTEX
  5
E9B
330
E7E
100
AcDbEntity
  8
1cvd
100
AcDbVertex
100
AcDb2dVertex
 10
31.90604385960615
 20
31.48461842071265
 30
6.526000000000003
 42
0.0043572926156749
  0
VERTEX
  5
E9C
330
E7E
100
AcDbEntity
  8
1cvd
100
AcDbVertex
100
AcDb2dVertex
 10
31.90319343708689
 20
31.52446652576327
 30
6.526000000000003
 42
-0.014323649725538
 70
     1
  0
VERTEX
  5
E9D
330
E7E
100
AcDbEntity
  8
1cvd
100
AcDbVertex
100
AcDb2dVertex
 10
31.90256796887843
 20
31.5366055732593
 30
6.526000000000003
 42
-0.0173018022554052
  0
VERTEX
  5
E9E
330
E7E
100
AcDbEntity
  8
1cvd
100
AcDbVertex
100
AcDb2dVertex
 10
31.90308611094952
 20
31.58064187411219
 30
6.526000000000003
 42
0.0126363715487086
 70
     1
  0
VERTEX
  5
E9F
330
E7E
100
AcDbEntity
  8
1cvd
100
AcDbVertex
100
AcDb2dVertex
 10
31.90435781242559
 20
31.64091899711639
 30
6.526000000000003
 42
0.0156432341669217
  0
VERTEX
  5
EA0
330
E7E
100
AcDbEntity
  8
1cvd
100
AcDbVertex
100
AcDb2dVertex
 10
31.90270449954551
 20
31.68752304650843
 30
6.526000000000003
 42
0.129126753019369
 70
     1
  0
VERTEX
  5
EA1
330
E7E
100
AcDbEntity
  8
1cvd
100
AcDbVertex
100
AcDb2dVertex
 10
31.90087869192939
 20
31.69296729937196
 30
6.526000000000003
  0
VERTEX
  5
EA2
330
E7E
100
AcDbEntity
  8
1cvd
100
AcDbVertex
100
AcDb2dVertex
 10
31.89201773068635
 20
31.70647992938757
 30
6.526000000000003
  0
VERTEX
  5
EA3
330
E7E
100
AcDbEntity
  8
1cvd
100
AcDbVertex
100
AcDb2dVertex
 10
31.88315676944331
 20
31.71999255940318
 30
6.526000000000003
 42
0.0224623957371746
  0
VERTEX
  5
EA4
330
E7E
100
AcDbEntity
  8
1cvd
100
AcDbVertex
100
AcDb2dVertex
 10
31.88162202981767
 20
31.72211829200387
 30
6.526000000000003
 42
0.0043334847811784
 70
     1
  0
VERTEX
  5
EA5
330
E7E
100
AcDbEntity
  8
1cvd
100
AcDbVertex
100
AcDb2dVertex
 10
31.87309217260918
 20
31.73268983140588
 30
6.526000000000003
 42
0.0017737648913431
  0
VERTEX
  5
EA6
330
E7E
100
AcDbEntity
  8
1cvd
100
AcDbVertex
100
AcDb2dVertex
 10
31.87037417886313
 20
31.73597545549274
 30
6.526000000000003
 42
0.0026619184011723
 70
     1
  0
VERTEX
  5
EA7
330
E7E
100
AcDbEntity
  8
1cvd
100
AcDbVertex
100
AcDb2dVertex
 10
31.868543806253
 20
31.73814846761525
 30
6.526000000000003
 42
0.0366462523948261
  0
VERTEX
  5
EA8
330
E7E
100
AcDbEntity
  8
1cvd
100
AcDbVertex
100
AcDb2dVertex
 10
31.86354804842267
 20
31.74321259185672
 30
6.526000000000003
 42
-0.0369581384532278
 70
     1
  0
VERTEX
  5
EA9
330
E7E
100
AcDbEntity
  8
1cvd
100
AcDbVertex
100
AcDb2dVertex
 10
31.85855229053414
 20
31.74827671516687
 30
6.526000000000003
 42
-0.0050094751058701
  0
VERTEX
  5
EAA
330
E7E
100
AcDbEntity
  8
1cvd
100
AcDbVertex
100
AcDb2dVertex
 10
31.8562753899605
 20
31.7510092034936
 30
6.526000000000003
 42
0.0036061559401361
 70
     1
  0
VERTEX
  5
EAB
330
E7E
100
AcDbEntity
  8
1cvd
100
AcDbVertex
100
AcDb2dVertex
 10
31.85399848938687
 20
31.75374169182032
 30
6.526000000000003
 42
0.0077714856366779
  0
VERTEX
  5
EAC
330
E7E
100
AcDbEntity
  8
1cvd
100
AcDbVertex
100
AcDb2dVertex
 10
31.84896013524849
 20
31.75951580237597
 30
6.526000000000003
 42
-0.0050061320237406
 70
     1
  0
VERTEX
  5
EAD
330
E7E
100
AcDbEntity
  8
1cvd
100
AcDbVertex
100
AcDb2dVertex
 10
31.8439217810519
 20
31.76528991293162
 30
6.526000000000003
 42
-0.028102217857761
  0
VERTEX
  5
EAE
330
E7E
100
AcDbEntity
  8
1cvd
100
AcDbVertex
100
AcDb2dVertex
 10
31.83755104977172
 20
31.77364842314273
 30
6.526000000000003
 42
0.0146257288898137
 70
     1
  0
VERTEX
  5
EAF
330
E7E
100
AcDbEntity
  8
1cvd
100
AcDbVertex
100
AcDb2dVertex
 10
31.82575391180581
 20
31.79002332687378
 30
6.526000000000003
 42
0.0159714229304024
  0
VERTEX
  5
EB0
330
E7E
100
AcDbEntity
  8
1cvd
100
AcDbVertex
100
AcDb2dVertex
 10
31.82427675125655
 20
31.79182958230376
 30
6.526000000000003
 42
0.0028632263193117
 70
     1
  0
VERTEX
  5
EB1
330
E7E
100
AcDbEntity
  8
1cvd
100
AcDbVertex
100
AcDb2dVertex
 10
31.81566555181053
 20
31.80158528406173
 30
6.526000000000003
 42
0.1389822112954675
  0
VERTEX
  5
EB2
330
E7E
100
AcDbEntity
  8
1cvd
100
AcDbVertex
100
AcDb2dVertex
 10
31.7531847510254
 20
31.84125632978976
 30
6.526000000000003
 42
0.015970045492263
 70
     1
  0
VERTEX
  5
EB3
330
E7E
100
AcDbEntity
  8
1cvd
100
AcDbVertex
100
AcDb2dVertex
 10
31.14198557741474
 20
32.00226369127631
 30
6.526000000000003
 42
0.009240707812465
  0
VERTEX
  5
EB4
330
E7E
100
AcDbEntity
  8
1cvd
100
AcDbVertex
100
AcDb2dVertex
 10
30.51148591469973
 20
32.13477819226682
 30
6.526000000000003
 42
-0.0078000974786296
 70
     1
  0
VERTEX
  5
EB5
330
E7E
100
AcDbEntity
  8
1cvd
100
AcDbVertex
100
AcDb2dVertex
 10
29.76410992239835
 20
32.28961015865207
 30
6.526000000000003
 42
-0.0174068166051182
  0
VERTEX
  5
EB6
330
E7E
100
AcDbEntity
  8
1cvd
100
AcDbVertex
100
AcDb2dVertex
 10
29.12558608909603
 20
32.45584428589791
 30
6.526000000000003
 42
-0.2435234013359778
 70
     1
  0
VERTEX
  5
EB7
330
E7E
100
AcDbEntity
  8
1cvd
100
AcDbVertex
100
AcDb2dVertex
 10
29.08963498094818
 20
32.49051330797374
 30
6.526000000000003
  0
VERTEX
  5
EB8
330
E7E
100
AcDbEntity
  8
1cvd
100
AcDbVertex
100
AcDb2dVertex
 10
28.59381313377526
 20
33.95812610629946
 30
6.526000000000003
  0
VERTEX
  5
EB9
330
E7E
100
AcDbEntity
  8
1cvd
100
AcDbVertex
100
AcDb2dVertex
 10
28.09799128654413
 20
35.42573890369386
 30
6.526000000000003
 42
-0.022463420825992
  0
VERTEX
  5
EBA
330
E7E
100
AcDbEntity
  8
1cvd
100
AcDbVertex
100
AcDb2dVertex
 10
27.72803954832489
 20
36.70801575854421
 30
6.526000000000003
 42
-0.1337354474476118
 70
     1
  0
VERTEX
  5
EBB
330
E7E
100
AcDbEntity
  8
1cvd
100
AcDbVertex
100
AcDb2dVertex
 10
27.73486409732141
 20
36.93597565870732
 30
6.526000000000003
 42
-0.0282558704847737
  0
VERTEX
  5
EBC
330
E7E
100
AcDbEntity
  8
1cvd
100
AcDbVertex
100
AcDb2dVertex
 10
27.78178218600806
 20
37.06358901970089
 30
6.526000000000003
 42
-0.0164043519495795
 70
     1
  0
VERTEX
  5
EBD
330
E7E
100
AcDbEntity
  8
1cvd
100
AcDbVertex
100
AcDb2dVertex
 10
27.88182525295997
 20
37.27520293369889
 30
6.526000000000003
 42
-0.0126675987465452
  0
VERTEX
  5
EBE
330
E7E
100
AcDbEntity
  8
1cvd
100
AcDbVertex
100
AcDb2dVertex
 10
28.10838228801731
 20
37.69014893658459
 30
6.526000000000003
 42
0.0223941363537594
 70
     1
  0
VERTEX
  5
EBF
330
E7E
100
AcDbEntity
  8
1cvd
100
AcDbVertex
100
AcDb2dVertex
 10
28.23199147469131
 20
37.92739832215011
 30
6.526000000000003
 42
0.0066754046963391
  0
VERTEX
  5
EC0
330
E7E
100
AcDbEntity
  8
1cvd
100
AcDbVertex
100
AcDb2dVertex
 10
28.3353215608513
 20
38.15743352100253
 30
6.526000000000003
 42
0.0142657500980299
 70
     1
  0
VERTEX
  5
EC1
330
E7E
100
AcDbEntity
  8
1cvd
100
AcDbVertex
100
AcDb2dVertex
 10
28.37913090904476
 20
38.26702181808651
 30
6.526000000000003
 42
0.0053272080346572
  0
VERTEX
  5
EC2
330
E7E
100
AcDbEntity
  8
1cvd
100
AcDbVertex
100
AcDb2dVertex
 10
28.40485186909791
 20
38.33947614952922
 30
6.526000000000003
 42
0.0066722561465584
 70
     1
  0
VERTEX
  5
EC3
330
E7E
100
AcDbEntity
  8
1cvd
100
AcDbVertex
100
AcDb2dVertex
 10
28.42399403243326
 20
38.39780159946531
 30
6.526000000000003
 42
0.0210574860762312
  0
VERTEX
  5
EC4
330
E7E
100
AcDbEntity
  8
1cvd
100
AcDbVertex
100
AcDb2dVertex
 10
28.44694852095563
 20
38.48351446259767
 30
6.526000000000003
 42
-0.0099286585108376
 70
     1
  0
VERTEX
  5
EC5
330
E7E
100
AcDbEntity
  8
1cvd
100
AcDbVertex
100
AcDb2dVertex
 10
28.49155999143841
 20
38.66627632360906
 30
6.526000000000003
 42
-0.0960566746613848
  0
VERTEX
  5
EC6
330
E7E
100
AcDbEntity
  8
1cvd
100
AcDbVertex
100
AcDb2dVertex
 10
28.54016693652375
 20
38.76669596601278
 30
6.526000000000003
 42
0.4010190905303427
 70
     1
  0
VERTEX
  5
EC7
330
E7E
100
AcDbEntity
  8
1cvd
100
AcDbVertex
100
AcDb2dVertex
 10
28.53647368418751
 20
38.79721052665264
 30
6.526000000000003
  0
VERTEX
  5
EC8
330
E7E
100
AcDbEntity
  8
1cvd
100
AcDbVertex
100
AcDb2dVertex
 10
28.41926545754541
 20
38.89347090572119
 30
6.526000000000003
  0
VERTEX
  5
EC9
330
E7E
100
AcDbEntity
  8
1cvd
100
AcDbVertex
100
AcDb2dVertex
 10
28.3020572309033
 20
38.98973128478974
 30
6.526000000000003
 42
-0.0224634189069697
  0
VERTEX
  5
ECA
330
E7E
100
AcDbEntity
  8
1cvd
100
AcDbVertex
100
AcDb2dVertex
 10
28.19974171172362
 20
39.08175688050688
 30
6.526000000000003
 42
-0.2028426941985058
 70
     1
  0
VERTEX
  5
ECB
330
E7E
100
AcDbEntity
  8
1cvd
100
AcDbVertex
100
AcDb2dVertex
 10
28.19366666662972
 20
39.09640579670668
 30
6.526000000000003
  0
VERTEX
  5
ECC
330
E7E
100
AcDbEntity
  8
1cvd
100
AcDbVertex
100
AcDb2dVertex
 10
28.1958208741271
 20
39.39842766616493
 30
6.526000000000003
  0
VERTEX
  5
ECD
330
E7E
100
AcDbEntity
  8
1cvd
100
AcDbVertex
100
AcDb2dVertex
 10
28.19797508162447
 20
39.70044953562319
 30
6.526000000000003
 42
-0.0224634216493587
  0
VERTEX
  5
ECE
330
E7E
100
AcDbEntity
  8
1cvd
100
AcDbVertex
100
AcDb2dVertex
 10
28.20565268653445
 20
39.84781564865262
 30
6.526000000000003
 42
-0.0213069576435991
 70
     1
  0
VERTEX
  5
ECF
330
E7E
100
AcDbEntity
  8
1cvd
100
AcDbVertex
100
AcDb2dVertex
 10
28.22729612753028
 20
40.00187015905976
 30
6.526000000000003
  0
VERTEX
  5
ED0
330
E7E
100
AcDbEntity
  8
1cvd
100
AcDbVertex
100
AcDb2dVertex
 10
28.45909775857581
 20
41.26009684801101
 30
6.526000000000003
  0
VERTEX
  5
ED1
330
E7E
100
AcDbEntity
  8
1cvd
100
AcDbVertex
100
AcDb2dVertex
 10
28.69089938962133
 20
42.51832353603094
 30
6.526000000000003
 42
-0.0224634216810998
  0
VERTEX
  5
ED2
330
E7E
100
AcDbEntity
  8
1cvd
100
AcDbVertex
100
AcDb2dVertex
 10
28.76628693693783
 20
42.84454659000039
 30
6.526000000000003
 42
-0.0079262150249319
 70
     1
  0
VERTEX
  5
ED3
330
E7E
100
AcDbEntity
  8
1cvd
100
AcDbVertex
100
AcDb2dVertex
 10
29.03557777771494
 20
43.75399999972432
 30
6.526000000000003
  0
VERTEX
  5
ED4
330
E7E
100
AcDbEntity
  8
1cvd
100
AcDbVertex
100
AcDb2dVertex
 10
29.12200387788471
 20
44.02974592149258
 30
6.526000000000003
  0
VERTEX
  5
ED5
330
E7E
100
AcDbEntity
  8
1cvd
100
AcDbVertex
100
AcDb2dVertex
 10
29.20842997805448
 20
44.30549184419215
 30
6.526000000000003
 42
-0.0224634246954527
  0
VERTEX
  5
ED6
330
E7E
100
AcDbEntity
  8
1cvd
100
AcDbVertex
100
AcDb2dVertex
 10
29.24147751217243
 20
44.39640735834837
 30
6.526000000000003
 42
-0.0112454174505949
 70
     1
  0
VERTEX
  5
ED7
330
E7E
100
AcDbEntity
  8
1cvd
100
AcDbVertex
100
AcDb2dVertex
 10
29.31954545452027
 20
44.57309090904892
 30
6.526000000000003
  0
SEQEND
  5
ED8
330
E7E
100
AcDbEntity
  8
1cvd
  0
POLYLINE
  5
ED9
102
{ACAD_REACTORS
330
203B
102
}
330
1F
100
AcDbEntity
  8
1cvd
100
AcDb2dPolyline
 66
     1
 10
0.0
 20
0.0
 30
4.026000000000003
 70
     2
  0
VERTEX
  5
EDA
330
ED9
100
AcDbEntity
  8
1cvd
100
AcDbVertex
100
AcDb2dVertex
 10
9.839549908523496
 20
25.64574438055333
 30
4.026000000000003
  0
VERTEX
  5
EDB
330
ED9
100
AcDbEntity
  8
1cvd
100
AcDbVertex
100
AcDb2dVertex
 10
11.66077170101925
 20
24.81546857394278
 30
4.026000000000003
  0
VERTEX
  5
EDC
330
ED9
100
AcDbEntity
  8
1cvd
100
AcDbVertex
100
AcDb2dVertex
 10
11.99612375925062
 20
24.66258510854095
 30
4.026000000000003
 42
0.0224634144246933
  0
VERTEX
  5
EDD
330
ED9
100
AcDbEntity
  8
1cvd
100
AcDbVertex
100
AcDb2dVertex
 10
12.16071046737488
 20
24.59630800783634
 30
4.026000000000003
 42
0.0207071551714387
 70
     1
  0
VERTEX
  5
EDE
330
ED9
100
AcDbEntity
  8
1cvd
100
AcDbVertex
100
AcDb2dVertex
 10
12.34477672202047
 20
24.54007600899786
 30
4.026000000000003
 42
0.012503512228177
  0
VERTEX
  5
EDF
330
ED9
100
AcDbEntity
  8
1cvd
100
AcDbVertex
100
AcDb2dVertex
 10
12.44379307923373
 20
24.51688366383314
 30
4.026000000000003
 42
0.0092537057039142
 70
     1
  0
VERTEX
  5
EE0
330
ED9
100
AcDbEntity
  8
1cvd
100
AcDbVertex
100
AcDb2dVertex
 10
12.57880992471473
 20
24.49139759130776
 30
4.026000000000003
 42
0.0211763685464092
  0
VERTEX
  5
EE1
330
ED9
100
AcDbEntity
  8
1cvd
100
AcDbVertex
100
AcDb2dVertex
 10
12.79070266673807
 20
24.46461855433881
 30
4.026000000000003
 42
-0.0170599560640933
 70
     1
  0
VERTEX
  5
EE2
330
ED9
100
AcDbEntity
  8
1cvd
100
AcDbVertex
100
AcDb2dVertex
 10
13.05394670082023
 20
24.43354856595397
 30
4.026000000000003
 42
-0.0133650584296677
  0
VERTEX
  5
EE3
330
ED9
100
AcDbEntity
  8
1cvd
100
AcDbVertex
100
AcDb2dVertex
 10
13.21145771292504
 20
24.40515820682049
 30
4.026000000000003
 42
-0.0269394259571087
 70
     1
  0
VERTEX
  5
EE4
330
ED9
100
AcDbEntity
  8
1cvd
100
AcDbVertex
100
AcDb2dVertex
 10
13.28825572517235
 20
24.3848167937249
 30
4.026000000000003
 42
-0.047773906554396
  0
VERTEX
  5
EE5
330
ED9
100
AcDbEntity
  8
1cvd
100
AcDbVertex
100
AcDb2dVertex
 10
13.37323134613689
 20
24.34805895201862
 30
4.026000000000003
 42
-0.0133629263005799
 70
     1
  0
VERTEX
  5
EE6
330
ED9
100
AcDbEntity
  8
1cvd
100
AcDbVertex
100
AcDb2dVertex
 10
13.6581449402729
 20
24.18094564508647
 30
4.026000000000003
 42
-0.0195146655052441
  0
VERTEX
  5
EE7
330
ED9
100
AcDbEntity
  8
1cvd
100
AcDbVertex
100
AcDb2dVertex
 10
14.08469057135517
 20
23.89149563480168
 30
4.026000000000003
 42
0.0304757880327625
 70
     1
  0
VERTEX
  5
EE8
330
ED9
100
AcDbEntity
  8
1cvd
100
AcDbVertex
100
AcDb2dVertex
 10
14.36196862388169
 20
23.71208066400141
 30
4.026000000000003
 42
0.0057421524024647
  0
VERTEX
  5
EE9
330
ED9
100
AcDbEntity
  8
1cvd
100
AcDbVertex
100
AcDb2dVertex
 10
14.57747864827979
 20
23.59381832834333
 30
4.026000000000003
 42
-0.0079742458938437
 70
     1
  0
VERTEX
  5
EEA
330
ED9
100
AcDbEntity
  8
1cvd
100
AcDbVertex
100
AcDb2dVertex
 10
14.73228915658546
 20
23.50796385575086
 30
4.026000000000003
 42
-0.0021760375313284
  0
VERTEX
  5
EEB
330
ED9
100
AcDbEntity
  8
1cvd
100
AcDbVertex
100
AcDb2dVertex
 10
14.77204920531949
 20
23.4848462715745
 30
4.026000000000003
 42
0.0037828163693431
 70
     1
  0
VERTEX
  5
EEC
330
ED9
100
AcDbEntity
  8
1cvd
100
AcDbVertex
100
AcDb2dVertex
 10
14.79495443275664
 20
23.47162699885666
 30
4.026000000000003
 42
0.0266144607683128
  0
VERTEX
  5
EED
330
ED9
100
AcDbEntity
  8
1cvd
100
AcDbVertex
100
AcDb2dVertex
 10
14.8341424613609
 20
23.45208178367466
 30
4.026000000000003
 42
-0.0115023182029976
 70
     1
  0
VERTEX
  5
EEE
330
ED9
100
AcDbEntity
  8
1cvd
100
AcDbVertex
100
AcDb2dVertex
 10
14.92608917102916
 20
23.40964147541672
 30
4.026000000000003
 42
-0.0175063626857909
  0
VERTEX
  5
EEF
330
ED9
100
AcDbEntity
  8
1cvd
100
AcDbVertex
100
AcDb2dVertex
 10
14.98627269768622
 20
23.37750544399023
 30
4.026000000000003
 42
-0.2569940850230542
 70
     1
  0
VERTEX
  5
EF0
330
ED9
100
AcDbEntity
  8
1cvd
100
AcDbVertex
100
AcDb2dVertex
 10
14.98882868519286
 20
23.37326294835657
 30
4.026000000000003
  0
VERTEX
  5
EF1
330
ED9
100
AcDbEntity
  8
1cvd
100
AcDbVertex
100
AcDb2dVertex
 10
14.99849481676938
 20
23.12639315053821
 30
4.026000000000003
  0
VERTEX
  5
EF2
330
ED9
100
AcDbEntity
  8
1cvd
100
AcDbVertex
100
AcDb2dVertex
 10
15.0081609483459
 20
22.87952335271985
 30
4.026000000000003
 42
-0.0224634208936344
  0
VERTEX
  5
EF3
330
ED9
100
AcDbEntity
  8
1cvd
100
AcDbVertex
100
AcDb2dVertex
 10
15.00767940265359
 20
22.79627672582865
 30
4.026000000000003
 42
-0.0113566111631709
 70
     1
  0
VERTEX
  5
EF4
330
ED9
100
AcDbEntity
  8
1cvd
100
AcDbVertex
100
AcDb2dVertex
 10
14.99560574942734
 20
22.63211704324931
 30
4.026000000000003
 42
-0.0118118600271913
  0
VERTEX
  5
EF5
330
ED9
100
AcDbEntity
  8
1cvd
100
AcDbVertex
100
AcDb2dVertex
 10
14.98285439261235
 20
22.52614418417215
 30
4.026000000000003
 42
-0.0074556012796376
 70
     1
  0
VERTEX
  5
EF6
330
ED9
100
AcDbEntity
  8
1cvd
100
AcDbVertex
100
AcDb2dVertex
 10
14.95620185835287
 20
22.35916898492724
 30
4.026000000000003
 42
-0.0283970211553409
  0
VERTEX
  5
EF7
330
ED9
100
AcDbEntity
  8
1cvd
100
AcDbVertex
100
AcDb2dVertex
 10
14.89029351173667
 20
22.07764906901866
 30
4.026000000000003
 42
0.0312151902744668
 70
     1
  0
VERTEX
  5
EF8
330
ED9
100
AcDbEntity
  8
1cvd
100
AcDbVertex
100
AcDb2dVertex
 10
14.83176882087718
 20
21.82116868440062
 30
4.026000000000003
 42
0.0046357254708374
  0
VERTEX
  5
EF9
330
ED9
100
AcDbEntity
  8
1cvd
100
AcDbVertex
100
AcDb2dVertex
 10
14.80154863861389
 20
21.62475319392979
 30
4.026000000000003
 42
0.0119029448482316
 70
     1
  0
VERTEX
  5
EFA
330
ED9
100
AcDbEntity
  8
1cvd
100
AcDbVertex
100
AcDb2dVertex
 10
14.79231413610978
 20
21.54790052305907
 30
4.026000000000003
  0
VERTEX
  5
EFB
330
ED9
100
AcDbEntity
  8
1cvd
100
AcDbVertex
100
AcDb2dVertex
 10
14.69672580447513
 20
20.5529597112909
 30
4.026000000000003
  0
VERTEX
  5
EFC
330
ED9
100
AcDbEntity
  8
1cvd
100
AcDbVertex
100
AcDb2dVertex
 10
14.60113747284049
 20
19.55801890045404
 30
4.026000000000003
 42
0.0374616540007069
  0
VERTEX
  5
EFD
330
ED9
100
AcDbEntity
  8
1cvd
100
AcDbVertex
100
AcDb2dVertex
 10
14.59275607537711
 20
19.15690239053219
 30
4.026000000000003
 42
-0.024984900278608
 70
     1
  0
VERTEX
  5
EFE
330
ED9
100
AcDbEntity
  8
1cvd
100
AcDbVertex
100
AcDb2dVertex
 10
14.59518250473775
 20
18.55582127161324
 30
4.026000000000003
 42
-0.011180324088938
  0
VERTEX
  5
EFF
330
ED9
100
AcDbEntity
  8
1cvd
100
AcDbVertex
100
AcDb2dVertex
 10
14.5747123977053
 20
18.25650120805949
 30
4.026000000000003
 42
0.011288015117879
 70
     1
  0
VERTEX
  5
F00
330
ED9
100
AcDbEntity
  8
1cvd
100
AcDbVertex
100
AcDb2dVertex
 10
14.55450141214533
 20
17.96003196947276
 30
4.026000000000003
 42
0.0302842819233704
  0
VERTEX
  5
F01
330
ED9
100
AcDbEntity
  8
1cvd
100
AcDbVertex
100
AcDb2dVertex
 10
14.56340235850075
 20
17.36897210404277
 30
4.026000000000003
 42
-0.0296068166821609
 70
     1
  0
VERTEX
  5
F02
330
ED9
100
AcDbEntity
  8
1cvd
100
AcDbVertex
100
AcDb2dVertex
 10
14.57332500477787
 20
16.76442493218928
 30
4.026000000000003
 42
-0.0063436587909159
  0
VERTEX
  5
F03
330
ED9
100
AcDbEntity
  8
1cvd
100
AcDbVertex
100
AcDb2dVertex
 10
14.55670025962172
 20
16.46503412630409
 30
4.026000000000003
 42
-0.0063814870481094
 70
     1
  0
VERTEX
  5
F04
330
ED9
100
AcDbEntity
  8
1cvd
100
AcDbVertex
100
AcDb2dVertex
 10
14.53260590630816
 20
16.16793482657522
 30
4.026000000000003
 42
-0.011813458574388
  0
VERTEX
  5
F05
330
ED9
100
AcDbEntity
  8
1cvd
100
AcDbVertex
100
AcDb2dVertex
 10
14.48737433110364
 20
15.78413268271833
 30
4.026000000000003
 42
-0.0063405651321215
 70
     1
  0
VERTEX
  5
F06
330
ED9
100
AcDbEntity
  8
1cvd
100
AcDbVertex
100
AcDb2dVertex
 10
14.37721069692634
 20
15.07265057880431
 30
4.026000000000003
 42
-0.0317420087397698
  0
VERTEX
  5
F07
330
ED9
100
AcDbEntity
  8
1cvd
100
AcDbVertex
100
AcDb2dVertex
 10
14.10549882653868
 20
13.91094699781388
 30
4.026000000000003
 42
0.0370655155632634
 70
     1
  0
VERTEX
  5
F08
330
ED9
100
AcDbEntity
  8
1cvd
100
AcDbVertex
100
AcDb2dVertex
 10
13.88332273997366
 20
12.91330909449607
 30
4.026000000000003
 42
0.0023913789625248
  0
VERTEX
  5
F09
330
ED9
100
AcDbEntity
  8
1cvd
100
AcDbVertex
100
AcDb2dVertex
 10
13.79448426235467
 20
12.28402179013938
 30
4.026000000000003
 42
-0.0032197225713994
 70
     1
  0
VERTEX
  5
F0A
330
ED9
100
AcDbEntity
  8
1cvd
100
AcDbVertex
100
AcDb2dVertex
 10
13.72772690758575
 20
11.81674029398709
 30
4.026000000000003
 42
-0.0008433740344453
  0
VERTEX
  5
F0B
330
ED9
100
AcDbEntity
  8
1cvd
100
AcDbVertex
100
AcDb2dVertex
 10
13.7105395150138
 20
11.70304081775248
 30
4.026000000000003
 42
0.0015666666782122
 70
     1
  0
VERTEX
  5
F0C
330
ED9
100
AcDbEntity
  8
1cvd
100
AcDbVertex
100
AcDb2dVertex
 10
13.70137566083576
 20
11.64182021375745
 30
4.026000000000003
 42
0.0352527437478124
  0
VERTEX
  5
F0D
330
ED9
100
AcDbEntity
  8
1cvd
100
AcDbVertex
100
AcDb2dVertex
 10
13.6898711664835
 20
11.48865933064371
 30
4.026000000000003
 42
-0.0269748698667086
 70
     1
  0
VERTEX
  5
F0E
330
ED9
100
AcDbEntity
  8
1cvd
100
AcDbVertex
100
AcDb2dVertex
 10
13.67815478984266
 20
11.28837923333048
 30
4.026000000000003
 42
-0.0092844037978801
  0
VERTEX
  5
F0F
330
ED9
100
AcDbEntity
  8
1cvd
100
AcDbVertex
100
AcDb2dVertex
 10
13.66481678996933
 20
11.18709727469831
 30
4.026000000000003
 42
-0.0126493038884477
 70
     1
  0
VERTEX
  5
F10
330
ED9
100
AcDbEntity
  8
1cvd
100
AcDbVertex
100
AcDb2dVertex
 10
13.65177545399638
 20
11.11325316410511
 30
4.026000000000003
 42
-0.0207389105285356
  0
VERTEX
  5
F11
330
ED9
100
AcDbEntity
  8
1cvd
100
AcDbVertex
100
AcDb2dVertex
 10
13.63030793087091
 20
11.02612299472093
 30
4.026000000000003
 42
-0.0092811503612914
 70
     1
  0
VERTEX
  5
F12
330
ED9
100
AcDbEntity
  8
1cvd
100
AcDbVertex
100
AcDb2dVertex
 10
13.5707640616456
 20
10.8347235834226
 30
4.026000000000003
 42
-0.0240571409673255
  0
VERTEX
  5
F13
330
ED9
100
AcDbEntity
  8
1cvd
100
AcDbVertex
100
AcDb2dVertex
 10
13.46336793166119
 20
10.55640737526118
 30
4.026000000000003
 42
0.0254052708811113
 70
     1
  0
VERTEX
  5
F14
330
ED9
100
AcDbEntity
  8
1cvd
100
AcDbVertex
100
AcDb2dVertex
 10
13.36237473529763
 20
10.2925696792081
 30
4.026000000000003
 42
0.0079296058126142
  0
VERTEX
  5
F15
330
ED9
100
AcDbEntity
  8
1cvd
100
AcDbVertex
100
AcDb2dVertex
 10
13.29710229474585
 20
10.08075169660151
 30
4.026000000000003
 42
0.0255302640801293
 70
     1
  0
VERTEX
  5
F16
330
ED9
100
AcDbEntity
  8
1cvd
100
AcDbVertex
100
AcDb2dVertex
 10
13.28126356290886
 20
10.0137141207233
 30
4.026000000000003
  0
VERTEX
  5
F17
330
ED9
100
AcDbEntity
  8
1cvd
100
AcDbVertex
100
AcDb2dVertex
 10
12.92212324793218
 20
8.050812044180929
 30
4.026000000000003
  0
VERTEX
  5
F18
330
ED9
100
AcDbEntity
  8
1cvd
100
AcDbVertex
100
AcDb2dVertex
 10
12.56298293295549
 20
6.087909967638552
 30
4.026000000000003
 42
0.0224634217680428
  0
VERTEX
  5
F19
330
ED9
100
AcDbEntity
  8
1cvd
100
AcDbVertex
100
AcDb2dVertex
 10
12.32811012124875
 20
4.372115101665258
 30
4.026000000000003
 42
0.140732409571003
 70
     1
  0
VERTEX
  5
F1A
330
ED9
100
AcDbEntity
  8
1cvd
100
AcDbVertex
100
AcDb2dVertex
 10
12.38090887572616
 20
4.095347928814589
 30
4.026000000000003
  0
VERTEX
  5
F1B
330
ED9
100
AcDbEntity
  8
1cvd
100
AcDbVertex
100
AcDb2dVertex
 10
12.8605410529417
 20
3.14674468897283
 30
4.026000000000003
  0
VERTEX
  5
F1C
330
ED9
100
AcDbEntity
  8
1cvd
100
AcDbVertex
100
AcDb2dVertex
 10
13.34017323009902
 20
2.198141449131071
 30
4.026000000000003
 42
0.0224634225415505
  0
VERTEX
  5
F1D
330
ED9
100
AcDbEntity
  8
1cvd
100
AcDbVertex
100
AcDb2dVertex
 10
13.59449185652193
 20
1.746719952672719
 30
4.026000000000003
 42
0.0212101925148443
 70
     1
  0
VERTEX
  5
F1E
330
ED9
100
AcDbEntity
  8
1cvd
100
AcDbVertex
100
AcDb2dVertex
 10
13.9044942408218
 20
1.293965444900095
 30
4.026000000000003
  0
VERTEX
  5
F1F
330
ED9
100
AcDbEntity
  8
1cvd
100
AcDbVertex
100
AcDb2dVertex
 10
14.36565645120572
 20
0.6781830498948694
 30
4.026000000000003
  0
VERTEX
  5
F20
330
ED9
100
AcDbEntity
  8
1cvd
100
AcDbVertex
100
AcDb2dVertex
 10
14.82681866158964
 20
0.0624006539583206
 30
4.026000000000003
 42
0.0224634272032908
  0
VERTEX
  5
F21
330
ED9
100
AcDbEntity
  8
1cvd
100
AcDbVertex
100
AcDb2dVertex
 10
14.99029648152645
 20
-0.1365964822471142
 30
4.026000000000003
 42
0.0112454185162191
 70
     1
  0
VERTEX
  5
F22
330
ED9
100
AcDbEntity
  8
1cvd
100
AcDbVertex
100
AcDb2dVertex
 10
15.3427542168647
 20
-0.5110650602728129
 30
4.026000000000003
  0
SEQEND
  5
F23
330
ED9
100
AcDbEntity
  8
1cvd
  0
POLYLINE
  5
F24
102
{ACAD_REACTORS
330
203B
102
}
330
1F
100
AcDbEntity
  8
1cvd
100
AcDb2dPolyline
 66
     1
 10
0.0
 20
0.0
 30
1.526000000000003
 70
     2
  0
VERTEX
  5
F25
330
F24
100
AcDbEntity
  8
1cvd
100
AcDbVertex
100
AcDb2dVertex
 10
7.192035810148809
 20
0.0754145029932261
 30
1.526000000000003
  0
VERTEX
  5
F26
330
F24
100
AcDbEntity
  8
1cvd
100
AcDbVertex
100
AcDb2dVertex
 10
7.47962127032224
 20
2.342547385022044
 30
1.526000000000003
  0
VERTEX
  5
F27
330
F24
100
AcDbEntity
  8
1cvd
100
AcDbVertex
100
AcDb2dVertex
 10
7.767206730437465
 20
4.609680266119539
 30
1.526000000000003
 42
-0.1157678824788371
  0
VERTEX
  5
F28
330
F24
100
AcDbEntity
  8
1cvd
100
AcDbVertex
100
AcDb2dVertex
 10
8.40231790067628
 20
6.314111240208148
 30
1.526000000000003
 42
0.4529665534029597
 70
     1
  0
VERTEX
  5
F29
330
F24
100
AcDbEntity
  8
1cvd
100
AcDbVertex
100
AcDb2dVertex
 10
8.258354414487257
 20
6.847883530892431
 30
1.526000000000003
  0
VERTEX
  5
F2A
330
F24
100
AcDbEntity
  8
1cvd
100
AcDbVertex
100
AcDb2dVertex
 10
7.849701014813035
 20
7.048683080822229
 30
1.526000000000003
  0
VERTEX
  5
F2B
330
F24
100
AcDbEntity
  8
1cvd
100
AcDbVertex
100
AcDb2dVertex
 10
7.441047615080606
 20
7.249482630752027
 30
1.526000000000003
 42
-0.0283492747531524
  0
VERTEX
  5
F2C
330
F24
100
AcDbEntity
  8
1cvd
100
AcDbVertex
100
AcDb2dVertex
 10
7.358474601700436
 20
7.296040102839469
 30
1.526000000000003
 42
0.0074217077625203
 70
     1
  0
VERTEX
  5
F2D
330
F24
100
AcDbEntity
  8
1cvd
100
AcDbVertex
100
AcDb2dVertex
 10
7.051009357441216
 20
7.486773549579083
 30
1.526000000000003
  0
VERTEX
  5
F2E
330
F24
100
AcDbEntity
  8
1cvd
100
AcDbVertex
100
AcDb2dVertex
 10
6.930417005263734
 20
7.559125633910298
 30
1.526000000000003
  0
VERTEX
  5
F2F
330
F24
100
AcDbEntity
  8
1cvd
100
AcDbVertex
100
AcDb2dVertex
 10
6.80982465314446
 20
7.631477718241512
 30
1.526000000000003
 42
-0.0224633725720703
  0
VERTEX
  5
F30
330
F24
100
AcDbEntity
  8
1cvd
100
AcDbVertex
100
AcDb2dVertex
 10
6.765762111521326
 20
7.660682212561368
 30
1.526000000000003
 42
-0.0134537599191951
 70
     1
  0
VERTEX
  5
F31
330
F24
100
AcDbEntity
  8
1cvd
100
AcDbVertex
100
AcDb2dVertex
 10
6.695903749961871
 20
7.714580624364316
 30
1.526000000000003
 42
-0.0025196119160263
  0
VERTEX
  5
F32
330
F24
100
AcDbEntity
  8
1cvd
100
AcDbVertex
100
AcDb2dVertex
 10
6.680700963712297
 20
7.727104764431715
 30
1.526000000000003
 42
-0.0057798775441703
 70
     1
  0
VERTEX
  5
F33
330
F24
100
AcDbEntity
  8
1cvd
100
AcDbVertex
100
AcDb2dVertex
 10
6.674165075877681
 20
7.732673742808401
 30
1.526000000000003
 42
-0.0280211004241994
  0
VERTEX
  5
F34
330
F24
100
AcDbEntity
  8
1cvd
100
AcDbVertex
100
AcDb2dVertex
 10
6.655624717765022
 20
7.750769994221627
 30
1.526000000000003
 42
0.0236224959501113
 70
     1
  0
VERTEX
  5
F35
330
F24
100
AcDbEntity
  8
1cvd
100
AcDbVertex
100
AcDb2dVertex
 10
6.633826535311527
 20
7.772423491813242
 30
1.526000000000003
 42
0.0101720873921385
  0
VERTEX
  5
F36
330
F24
100
AcDbEntity
  8
1cvd
100
AcDbVertex
100
AcDb2dVertex
 10
6.616794640547595
 20
7.787196341902017
 30
1.526000000000003
 42
0.0396464117131202
 70
     1
  0
VERTEX
  5
F37
330
F24
100
AcDbEntity
  8
1cvd
100
AcDbVertex
100
AcDb2dVertex
 10
6.612062612839508
 20
7.790538229979574
 30
1.526000000000003
  0
VERTEX
  5
F38
330
F24
100
AcDbEntity
  8
1cvd
100
AcDbVertex
100
AcDb2dVertex
 10
6.247586190118454
 20
8.006862664595246
 30
1.526000000000003
  0
VERTEX
  5
F39
330
F24
100
AcDbEntity
  8
1cvd
100
AcDbVertex
100
AcDb2dVertex
 10
5.883109767397399
 20
8.223187099210917
 30
1.526000000000003
 42
0.0440532792164343
  0
VERTEX
  5
F3A
330
F24
100
AcDbEntity
  8
1cvd
100
AcDbVertex
100
AcDb2dVertex
 10
5.695434225723147
 20
8.31328806746751
 30
1.526000000000003
 42
-0.042296078119128
 70
     1
  0
VERTEX
  5
F3B
330
F24
100
AcDbEntity
  8
1cvd
100
AcDbVertex
100
AcDb2dVertex
 10
5.49966461159056
 20
8.406431565061211
 30
1.526000000000003
  0
VERTEX
  5
F3C
330
F24
100
AcDbEntity
  8
1cvd
100
AcDbVertex
100
AcDb2dVertex
 10
5.174840515770483
 20
8.596153044141829
 30
1.526000000000003
  0
VERTEX
  5
F3D
330
F24
100
AcDbEntity
  8
1cvd
100
AcDbVertex
100
AcDb2dVertex
 10
4.850016419892199
 20
8.785874522291123
 30
1.526000000000003
 42
0.0224634122106182
  0
VERTEX
  5
F3E
330
F24
100
AcDbEntity
  8
1cvd
100
AcDbVertex
100
AcDb2dVertex
 10
4.738537175930105
 20
8.84443824738264
 30
1.526000000000003
 42
0.0672217471966666
 70
     1
  0
VERTEX
  5
F3F
330
F24
100
AcDbEntity
  8
1cvd
100
AcDbVertex
100
AcDb2dVertex
 10
3.310882508027255
 20
9.293186590023038
 30
1.526000000000003
  0
SEQEND
  5
F40
330
F24
100
AcDbEntity
  8
1cvd
  0
TEXT
  5
F80
102
{ACAD_REACTORS
330
203B
102
}
330
1F
100
AcDbEntity
  8
1cotas_1
100
AcDbText
 10
45.64399999997113
 20
29.06399999931455
 30
8.098999999999996
 40
0.1
  1
71.573
100
AcDbText
  0
TEXT
  5
F81
102
{ACAD_REACTORS
330
203B
102
}
330
1F
100
AcDbEntity
  8
1cotas_1
100
AcDbText
 10
44.18699999997625
 20
25.43799999915064
 30
8.098999999999996
 40
0.1
  1
70.943
100
AcDbText
  0
TEXT
  5
F82
102
{ACAD_REACTORS
330
203B
102
}
330
1F
100
AcDbEntity
  8
1cotas_1
100
AcDbText
 10
49.77099999994971
 20
23.39599999971688
 30
8.098999999999996
 40
0.1
  1
71.426
100
AcDbText
  0
TEXT
  5
F83
102
{ACAD_REACTORS
330
203B
102
}
330
1F
100
AcDbEntity
  8
1cotas_1
100
AcDbText
 10
44.87499999994179
 20
14.7519999993965
 30
8.098999999999996
 40
0.1
  1
70.846
100
AcDbText
  0
TEXT
  5
F84
102
{ACAD_REACTORS
330
203B
102
}
330
1F
100
AcDbEntity
  8
1cotas_1
100
AcDbText
 10
38.33099999994738
 20
3.419999998994171
 30
8.098999999999996
 40
0.1
  1
69.925
100
AcDbText
  0
TEXT
  5
F85
330
1F
100
AcDbEntity
  8
1cotas_1
100
AcDbText
 10
37.09199999994599
 20
1.210999999195337
 30
8.098999999999996
 40
0.1
  1
69.449
100
AcDbText
  0
TEXT
  5
F86
330
1F
100
AcDbEntity
  8
1cotas_1
100
AcDbText
 10
31.55899999995018
 20
3.0699999993667
 30
8.098999999999996
 40
0.1
  1
69.295
100
AcDbText
  0
TEXT
  5
F87
102
{ACAD_REACTORS
330
203B
102
}
330
1F
100
AcDbEntity
  8
1cotas_1
100
AcDbText
 10
34.23299999994924
 20
11.84199999924749
 30
8.098999999999996
 40
0.1
  1
69.967
100
AcDbText
  0
TEXT
  5
F88
102
{ACAD_REACTORS
330
203B
102
}
330
1F
100
AcDbEntity
  8
1cotas_1
100
AcDbText
 10
35.07999999995809
 20
20.69399999920279
 30
8.098999999999996
 40
0.1
  1
70.223
100
AcDbText
  0
TEXT
  5
F89
102
{ACAD_REACTORS
330
203B
102
}
330
1F
100
AcDbEntity
  8
1cotas_1
100
AcDbText
 10
31.88599999994039
 20
31.70099999941886
 30
8.098999999999996
 40
0.1
  1
69.995
100
AcDbText
  0
TEXT
  5
F8A
102
{ACAD_REACTORS
330
203B
102
}
330
1F
100
AcDbEntity
  8
1cotas_1
100
AcDbText
 10
27.9319999999716
 20
29.50199999939651
 30
8.098999999999996
 40
0.1
  1
69.768
100
AcDbText
  0
TEXT
  5
F8B
330
1F
100
AcDbEntity
  8
1cotas_1
100
AcDbText
 10
24.8749999999418
 20
23.47399999946356
 30
8.098999999999996
 40
0.1
  1
69.310
100
AcDbText
  0
TEXT
  5
F8C
330
1F
100
AcDbEntity
  8
1cotas_1
100
AcDbText
 10
26.89299999998184
 20
16.49299999978393
 30
8.098999999999996
 40
0.1
  1
69.411
100
AcDbText
  0
TEXT
  5
F8D
330
1F
100
AcDbEntity
  8
1cotas_1
100
AcDbText
 10
24.34599999996135
 20
7.045999999158084
 30
8.098999999999996
 40
0.1
  1
68.844
100
AcDbText
  0
TEXT
  5
F8E
330
1F
100
AcDbEntity
  8
1cotas_1
100
AcDbText
 10
19.3519999999553
 20
2.837999999523162
 30
8.098999999999996
 40
0.1
  1
68.142
100
AcDbText
  0
TEXT
  5
F8F
330
1F
100
AcDbEntity
  8
1cotas_1
100
AcDbText
 10
16.71899999998277
 20
-0.8750000009313225
 30
8.098999999999996
 40
0.1
  1
67.602
100
AcDbText
  0
TEXT
  5
F91
330
1F
100
AcDbEntity
  8
1cotas_1
100
AcDbText
 10
14.31399999995483
 20
10.13199999928474
 30
8.098999999999996
 40
0.1
  1
68.032
100
AcDbText
  0
TEXT
  5
F94
330
1F
100
AcDbEntity
  8
1cotas_1
100
AcDbText
 10
30.7829999999376
 20
44.21899999957531
 30
8.098999999999996
 40
0.1
  1
70.140
100
AcDbText
  0
TEXT
  5
F95
330
1F
100
AcDbEntity
  8
1cotas_1
100
AcDbText
 10
26.89599999994971
 20
45.12399999890476
 30
8.098999999999996
 40
0.1
  1
69.755
100
AcDbText
  0
TEXT
  5
F96
330
1F
100
AcDbEntity
  8
1cotas_1
100
AcDbText
 10
25.32699999999022
 20
42.64399999938905
 30
8.098999999999996
 40
0.1
  1
69.690
100
AcDbText
  0
TEXT
  5
F98
330
1F
100
AcDbEntity
  8
1cotas_1
100
AcDbText
 10
16.11799999995855
 20
41.56899999920279
 30
8.098999999999996
 40
0.1
  1
68.741
100
AcDbText
  0
TEXT
  5
F99
330
1F
100
AcDbEntity
  8
1cotas_1
100
AcDbText
 10
13.48199999995995
 20
36.60799999907613
 30
8.098999999999996
 40
0.1
  1
68.544
100
AcDbText
  0
TEXT
  5
F9A
330
1F
100
AcDbEntity
  8
1cotas_1
100
AcDbText
 10
12.22499999997672
 20
32.93599999975413
 30
8.098999999999996
 40
0.1
  1
68.319
100
AcDbText
  0
TEXT
  5
F9B
102
{ACAD_REACTORS
330
203B
102
}
330
1F
100
AcDbEntity
  8
1cotas_1
100
AcDbText
 10
11.95599999994738
 20
26.63199999928475
 30
8.098999999999996
 40
0.1
  1
67.725
100
AcDbText
  0
TEXT
  5
F9C
102
{ACAD_REACTORS
330
203B
102
}
330
1F
100
AcDbEntity
  8
1cotas_1
100
AcDbText
 10
9.932999999960884
 20
20.74799999967217
 30
8.098999999999996
 40
0.1
  1
66.941
100
AcDbText
  0
TEXT
  5
F9D
102
{ACAD_REACTORS
330
203B
102
}
330
1F
100
AcDbEntity
  8
1cotas_1
100
AcDbText
 10
8.802999999956227
 20
18.12199999950826
 30
8.098999999999996
 40
0.1
  1
66.539
100
AcDbText
  0
TEXT
  5
F9E
102
{ACAD_REACTORS
330
203B
102
}
330
1F
100
AcDbEntity
  8
1cotas_1
100
AcDbText
 10
6.70499999995809
 20
13.78999999910593
 30
8.098999999999996
 40
0.1
  1
65.821
100
AcDbText
  0
TEXT
  5
F9F
102
{ACAD_REACTORS
330
203B
102
}
330
1F
100
AcDbEntity
  8
1cotas_1
100
AcDbText
 10
3.585999999952036
 20
6.714999998919665
 30
8.098999999999996
 40
0.1
  1
64.628
100
AcDbText
  0
TEXT
  5
FA0
330
1F
100
AcDbEntity
  8
1cotas_1
100
AcDbText
 10
1.647999999986495
 20
2.072999998927116
 30
8.098999999999996
 40
0.1
  1
63.900
100
AcDbText
  0
TEXT
  5
FA2
102
{ACAD_REACTORS
330
203B
102
}
330
1F
100
AcDbEntity
  8
1cotas_1
100
AcDbText
 10
5.069999999948777
 20
-0.1910000005736947
 30
8.098999999999996
 40
0.1
  1
63.836
100
AcDbText
  0
TEXT
  5
FA3
102
{ACAD_REACTORS
330
203B
102
}
330
1F
100
AcDbEntity
  8
1cotas_1
100
AcDbText
 10
7.866999999969266
 20
10.34799999929964
 30
8.098999999999996
 40
0.1
  1
65.439
100
AcDbText
  0
TEXT
  5
FA4
102
{ACAD_REACTORS
330
203B
102
}
330
1F
100
AcDbEntity
  8
1cotas_1
100
AcDbText
 10
11.85799999994924
 20
20.01699999906123
 30
8.098999999999996
 40
0.1
  1
66.957
100
AcDbText
  0
TEXT
  5
FA6
102
{ACAD_REACTORS
330
203B
102
}
330
1F
100
AcDbEntity
  8
1cotas_1
100
AcDbText
 10
10.01299999997718
 20
15.22599999979138
 30
8.098999999999996
 40
0.1
  1
66.210
100
AcDbText
  0
TEXT
  5
FA7
330
1F
100
AcDbEntity
  8
1cotas_1
100
AcDbText
 10
14.61399999994319
 20
22.09399999957532
 30
8.098999999999996
 40
0.1
  1
67.356
100
AcDbText
  0
TEXT
  5
FA8
330
1F
100
AcDbEntity
  8
1cotas_1
100
AcDbText
 10
15.77799999999115
 20
31.70099999941886
 30
8.098999999999996
 40
0.1
  1
68.352
100
AcDbText
  0
TEXT
  5
FA9
330
1F
100
AcDbEntity
  8
1cotas_1
100
AcDbText
 10
17.1689999999362
 20
35.39599999971688
 30
8.098999999999996
 40
0.1
  1
68.748
100
AcDbText
  0
TEXT
  5
FAA
102
{ACAD_REACTORS
330
203B
102
}
330
1F
100
AcDbEntity
  8
1cotas_1
100
AcDbText
 10
19.89999999996507
 20
37.70699999947101
 30
8.098999999999996
 40
0.1
  1
69.127
100
AcDbText
  0
TEXT
  5
FAC
102
{ACAD_REACTORS
330
203B
102
}
330
1F
100
AcDbEntity
  8
1cotas_1
100
AcDbText
 10
19.55099999997765
 20
35.41999999899417
 30
8.098999999999996
 40
0.1
  1
68.924
100
AcDbText
  0
TEXT
  5
FAE
330
1F
100
AcDbEntity
  8
1cotas_1
100
AcDbText
 10
25.45699999993667
 20
39.52299999911338
 30
8.098999999999996
 40
0.1
  1
69.715
100
AcDbText
  0
TEXT
  5
FB0
102
{ACAD_REACTORS
330
203B
102
}
330
1F
100
AcDbEntity
  8
1cotas_1
100
AcDbText
 10
25.83199999993667
 20
37.37799999956042
 30
8.098999999999996
 40
0.1
  1
69.801
100
AcDbText
  0
TEXT
  5
FB1
330
1F
100
AcDbEntity
  8
1cotas_1
100
AcDbText
 10
32.1929999999702
 20
40.97199999913573
 30
8.098999999999996
 40
0.1
  1
70.287
100
AcDbText
  0
TEXT
  5
FB2
330
1F
100
AcDbEntity
  8
1cotas_1
100
AcDbText
 10
34.99099999997998
 20
40.29599999915808
 30
8.098999999999996
 40
0.1
  1
70.546
100
AcDbText
  0
TEXT
  5
FB6
330
1F
100
AcDbEntity
  8
1cotas_1
100
AcDbText
 10
43.15099999995436
 20
38.33399999979884
 30
8.098999999999996
 40
0.1
  1
71.331
100
AcDbText
  0
TEXT
  5
FB7
330
1F
100
AcDbEntity
  8
1cotas_1
100
AcDbText
 10
42.62199999997392
 20
35.67299999948591
 30
8.098999999999996
 40
0.1
  1
71.258
100
AcDbText
  0
TEXT
  5
FB8
102
{ACAD_REACTORS
330
203B
102
}
330
1F
100
AcDbEntity
  8
1cotas_1
100
AcDbText
 10
42.02699999994365
 20
33.52999999932945
 30
8.098999999999996
 40
0.1
  1
71.362
100
AcDbText
  0
TEXT
  5
FB9
330
1F
100
AcDbEntity
  8
1cotas_1
100
AcDbText
 10
54.12999999994645
 20
30.74899999890476
 30
8.098999999999996
 40
0.1
  1
72.556
100
AcDbText
  0
TEXT
  5
FBB
330
1F
100
AcDbEntity
  8
1cotas_1
100
AcDbText
 10
57.43799999996554
 20
35.09899999946356
 30
8.098999999999996
 40
0.1
  1
72.558
100
AcDbText
  0
POINT
  5
FBC
330
1F
100
AcDbEntity
  8
1puntos_1
100
AcDbPoint
 10
45.59399999998277
 20
29.08899999968708
 30
8.098999999999996
  0
POINT
  5
FBD
330
1F
100
AcDbEntity
  8
1puntos_1
100
AcDbPoint
 10
44.13699999998789
 20
25.46299999952316
 30
7.469000000000001
  0
POINT
  5
FBE
330
1F
100
AcDbEntity
  8
1puntos_1
100
AcDbPoint
 10
49.72099999996135
 20
23.42100000008941
 30
7.952000000000005
  0
POINT
  5
FBF
330
1F
100
AcDbEntity
  8
1puntos_1
100
AcDbPoint
 10
44.82499999995343
 20
14.77699999976903
 30
7.372000000000006
  0
POINT
  5
FC0
330
1F
100
AcDbEntity
  8
1puntos_1
100
AcDbPoint
 10
38.28099999995902
 20
3.4449999993667
 30
6.451
  0
POINT
  5
FC1
330
1F
100
AcDbEntity
  8
1puntos_1
100
AcDbPoint
 10
37.04199999995763
 20
1.235999999567866
 30
5.975000000000001
  0
POINT
  5
FC2
330
1F
100
AcDbEntity
  8
1puntos_1
100
AcDbPoint
 10
31.50899999996182
 20
3.094999999739229
 30
5.821000000000005
  0
POINT
  5
FC3
330
1F
100
AcDbEntity
  8
1puntos_1
100
AcDbPoint
 10
34.18299999996089
 20
11.86699999962002
 30
6.493000000000002
  0
POINT
  5
FC4
330
1F
100
AcDbEntity
  8
1puntos_1
100
AcDbPoint
 10
35.02999999996973
 20
20.71899999957532
 30
6.749000000000002
  0
POINT
  5
FC5
330
1F
100
AcDbEntity
  8
1puntos_1
100
AcDbPoint
 10
31.83599999995204
 20
31.72599999979138
 30
6.521000000000007
  0
POINT
  5
FC6
330
1F
100
AcDbEntity
  8
1puntos_1
100
AcDbPoint
 10
27.88199999998324
 20
29.52699999976903
 30
6.294000000000004
  0
POINT
  5
FC7
330
1F
100
AcDbEntity
  8
1puntos_1
100
AcDbPoint
 10
24.82499999995344
 20
23.49899999983609
 30
5.836000000000005
  0
POINT
  5
FC8
330
1F
100
AcDbEntity
  8
1puntos_1
100
AcDbPoint
 10
26.84299999999348
 20
16.51800000015646
 30
5.937000000000004
  0
POINT
  5
FC9
330
1F
100
AcDbEntity
  8
1puntos_1
100
AcDbPoint
 10
24.29599999997299
 20
7.070999999530613
 30
5.369999999999997
  0
POINT
  5
FCA
330
1F
100
AcDbEntity
  8
1puntos_1
100
AcDbPoint
 10
19.30199999996694
 20
2.862999999895691
 30
4.667999999999999
  0
POINT
  5
FD0
330
1F
100
AcDbEntity
  8
1puntos_1
100
AcDbPoint
 10
30.73299999994925
 20
44.24399999994784
 30
6.666000000000003
  0
POINT
  5
FD1
330
1F
100
AcDbEntity
  8
1puntos_1
100
AcDbPoint
 10
26.84599999996135
 20
45.14899999927729
 30
6.280999999999998
  0
POINT
  5
FD2
330
1F
100
AcDbEntity
  8
1puntos_1
100
AcDbPoint
 10
25.27700000000186
 20
42.66899999976158
 30
6.216000000000001
  0
POINT
  5
FD4
330
1F
100
AcDbEntity
  8
1puntos_1
100
AcDbPoint
 10
16.0679999999702
 20
41.59399999957531
 30
5.267000000000003
  0
POINT
  5
FD5
330
1F
100
AcDbEntity
  8
1puntos_1
100
AcDbPoint
 10
13.43199999997159
 20
36.63299999944866
 30
5.07
  0
POINT
  5
FD6
330
1F
100
AcDbEntity
  8
1puntos_1
100
AcDbPoint
 10
12.17499999998836
 20
32.96100000012666
 30
4.845000000000005
  0
POINT
  5
FD7
330
1F
100
AcDbEntity
  8
1puntos_1
100
AcDbPoint
 10
11.90599999995902
 20
26.65699999965728
 30
4.250999999999997
  0
POINT
  5
FD8
330
1F
100
AcDbEntity
  8
1puntos_1
100
AcDbPoint
 10
9.882999999972525
 20
20.7730000000447
 30
3.467000000000005
  0
POINT
  5
FD9
330
1F
100
AcDbEntity
  8
1puntos_1
100
AcDbPoint
 10
8.752999999967869
 20
18.14699999988079
 30
3.065000000000004
  0
POINT
  5
FDA
330
1F
100
AcDbEntity
  8
1puntos_1
100
AcDbPoint
 10
6.654999999969732
 20
13.81499999947846
 30
2.347000000000001
  0
POINT
  5
FDB
330
1F
100
AcDbEntity
  8
1puntos_1
100
AcDbPoint
 10
3.535999999963678
 20
6.739999999292194
 30
1.154000000000003
  0
POINT
  5
FDC
330
1F
100
AcDbEntity
  8
1puntos_1
100
AcDbPoint
 10
1.597999999998137
 20
2.097999999299645
 30
0.426000000000002
  0
POINT
  5
FDE
330
1F
100
AcDbEntity
  8
1puntos_1
100
AcDbPoint
 10
5.019999999960418
 20
-0.1660000002011657
 30
0.3620000000000019
  0
POINT
  5
FDF
330
1F
100
AcDbEntity
  8
1puntos_1
100
AcDbPoint
 10
7.816999999980907
 20
10.37299999967217
 30
1.964999999999996
  0
POINT
  5
FE0
330
1F
100
AcDbEntity
  8
1puntos_1
100
AcDbPoint
 10
11.80799999996088
 20
20.04199999943375
 30
3.482999999999996
  0
POINT
  5
FE2
330
1F
100
AcDbEntity
  8
1puntos_1
100
AcDbPoint
 10
9.962999999988824
 20
15.25100000016391
 30
2.735999999999997
  0
POINT
  5
FE3
330
1F
100
AcDbEntity
  8
1puntos_1
100
AcDbPoint
 10
14.56399999995483
 20
22.11899999994785
 30
3.881999999999997
  0
POINT
  5
FE4
330
1F
100
AcDbEntity
  8
1puntos_1
100
AcDbPoint
 10
15.72800000000279
 20
31.72599999979138
 30
4.878000000000007
  0
POINT
  5
FE5
330
1F
100
AcDbEntity
  8
1puntos_1
100
AcDbPoint
 10
17.11899999994784
 20
35.42100000008941
 30
5.274000000000008
  0
POINT
  5
FE6
330
1F
100
AcDbEntity
  8
1puntos_1
100
AcDbPoint
 10
19.84999999997672
 20
37.73199999984354
 30
5.652999999999998
  0
POINT
  5
FE8
330
1F
100
AcDbEntity
  8
1puntos_1
100
AcDbPoint
 10
19.50099999998929
 20
35.4449999993667
 30
5.450000000000009
  0
POINT
  5
FEA
330
1F
100
AcDbEntity
  8
1puntos_1
100
AcDbPoint
 10
25.40699999994831
 20
39.54799999948591
 30
6.241000000000006
  0
POINT
  5
FED
330
1F
100
AcDbEntity
  8
1puntos_1
100
AcDbPoint
 10
32.14299999998184
 20
40.99699999950826
 30
6.813000000000009
  0
POINT
  5
FEE
330
1F
100
AcDbEntity
  8
1puntos_1
100
AcDbPoint
 10
34.94099999999162
 20
40.32099999953061
 30
7.072000000000009
  0
POINT
  5
FF2
330
1F
100
AcDbEntity
  8
1puntos_1
100
AcDbPoint
 10
43.10099999996601
 20
38.35900000017137
 30
7.857000000000006
  0
POINT
  5
FF3
330
1F
100
AcDbEntity
  8
1puntos_1
100
AcDbPoint
 10
42.57199999998556
 20
35.69799999985844
 30
7.783999999999998
  0
POINT
  5
FF4
330
1F
100
AcDbEntity
  8
1puntos_1
100
AcDbPoint
 10
41.9769999999553
 20
33.55499999970198
 30
7.887999999999998
  0
POINT
  5
FF5
330
1F
100
AcDbEntity
  8
1puntos_1
100
AcDbPoint
 10
54.07999999995809
 20
30.7739999992773
 30
9.082
  0
POINT
  5
FF7
330
1F
100
AcDbEntity
  8
1puntos_1
100
AcDbPoint
 10
57.38799999997718
 20
35.12399999983609
 30
9.08400000000001
  0
INSERT
  5
1012
330
1F
100
AcDbEntity
  8
Arbol
100
AcDbBlockReference
  2
Arbol
 10
34.59793528355658
 20
28.78847341611982
 30
80.43600000000001
  0
INSERT
  5
1014
330
1F
100
AcDbEntity
  8
Arbol
100
AcDbBlockReference
  2
Arbol
 10
26.22199999995064
 20
35.22399999946356
 30
7.801999999999999
  0
INSERT
  5
1015
330
1F
100
AcDbEntity
  8
Arbol
100
AcDbBlockReference
  2
Arbol
 10
20.17199999996228
 20
31.75699999928474
 30
7.208000000000005
  0
INSERT
  5
1016
330
1F
100
AcDbEntity
  8
Arbol
100
AcDbBlockReference
  2
Arbol
 10
19.52299999998649
 20
26.81900000013411
 30
7.018999999999998
  0
INSERT
  5
1017
330
1F
100
AcDbEntity
  8
Arbol
100
AcDbBlockReference
  2
Arbol
 10
29.68199999997159
 20
30.15699999965728
 30
7.972000000000001
  0
INSERT
  5
1018
330
1F
100
AcDbEntity
  8
Arbol
100
AcDbBlockReference
  2
Arbol
 10
30.23699999996461
 20
30.14499999955297
 30
8.018000000000007
  0
INSERT
  5
1019
330
1F
100
AcDbEntity
  8
Arbol
100
AcDbBlockReference
  2
Arbol
 10
27.3640000000014
 20
28.65499999932945
 30
7.729000000000006
  0
INSERT
  5
101A
330
1F
100
AcDbEntity
  8
Arbol
100
AcDbBlockReference
  2
Arbol
 10
20.45199999999022
 20
23.70999999996275
 30
6.981000000000001
  0
INSERT
  5
101B
330
1F
100
AcDbEntity
  8
Arbol
100
AcDbBlockReference
  2
Arbol
 10
39.4769999999553
 20
31.19699999969453
 30
10.497
  0
INSERT
  5
101C
330
1F
100
AcDbEntity
  8
Arbol
100
AcDbBlockReference
  2
Arbol
 10
36.01199999998789
 20
28.51499999966473
 30
10.57800000000001
  0
INSERT
  5
101D
330
1F
100
AcDbEntity
  8
Arbol
100
AcDbBlockReference
  2
Arbol
 10
31.99699999997392
 20
24.9769999999553
 30
10.656
  0
INSERT
  5
101E
330
1F
100
AcDbEntity
  8
Arbol
100
AcDbBlockReference
  2
Arbol
 10
39.56899999995949
 20
28.7269999999553
 30
10.26
  0
INSERT
  5
101F
330
1F
100
AcDbEntity
  8
Arbol
100
AcDbBlockReference
  2
Arbol
 10
29.26600000000326
 20
18.83999999985099
 30
10.30700000000001
  0
INSERT
  5
1020
330
1F
100
AcDbEntity
  8
Arbol
100
AcDbBlockReference
  2
Arbol
 10
40.15099999995436
 20
28.35599999967963
 30
10.31000000000001
  0
INSERT
  5
1021
330
1F
100
AcDbEntity
  8
Arbol
100
AcDbBlockReference
  2
Arbol
 10
40.100999999966
 20
27.65499999932945
 30
10.31300000000001
  0
INSERT
  5
1022
330
1F
100
AcDbEntity
  8
Arbol
100
AcDbBlockReference
  2
Arbol
 10
37.54399999999441
 20
24.97800000011921
 30
10.336
  0
INSERT
  5
1023
330
1F
100
AcDbEntity
  8
Arbol
100
AcDbBlockReference
  2
Arbol
 10
30.28499999997439
 20
17.60499999951571
 30
10.327
  0
INSERT
  5
1024
330
1F
100
AcDbEntity
  8
Arbol
100
AcDbBlockReference
  2
Arbol
 10
41.05199999996694
 20
27.89800000004471
 30
9.907000000000003
  0
INSERT
  5
1025
330
1F
100
AcDbEntity
  8
Arbol
100
AcDbBlockReference
  2
Arbol
 10
28.19399999995949
 20
13.69599999953061
 30
9.566000000000009
  0
INSERT
  5
1026
330
1F
100
AcDbEntity
  8
Arbol
100
AcDbBlockReference
  2
Arbol
 10
40.09299999999348
 20
20.58899999968708
 30
9.018999999999998
  0
INSERT
  5
1027
330
1F
100
AcDbEntity
  8
Arbol
100
AcDbBlockReference
  2
Arbol
 10
40.4989999999525
 20
18.88599999994039
 30
8.588
  0
INSERT
  5
1028
330
1F
100
AcDbEntity
  8
Arbol
100
AcDbBlockReference
  2
Arbol
 10
41.29699999996228
 20
20.03099999949336
 30
8.679999999999999
  0
INSERT
  5
1029
330
1F
100
AcDbEntity
  8
Arbol
100
AcDbBlockReference
  2
Arbol
 10
46.61899999994784
 20
28.52099999971688
 30
9.348000000000006
  0
INSERT
  5
102A
330
1F
100
AcDbEntity
  8
Arbol
100
AcDbBlockReference
  2
Arbol
 10
42.20600000000558
 20
18.3179999999702
 30
8.452000000000005
  0
INSERT
  5
102B
330
1F
100
AcDbEntity
  8
Arbol
100
AcDbBlockReference
  2
Arbol
 10
46.06500000000233
 20
26.02599999960512
 30
9.083000000000005
  0
INSERT
  5
102C
330
1F
100
AcDbEntity
  8
Arbol
100
AcDbBlockReference
  2
Arbol
 10
45.48399999999674
 20
24.00899999961257
 30
8.931000000000004
  0
INSERT
  5
102D
330
1F
100
AcDbEntity
  8
Arbol
100
AcDbBlockReference
  2
Arbol
 10
41.67900000000372
 20
14.4339999994263
 30
8.178000000000004
  0
INSERT
  5
102E
330
1F
100
AcDbEntity
  8
Arbol
100
AcDbBlockReference
  2
Arbol
 10
46.16599999996833
 20
23.27799999993295
 30
8.902000000000008
  0
INSERT
  5
102F
330
1F
100
AcDbEntity
  8
Arbol
100
AcDbBlockReference
  2
Arbol
 10
47.09299999999347
 20
24.9660000000149
 30
8.719000000000001
  0
INSERT
  5
1030
330
1F
100
AcDbEntity
  8
Arbol
100
AcDbBlockReference
  2
Arbol
 10
51.02799999999115
 20
30.06499999947846
 30
9.470999999999996
  0
INSERT
  5
114E
330
1F
100
AcDbEntity
  8
0
100
AcDbBlockReference
  2
A$C43d6e65a
 10
34.98984500584726
 20
18.23824801479673
 30
5.022672717293431
 50
1.839701298493077
210
-0.0291710334738325
220
-0.079582598976121
230
0.9964013552511229
  0
POLYLINE
  5
11F8
330
1F
100
AcDbEntity
  8
Asfalto
100
AcDb2dPolyline
 66
     1
 10
0.0
 20
0.0
 30
0.0
 70
   128
  0
VERTEX
  5
11F9
330
11F8
100
AcDbEntity
  8
Asfalto
100
AcDbVertex
100
AcDb2dVertex
 10
57.21349466308606
 20
38.53082572954685
 30
0.0
  0
VERTEX
  5
11FA
330
11F8
100
AcDbEntity
  8
Asfalto
100
AcDbVertex
100
AcDb2dVertex
 10
43.95749466309212
 20
41.64882572933078
 30
0.0
  0
VERTEX
  5
11FB
330
11F8
100
AcDbEntity
  8
Asfalto
100
AcDbVertex
100
AcDb2dVertex
 10
36.19149466308886
 20
43.48082572880179
 30
0.0
  0
VERTEX
  5
11FC
330
11F8
100
AcDbEntity
  8
Asfalto
100
AcDbVertex
100
AcDb2dVertex
 10
15.21775336529383
 20
48.82166312210369
 30
0.0
  0
SEQEND
  5
11FD
330
11F8
100
AcDbEntity
  8
Asfalto
  0
POLYLINE
  5
11FE
102
{ACAD_REACTORS
330
2258
330
2205
102
}
330
1F
100
AcDbEntity
  8
Rigola
100
AcDb2dPolyline
 66
     1
 10
0.0
 20
0.0
 30
72.406
 70
   128
  0
VERTEX
  5
11FF
330
11FE
100
AcDbEntity
  8
Rigola
100
AcDbVertex
100
AcDb2dVertex
 10
57.20049466310888
 20
38.31482572953195
 30
72.406
  0
VERTEX
  5
1200
330
11FE
100
AcDbEntity
  8
Rigola
100
AcDbVertex
100
AcDb2dVertex
 10
43.94449466305673
 20
41.39782572916686
 30
72.406
  0
VERTEX
  5
1201
330
11FE
100
AcDbEntity
  8
Rigola
100
AcDbVertex
100
AcDb2dVertex
 10
36.12449466310795
 20
43.2638257295543
 30
72.406
  0
VERTEX
  5
1202
330
11FE
100
AcDbEntity
  8
Rigola
100
AcDbVertex
100
AcDb2dVertex
 10
15.15175336530221
 20
48.61466312170136
 30
72.406
  0
SEQEND
  5
1203
330
11FE
100
AcDbEntity
  8
Rigola
  0
LINE
  5
19C1
102
{ACAD_REACTORS
330
215C
330
203B
102
}
330
1F
100
AcDbEntity
  8
Asfalto
100
AcDbLine
 10
12.19328779003058
 20
32.7281346072399
 30
-63.474
 11
9.192287789983083
 21
23.69813460697912
 31
-63.474
  0
LINE
  5
19C2
102
{ACAD_REACTORS
330
215C
330
203B
102
}
330
1F
100
AcDbEntity
  8
Asfalto
100
AcDbLine
 10
9.192287789983083
 20
23.69813460697912
 30
-63.474
 11
8.273287789988671
 21
21.04413460688227
 31
-63.474
  0
LINE
  5
19C3
102
{ACAD_REACTORS
330
203B
102
}
330
1F
100
AcDbEntity
  8
Asfalto
100
AcDbLine
 10
8.273287789988671
 20
21.04413460688227
 30
-63.474
 11
6.428287790016611
 21
16.25313460761242
 31
-63.474
  0
LINE
  5
19C4
102
{ACAD_REACTORS
330
203B
102
}
330
1F
100
AcDbEntity
  8
Asfalto
100
AcDbLine
 10
6.428287790016611
 20
16.25313460761242
 30
-63.474
 11
6.093287789995656
 21
15.50513460700893
 31
-63.474
  0
LINE
  5
19C5
102
{ACAD_REACTORS
330
2205
330
203B
102
}
330
1F
100
AcDbEntity
  8
Asfalto
100
AcDbLine
 10
6.093287789995656
 20
15.50513460700893
 30
-63.474
 11
4.282287790008695
 21
11.37513460712068
 31
-63.474
  0
LINE
  5
19C6
102
{ACAD_REACTORS
330
2205
330
203B
102
}
330
1F
100
AcDbEntity
  8
Asfalto
100
AcDbLine
 10
4.282287790008695
 20
11.37513460712068
 30
-63.474
 11
-0.2767122099996868
 21
1.604134607403807
 31
-63.474
  0
LINE
  5
19CE
102
{ACAD_REACTORS
330
215C
102
}
330
1F
100
AcDbEntity
  8
Asfalto
100
AcDbLine
 10
13.73325274136658
 20
36.90944045421233
 30
-63.474
 11
12.19328779003058
 21
32.7281346072399
 31
-63.474
  0
LINE
  5
19F9
330
1F
100
AcDbEntity
  8
1cv
100
AcDbLine
 10
9.058045956422574
 20
0.2828152794390917
 30
2.526000000000003
 11
9.450769254006445
 21
2.368013072758913
 31
2.526000000000003
  0
LINE
  5
19FA
330
1F
100
AcDbEntity
  8
1cv
100
AcDbLine
 10
9.450769254006445
 20
2.368013072758913
 30
2.526000000000003
 11
9.843492551648523
 21
4.453210866078734
 31
2.526000000000003
  0
ARC
  5
19FB
330
1F
100
AcDbEntity
  8
1cv
100
AcDbCircle
 10
4.034662362136614
 20
5.547237991209351
 30
2.526000000000003
 40
5.910956227304219
100
AcDbArc
 50
349.3339336589838
 51
359.0978339715148
  0
ARC
  5
19FC
330
1F
100
AcDbEntity
  8
1cv
100
AcDbCircle
 10
17.28915572021586
 20
5.338518569682769
 30
2.526000000000003
 40
7.345180388478273
100
AcDbArc
 50
170.3409797419504
 51
179.0978339715134
  0
ARC
  5
19FD
330
1F
100
AcDbEntity
  8
1cv
100
AcDbCircle
 10
17.79636171891716
 20
5.252193584138149
 30
2.526000000000003
 40
7.859680075793879
100
AcDbArc
 50
167.3797679671165
 51
170.3409797419504
  0
ARC
  5
19FE
330
1F
100
AcDbEntity
  8
1cv
100
AcDbCircle
 10
4.024916189046927
 20
8.3355826541557
 30
2.526000000000003
 40
6.252725818995514
100
AcDbArc
 50
347.3797679670954
 51
350.6998562780656
  0
ARC
  5
19FF
330
1F
100
AcDbEntity
  8
1cv
100
AcDbCircle
 10
3.068637561845976
 20
8.492181747950274
 30
2.526000000000003
 40
7.221741860668002
100
AcDbArc
 50
350.6998562780656
 51
356.7745179900336
  0
ARC
  5
1A00
330
1F
100
AcDbEntity
  8
1cv
100
AcDbCircle
 10
17.64186134409649
 20
7.670910256254615
 30
2.526000000000003
 40
7.3746048833164
100
AcDbArc
 50
170.7632030913526
 51
176.7745179900038
  0
ARC
  5
1A01
330
1F
100
AcDbEntity
  8
1cv
100
AcDbCircle
 10
28.63599287749252
 20
5.883002794927467
 30
2.526000000000003
 40
18.5131658883961
100
AcDbArc
 50
168.9459094833586
 51
170.7632030913526
  0
ARC
  5
1A02
330
1F
100
AcDbEntity
  8
1cv
100
AcDbCircle
 10
12.22120454121133
 20
9.089799403871618
 30
2.526000000000003
 40
1.788070354556878
100
AcDbArc
 50
163.0960748742187
 51
168.9459094833596
  0
LINE
  5
1A03
330
1F
100
AcDbEntity
  8
1cv
100
AcDbLine
 10
10.51039015006972
 20
9.609712581150233
 30
2.526000000000003
 11
10.78888032218674
 21
10.52610596083104
 31
2.526000000000003
  0
LINE
  5
1A04
330
1F
100
AcDbEntity
  8
1cv
100
AcDbLine
 10
10.78888032218674
 20
10.52610596083104
 30
2.526000000000003
 11
11.06737049436196
 21
11.44249934144318
 31
2.526000000000003
  0
ARC
  5
1A05
330
1F
100
AcDbEntity
  8
1cv
100
AcDbCircle
 10
12.94178534380477
 20
10.87286830171857
 30
2.526000000000003
 40
1.959058587492833
100
AcDbArc
 50
141.8504512340199
 51
163.0960748662074
  0
ARC
  5
1A06
330
1F
100
AcDbEntity
  8
1cv
100
AcDbCircle
 10
11.21509600746262
 20
12.2291785946914
 30
2.526000000000003
 40
0.2366266529416296
100
AcDbArc
 50
321.8504512340211
 51
25.91777757968714
  0
ARC
  5
1A07
330
1F
100
AcDbEntity
  8
1cv
100
AcDbCircle
 10
11.12465720102621
 20
12.18522918715723
 30
2.526000000000003
 40
0.3371787694397246
100
AcDbArc
 50
25.91777757968767
 51
39.02222840900601
  0
ARC
  5
1A08
330
1F
100
AcDbEntity
  8
1cv
100
AcDbCircle
 10
11.88345032439944
 20
12.80017531683748
 30
2.526000000000003
 40
0.6395124542780011
100
AcDbArc
 50
209.51671467948
 51
219.0222284090138
  0
ARC
  5
1A09
330
1F
100
AcDbEntity
  8
1cv
100
AcDbCircle
 10
16.64128271693264
 20
15.49385994671678
 30
2.526000000000003
 40
6.106952985338774
100
AcDbArc
 50
207.3980930959809
 51
209.5167146794798
  0
ARC
  5
1A0A
330
1F
100
AcDbEntity
  8
1cv
100
AcDbCircle
 10
9.122033646359867
 20
11.59656892105316
 30
2.526000000000003
 40
2.362284520129332
100
AcDbArc
 50
27.39809309599659
 51
30.8048317053611
  0
ARC
  5
1A0B
330
1F
100
AcDbEntity
  8
1cv
100
AcDbCircle
 10
8.412466795141483
 20
11.17350107995239
 30
2.526000000000003
 40
3.188402861846572
100
AcDbArc
 50
30.80483170536112
 51
33.51156959232536
  0
ARC
  5
1A0C
330
1F
100
AcDbEntity
  8
1cv
100
AcDbCircle
 10
10.94522932798761
 20
12.85063561861026
 30
2.526000000000003
 40
0.1506954518828867
100
AcDbArc
 50
33.5115695923682
 51
45.98541519464104
  0
LINE
  5
1A0D
330
1F
100
AcDbEntity
  8
1cv
100
AcDbLine
 10
11.04993877548259
 20
12.95901020430028
 30
2.526000000000003
 11
10.9625568157644
 21
13.04343697894364
 31
2.526000000000003
  0
LINE
  5
1A0E
330
1F
100
AcDbEntity
  8
1cv
100
AcDbLine
 10
10.9625568157644
 20
13.04343697894364
 30
2.526000000000003
 11
10.87517485604621
 21
13.12786375358701
 31
2.526000000000003
  0
ARC
  5
1A0F
330
1F
100
AcDbEntity
  8
1cv
100
AcDbCircle
 10
10.38246622767812
 20
12.61790887613571
 30
2.526000000000003
 40
0.7090950355944711
100
AcDbArc
 50
45.98541519464072
 51
51.13278660635709
  0
ARC
  5
1A10
330
1F
100
AcDbEntity
  8
1cv
100
AcDbCircle
 10
10.45470931010597
 20
12.7075456179973
 30
2.526000000000003
 40
0.5939698496001079
100
AcDbArc
 50
51.13278660630779
 51
56.7572858542914
  0
ARC
  5
1A11
330
1F
100
AcDbEntity
  8
1cv
100
AcDbCircle
 10
10.46654645078463
 20
12.72560526598539
 30
2.526000000000003
 40
0.5723765917426169
100
AcDbArc
 50
56.75728585429138
 51
59.76370011548329
  0
ARC
  5
1A12
330
1F
100
AcDbEntity
  8
1cv
100
AcDbCircle
 10
10.24919303529758
 20
12.35269834077197
 30
2.526000000000003
 40
1.004003840761962
100
AcDbArc
 50
59.76370011551293
 51
62.03356834043006
  0
ARC
  5
1A13
330
1F
100
AcDbEntity
  8
1cv
100
AcDbCircle
 10
10.35234888242511
 20
12.54698078453571
 30
2.526000000000003
 40
0.7840338501918655
100
AcDbArc
 50
62.03356834043004
 51
67.53780356138088
  0
ARC
  5
1A14
330
1F
100
AcDbEntity
  8
1cv
100
AcDbCircle
 10
10.87136898912047
 20
13.80234827556018
 30
2.526000000000003
 40
0.5743951721258714
100
AcDbArc
 50
241.1061887353609
 51
247.5378035615221
  0
ARC
  5
1A15
330
1F
100
AcDbEntity
  8
1cv
100
AcDbCircle
 10
10.94305169476685
 20
13.93223442994317
 30
2.526000000000003
 40
0.7227488825249986
100
AcDbArc
 50
238.8260235542964
 51
241.1061887353609
  0
ARC
  5
1A16
330
1F
100
AcDbEntity
  8
1cv
100
AcDbCircle
 10
9.804700987139471
 20
12.05066584831685
 30
2.526000000000003
 40
1.476374274762703
100
AcDbArc
 50
58.82602355346804
 51
60.42134116306023
  0
ARC
  5
1A17
330
1F
100
AcDbEntity
  8
1cv
100
AcDbCircle
 10
9.812626175356921
 20
12.06462880957691
 30
2.526000000000003
 40
1.460318967371318
100
AcDbArc
 50
60.42134116306023
 51
65.51489145404746
  0
ARC
  5
1A18
330
1F
100
AcDbEntity
  8
1cv
100
AcDbCircle
 10
11.80122733321543
 20
16.43122295198809
 30
2.526000000000003
 40
3.337772212418394
100
AcDbArc
 50
242.1463985126379
 51
245.514891454005
  0
ARC
  5
1A19
330
1F
100
AcDbEntity
  8
1cv
100
AcDbCircle
 10
11.49746885311198
 20
15.85639785853927
 30
2.526000000000003
 40
2.687623689161438
100
AcDbArc
 50
234.7509511665158
 51
242.1463985126379
  0
ARC
  5
1A1A
330
1F
100
AcDbEntity
  8
1cv
100
AcDbCircle
 10
8.737368902263733
 20
11.95080919823029
 30
2.526000000000003
 40
2.094820719528185
100
AcDbArc
 50
54.75095116649846
 51
63.1293444531337
  0
ARC
  5
1A1B
330
1F
100
AcDbEntity
  8
1cv
100
AcDbCircle
 10
-6.500314220210029
 20
-18.12246859566988
 30
2.526000000000003
 40
35.80815671895148
100
AcDbArc
 50
63.1293444531337
 51
63.48631970340532
  0
ARC
  5
1A1C
330
1F
100
AcDbEntity
  8
1cv
100
AcDbCircle
 10
6.060346822289301
 20
7.055263536382962
 30
2.526000000000003
 40
7.671198796354969
100
AcDbArc
 50
63.48631970348208
 51
64.25757835243103
  0
LINE
  5
1A1D
102
{ACAD_REACTORS
330
203B
102
}
330
1F
100
AcDbEntity
  8
1cv
100
AcDbLine
 10
9.392148837156128
 20
13.96513953432441
 30
2.526000000000003
 11
9.157535523700062
 21
14.07826531399041
 31
2.526000000000003
  0
LINE
  5
1A1E
102
{ACAD_REACTORS
330
203B
102
}
330
1F
100
AcDbEntity
  8
1cv
100
AcDbLine
 10
9.157535523700062
 20
14.07826531399041
 30
2.526000000000003
 11
8.922922210243996
 21
14.19139109458774
 31
2.526000000000003
  0
ARC
  5
1A1F
102
{ACAD_REACTORS
330
203B
102
}
330
1F
100
AcDbEntity
  8
1cv
100
AcDbCircle
 10
8.625596129363643
 20
13.57476190813622
 30
2.526000000000003
 40
0.6845687342813243
100
AcDbArc
 50
64.25757852708233
 51
72.53735116148696
  0
ARC
  5
1A20
102
{ACAD_REACTORS
330
203B
102
}
330
1F
100
AcDbEntity
  8
1cv
100
AcDbCircle
 10
9.385251260206711
 20
15.98956816217729
 30
2.526000000000003
 40
1.846906164344391
100
AcDbArc
 50
247.499254525342
 51
252.5373511614843
  0
ARC
  5
1A21
102
{ACAD_REACTORS
330
203B
102
}
330
1F
100
AcDbEntity
  8
1cv
100
AcDbCircle
 10
9.481164494403776
 20
16.22111467188372
 30
2.526000000000003
 40
2.097531651179568
100
AcDbArc
 50
245.5856743899054
 51
247.499254525342
  0
ARC
  5
1A22
102
{ACAD_REACTORS
330
203B
102
}
330
1F
100
AcDbEntity
  8
1cv
100
AcDbCircle
 10
7.886229733868784
 20
12.7074359785037
 30
2.526000000000003
 40
1.761192859675735
100
AcDbArc
 50
65.58567439023383
 51
67.67401489794941
  0
ARC
  5
1A23
102
{ACAD_REACTORS
330
203B
102
}
330
1F
100
AcDbEntity
  8
1cv
100
AcDbCircle
 10
8.161676595375345
 20
13.37817818839663
 30
2.526000000000003
 40
1.036095565758661
100
AcDbArc
 50
67.67401489794946
 51
75.17885385162836
  0
ARC
  5
1A24
102
{ACAD_REACTORS
330
203B
102
}
330
1F
100
AcDbEntity
  8
1cv
100
AcDbCircle
 10
8.682314696798181
 20
15.34577367725417
 30
2.526000000000003
 40
0.999216705227225
100
AcDbArc
 50
247.5365742910862
 51
255.1788538524411
  0
ARC
  5
1A25
102
{ACAD_REACTORS
330
203B
102
}
330
1F
100
AcDbEntity
  8
1cv
100
AcDbCircle
 10
9.034721729983299
 20
16.1980979839869
 30
2.526000000000003
 40
1.921522208238974
100
AcDbArc
 50
245.0828280531395
 51
247.5365742910863
  0
ARC
  5
1A26
102
{ACAD_REACTORS
330
203B
102
}
330
1F
100
AcDbEntity
  8
1cv
100
AcDbCircle
 10
7.900429545652395
 20
13.75639113045436
 30
2.526000000000003
 40
0.7707911312558854
100
AcDbArc
 50
65.08282805318066
 51
68.95748775301479
  0
LINE
  5
1A27
102
{ACAD_REACTORS
330
203B
102
}
330
1F
100
AcDbEntity
  8
1cv
100
AcDbLine
 10
8.177190231333952
 20
14.47578149102628
 30
2.526000000000003
 11
7.840099458815529
 21
14.60546556580812
 31
2.526000000000003
  0
LINE
  5
1A28
102
{ACAD_REACTORS
330
203B
102
}
330
1F
100
AcDbEntity
  8
1cv
100
AcDbLine
 10
7.840099458815529
 20
14.60546556580812
 30
2.526000000000003
 11
7.503008686355315
 21
14.73514964058995
 31
2.526000000000003
  0
ARC
  5
1A29
102
{ACAD_REACTORS
330
203B
102
}
330
1F
100
AcDbEntity
  8
1cv
100
AcDbCircle
 10
8.515335243845639
 20
17.36651314296972
 30
2.526000000000003
 40
2.81937562957768
100
AcDbArc
 50
243.810116545884
 51
248.9574877526602
  0
ARC
  5
1A2A
102
{ACAD_REACTORS
330
203B
102
}
330
1F
100
AcDbEntity
  8
1cv
100
AcDbCircle
 10
7.504965507142231
 20
15.31225517756952
 30
2.526000000000003
 40
0.5300912887287128
100
AcDbArc
 50
231.9218125797697
 51
243.8101165458688
  0
LINE
  5
1A2B
102
{ACAD_REACTORS
330
203B
102
}
330
1F
100
AcDbEntity
  8
1cv
100
AcDbLine
 10
7.178038997168187
 20
14.89498328603804
 30
2.526000000000003
 11
7.16406613192521
 21
14.90593082457781
 31
2.526000000000003
  0
LINE
  5
1A2C
102
{ACAD_REACTORS
330
203B
102
}
330
1F
100
AcDbEntity
  8
1cv
100
AcDbLine
 10
7.16406613192521
 20
14.90593082457781
 30
2.526000000000003
 11
7.150093266740441
 21
14.9168783640489
 31
2.526000000000003
  0
ARC
  5
1A2D
102
{ACAD_REACTORS
330
203B
102
}
330
1F
100
AcDbEntity
  8
1cv
100
AcDbCircle
 10
1.869575423143359
 20
8.48260849514909
 30
2.526000000000003
 40
8.323682925387002
100
AcDbArc
 50
50.62473912395862
 51
59.08239946703441
  0
LINE
  5
1A2F
330
1F
100
AcDbEntity
  8
1cv
100
AcDbLine
 10
10.92405610263813
 20
0.4902160549536348
 30
3.526000000000003
 11
10.98592573759379
 21
0.8187181502580642
 31
3.526000000000003
  0
LINE
  5
1A30
330
1F
100
AcDbEntity
  8
1cv
100
AcDbLine
 10
10.98592573759379
 20
0.8187181502580642
 30
3.526000000000003
 11
11.04779537249124
 21
1.147220246493816
 31
3.526000000000003
  0
ARC
  5
1A31
330
1F
100
AcDbEntity
  8
1cv
100
AcDbCircle
 10
10.3034551073169
 20
1.287408272117514
 30
3.526000000000003
 40
0.7574266386179356
100
AcDbArc
 50
349.333933722672
 51
356.5102268451635
  0
ARC
  5
1A32
330
1F
100
AcDbEntity
  8
1cv
100
AcDbCircle
 10
15.92145469358802
 20
0.9448032356384654
 30
3.526000000000003
 40
4.871009872737878
100
AcDbArc
 50
173.6819553525871
 51
176.5102271893844
  0
ARC
  5
1A33
330
1F
100
AcDbEntity
  8
1cv
100
AcDbCircle
 10
17.09154578896904
 20
0.8152509648398822
 30
3.526000000000003
 40
6.048251123441843
100
AcDbArc
 50
166.0614357900572
 51
173.6819553525871
  0
ARC
  5
1A34
330
1F
100
AcDbEntity
  8
1cv
100
AcDbCircle
 10
-4.608418225078837
 20
6.200951874188358
 30
3.526000000000003
 40
16.31006304592097
100
AcDbArc
 50
346.0614358014179
 51
350.6998562826553
  0
ARC
  5
1A35
330
1F
100
AcDbEntity
  8
1cv
100
AcDbCircle
 10
-8.208710635966355
 20
6.790531639562332
 30
3.526000000000003
 40
19.9583105352825
100
AcDbArc
 50
350.6998562826553
 51
356.8436997274623
  0
ARC
  5
1A36
330
1F
100
AcDbEntity
  8
1cv
100
AcDbCircle
 10
31.16916527158781
 20
4.619092794563224
 30
3.526000000000003
 40
19.4793904328052
100
AcDbArc
 50
170.6247152237448
 51
176.843699558243
  0
ARC
  5
1A37
330
1F
100
AcDbEntity
  8
1cv
100
AcDbCircle
 10
62.69815650672158
 20
-0.5865257055167526
 30
3.526000000000003
 40
51.4352310925894
100
AcDbArc
 50
168.9459094937242
 51
170.6247152237448
  0
ARC
  5
1A38
330
1F
100
AcDbEntity
  8
1cv
100
AcDbCircle
 10
20.75368125057182
 20
7.607756066825506
 30
3.526000000000003
 40
8.697832268160468
100
AcDbArc
 50
164.8627001150523
 51
168.9459094837981
  0
ARC
  5
1A39
330
1F
100
AcDbEntity
  8
1cv
100
AcDbCircle
 10
29.89188640387825
 20
5.135695829328337
 30
3.526000000000003
 40
18.16450408256972
100
AcDbArc
 50
163.7827254400975
 51
164.8627001150523
  0
ARC
  5
1A3A
330
1F
100
AcDbEntity
  8
1cv
100
AcDbCircle
 10
19.67481518199166
 20
8.107370378193856
 30
3.526000000000003
 40
7.524043849220883
100
AcDbArc
 50
162.104662160012
 51
163.7827271734177
  0
ARC
  5
1A3B
330
1F
100
AcDbEntity
  8
1cv
100
AcDbCircle
 10
17.416456249157
 20
8.836597510293607
 30
3.526000000000003
 40
5.150869333997757
100
AcDbArc
 50
156.0785796418931
 51
162.104662160012
  0
ARC
  5
1A3C
330
1F
100
AcDbEntity
  8
1cv
100
AcDbCircle
 10
7.208447645583953
 20
13.36473064129418
 30
3.526000000000003
 40
6.01637872909668
100
AcDbArc
 50
336.0785807728971
 51
341.6540174915653
  0
ARC
  5
1A3D
330
1F
100
AcDbEntity
  8
1cv
100
AcDbCircle
 10
2.967260774707886
 20
14.77114612817209
 30
3.526000000000003
 40
10.48467489155296
100
AcDbArc
 50
341.6540174915653
 51
343.7817851839004
  0
ARC
  5
1A3E
330
1F
100
AcDbEntity
  8
1cv
100
AcDbCircle
 10
11.01861095483121
 20
12.42923680736434
 30
3.526000000000003
 40
2.09964185704093
100
AcDbArc
 50
343.7817843105215
 51
348.5376414469048
  0
ARC
  5
1A3F
330
1F
100
AcDbEntity
  8
1cv
100
AcDbCircle
 10
10.25680606894281
 20
12.58370663555866
 30
3.526000000000003
 40
2.876949783146035
100
AcDbArc
 50
348.5376414469048
 51
351.4329636277863
  0
ARC
  5
1A40
330
1F
100
AcDbEntity
  8
1cv
100
AcDbCircle
 10
7.830976003499058
 20
12.94915151258482
 30
3.526000000000003
 40
5.330152070882515
100
AcDbArc
 50
351.4329635440839
 51
353.5599854395059
  0
ARC
  5
1A41
330
1F
100
AcDbEntity
  8
1cv
100
AcDbCircle
 10
9.542840292961965
 20
12.75592448807515
 30
3.526000000000003
 40
3.607417027836369
100
AcDbArc
 50
353.5599854395059
 51
359.7430335326976
  0
ARC
  5
1A42
330
1F
100
AcDbEntity
  8
1cv
100
AcDbCircle
 10
15.26639035046678
 20
12.73025470529647
 30
3.526000000000003
 40
2.116190593106146
100
AcDbArc
 50
171.6674820060812
 51
179.7430335732019
  0
ARC
  5
1A43
330
1F
100
AcDbEntity
  8
1cv
100
AcDbCircle
 10
33.97018034052972
 20
9.990824755727023
 30
3.526000000000003
 40
21.01952988649494
100
AcDbArc
 50
171.2216798268352
 51
171.6674820060812
  0
ARC
  5
1A44
330
1F
100
AcDbEntity
  8
1cv
100
AcDbCircle
 10
-11.967979054552
 20
17.08462675477851
 30
3.526000000000003
 40
25.46311757908827
100
AcDbArc
 50
351.2216864832454
 51
351.6267231226168
  0
ARC
  5
1A45
330
1F
100
AcDbEntity
  8
1cv
100
AcDbCircle
 10
-11.92623341937881
 20
17.07848218932886
 30
3.526000000000003
 40
25.42092215586989
100
AcDbArc
 50
351.6267231226168
 51
352.1888005374417
  0
ARC
  5
1A46
330
1F
100
AcDbEntity
  8
1cv
100
AcDbCircle
 10
45.43955709099836
 20
9.208922555070632
 30
3.526000000000003
 40
32.48213380594983
100
AcDbArc
 50
171.6915570646841
 51
172.1888006246722
  0
ARC
  5
1A47
330
1F
100
AcDbEntity
  8
1cv
100
AcDbCircle
 10
16.57791100385305
 20
13.42372494468037
 30
3.526000000000003
 40
3.31435751012827
100
AcDbArc
 50
163.2000272150344
 51
171.6915570646841
  0
ARC
  5
1A48
330
1F
100
AcDbEntity
  8
1cv
100
AcDbCircle
 10
9.078591328172164
 20
15.6878991639609
 30
3.526000000000003
 40
4.519305776821783
100
AcDbArc
 50
343.2000271499877
 51
350.4701810761516
  0
ARC
  5
1A49
330
1F
100
AcDbEntity
  8
1cv
100
AcDbCircle
 10
2.854404524146374
 20
16.73280113138284
 30
3.526000000000003
 40
10.83059102571768
100
AcDbArc
 50
350.4701810761517
 51
351.9240211082859
  0
ARC
  5
1A4A
330
1F
100
AcDbEntity
  8
1cv
100
AcDbCircle
 10
4.189415176965194
 20
16.5433719918064
 30
3.526000000000003
 40
9.48220797848652
100
AcDbArc
 50
351.9240210485844
 51
353.4778014102217
  0
ARC
  5
1A4B
330
1F
100
AcDbEntity
  8
1cv
100
AcDbCircle
 10
6.652368517271398
 20
16.26178723180386
 30
3.526000000000003
 40
7.003210371873885
100
AcDbArc
 50
353.4778014102217
 51
356.0938496136836
  0
ARC
  5
1A4C
330
1F
100
AcDbEntity
  8
1cv
100
AcDbCircle
 10
-9.002799227591218
 20
17.33073782322137
 30
3.526000000000003
 40
22.69483018904632
100
AcDbArc
 50
356.0938495975702
 51
357.5469806160484
  0
ARC
  5
1A4D
330
1F
100
AcDbEntity
  8
1cv
100
AcDbCircle
 10
6.037261589046532
 20
16.68643000092667
 30
3.526000000000003
 40
7.640974804526635
100
AcDbArc
 50
357.5469806160484
 51
4.579062404388233
  0
ARC
  5
1A4E
330
1F
100
AcDbEntity
  8
1cv
100
AcDbCircle
 10
19.9963038548866
 20
17.80441394260803
 30
3.526000000000003
 40
6.362765734106845
100
AcDbArc
 50
176.8719766936633
 51
184.5790623293158
  0
ARC
  5
1A4F
330
1F
100
AcDbEntity
  8
1cv
100
AcDbCircle
 10
29.381196067724
 20
17.29154262200985
 30
3.526000000000003
 40
15.7616613521073
100
AcDbArc
 50
174.8943611113038
 51
176.8719766936633
  0
ARC
  5
1A50
330
1F
100
AcDbEntity
  8
1cv
100
AcDbCircle
 10
7.100540987931313
 20
19.28224840568963
 30
3.526000000000003
 40
6.607748570862674
100
AcDbArc
 50
354.8943610371582
 51
357.9489023000755
  0
LINE
  5
1A51
330
1F
100
AcDbEntity
  8
1cv
100
AcDbLine
 10
13.70405601005768
 20
19.04575204569846
 30
3.526000000000003
 11
13.71209119277773
 21
19.27011258061975
 31
3.526000000000003
  0
LINE
  5
1A52
330
1F
100
AcDbEntity
  8
1cv
100
AcDbLine
 10
13.71209119277773
 20
19.27011258061975
 30
3.526000000000003
 11
13.72012637555599
 21
19.49447311554104
 31
3.526000000000003
  0
ARC
  5
1A53
330
1F
100
AcDbEntity
  8
1cv
100
AcDbCircle
 10
14.10182523003396
 20
19.48080306405416
 30
3.526000000000003
 40
0.3819435636549602
100
AcDbArc
 50
150.730284839844
 51
177.9489022853186
  0
ARC
  5
1A54
330
1F
100
AcDbEntity
  8
1cv
100
AcDbCircle
 10
13.73833509343952
 20
19.68453165563196
 30
3.526000000000003
 40
0.0347462711475212
100
AcDbArc
 50
330.7302845038051
 51
73.27540420581072
  0
LINE
  5
1A55
330
1F
100
AcDbEntity
  8
1cv
100
AcDbLine
 10
13.74833408574341
 20
19.71780812647194
 30
3.526000000000003
 11
13.19532874115975
 21
19.88397647440433
 31
3.526000000000003
  0
LINE
  5
1A56
330
1F
100
AcDbEntity
  8
1cv
100
AcDbLine
 10
13.19532874115975
 20
19.88397647440433
 30
3.526000000000003
 11
12.6423233965761
 21
20.05014482233673
 31
3.526000000000003
  0
ARC
  5
1A57
330
1F
100
AcDbEntity
  8
1cv
100
AcDbCircle
 10
13.56893391656747
 20
23.13388836482613
 30
3.526000000000003
 40
3.219950510738279
100
AcDbArc
 50
248.12803176644
 51
253.275404205811
  0
ARC
  5
1A58
330
1F
100
AcDbEntity
  8
1cv
100
AcDbCircle
 10
13.57901161319201
 20
23.15899325203983
 30
3.526000000000003
 40
3.247002596263293
100
AcDbArc
 50
243.0021635855026
 51
248.1280340390136
  0
ARC
  5
1A59
330
1F
100
AcDbEntity
  8
1cv
100
AcDbCircle
 10
14.6285711156986
 20
25.21906206572435
 30
3.526000000000003
 40
5.559027394230953
100
AcDbArc
 50
242.5661625808716
 51
243.0021635855026
  0
ARC
  5
1A5A
330
1F
100
AcDbEntity
  8
1cv
100
AcDbCircle
 10
12.2245592701829
 20
20.58795134926003
 30
3.526000000000003
 40
0.3411294054317815
100
AcDbArc
 50
240.8061941647821
 51
242.5663289967431
  0
ARC
  5
1A5B
330
1F
100
AcDbEntity
  8
1cv
100
AcDbCircle
 10
12.2989198009744
 20
20.72103763565126
 30
3.526000000000003
 40
0.4935808671007355
100
AcDbArc
 50
234.1705473457733
 51
240.8061941647824
  0
ARC
  5
1A5C
330
1F
100
AcDbEntity
  8
1cv
100
AcDbCircle
 10
11.80131302478116
 20
20.03183612257575
 30
3.526000000000003
 40
0.3564845594042059
100
AcDbArc
 50
54.17052082082062
 51
61.98025720157733
  0
ARC
  5
1A5D
330
1F
100
AcDbEntity
  8
1cv
100
AcDbCircle
 10
10.2795302738244
 20
17.1721566284741
 30
3.526000000000003
 40
3.595865603692598
100
AcDbArc
 50
61.98025720157748
 51
62.56531888705721
  0
ARC
  5
1A5E
330
1F
100
AcDbEntity
  8
1cv
100
AcDbCircle
 10
11.61674930699622
 20
19.74810187355991
 30
3.526000000000003
 40
0.693513342453132
100
AcDbArc
 50
62.56510333690282
 51
63.89734553572764
  0
LINE
  5
1A5F
102
{ACAD_REACTORS
330
215C
330
203B
102
}
330
1F
100
AcDbEntity
  8
1cv
100
AcDbLine
 10
11.92188184434781
 20
20.37088184338063
 30
3.526000000000003
 11
11.40371704817517
 21
20.62475792318583
 31
3.526000000000003
  0
LINE
  5
1A60
102
{ACAD_REACTORS
330
215C
330
203B
102
}
330
1F
100
AcDbEntity
  8
1cv
100
AcDbLine
 10
11.40371704817517
 20
20.62475792318583
 30
3.526000000000003
 11
10.88555225206073
 21
20.8786340020597
 31
3.526000000000003
  0
ARC
  5
1A61
102
{ACAD_REACTORS
330
215C
330
203B
102
}
330
1F
100
AcDbEntity
  8
1cv
100
AcDbCircle
 10
10.1822904659426
 20
19.44326638685681
 30
3.526000000000003
 40
1.598392107896962
100
AcDbArc
 50
63.89734597633367
 51
73.32105334783178
  0
ARC
  5
1A62
102
{ACAD_REACTORS
330
215C
330
203B
102
}
330
1F
100
AcDbEntity
  8
1cv
100
AcDbCircle
 10
11.30528900017548
 20
23.19141745275083
 30
3.526000000000003
 40
2.314377003698015
100
AcDbArc
 50
245.4922579538195
 51
253.3210442645413
  0
LINE
  5
1A63
102
{ACAD_REACTORS
330
215C
330
203B
102
}
330
1F
100
AcDbEntity
  8
1cv
100
AcDbLine
 10
10.3452479338739
 20
21.08555371873081
 30
3.526000000000003
 11
10.24326067004585
 21
21.13204863667488
 31
3.526000000000003
  0
LINE
  5
1A64
102
{ACAD_REACTORS
330
215C
330
203B
102
}
330
1F
100
AcDbEntity
  8
1cv
100
AcDbLine
 10
10.24326067004585
 20
21.13204863667488
 30
3.526000000000003
 11
10.1412734062178
 21
21.17854355461895
 31
3.526000000000003
  0
ARC
  5
1A65
102
{ACAD_REACTORS
330
215C
330
203B
102
}
330
1F
100
AcDbEntity
  8
1cv
100
AcDbCircle
 10
9.967965952632306
 20
20.79839119015082
 30
3.526000000000003
 40
0.4177933624161696
100
AcDbArc
 50
65.4922579538194
 51
70.63963665616788
  0
ARC
  5
1A66
102
{ACAD_REACTORS
330
215C
330
203B
102
}
330
1F
100
AcDbEntity
  8
1cv
100
AcDbCircle
 10
22.35906218805144
 20
57.41623005964994
 30
3.526000000000003
 40
38.23977496934798
100
AcDbArc
 50
248.7887593444129
 51
251.3119810899097
  0
LINE
  5
1A67
330
1F
100
AcDbEntity
  8
1cv
100
AcDbLine
 10
37.17474999994738
 20
1.472678571008145
 30
6.026000000000003
 11
36.003860446217
 21
2.016549030318856
 31
6.026000000000003
  0
LINE
  5
1A68
330
1F
100
AcDbEntity
  8
1cv
100
AcDbLine
 10
36.003860446217
 20
2.016549030318856
 30
6.026000000000003
 11
34.83297089248663
 21
2.560419490560889
 31
6.026000000000003
  0
ARC
  5
1A69
330
1F
100
AcDbEntity
  8
1cv
100
AcDbCircle
 10
39.63272303150718
 20
12.89372502769562
 30
6.026000000000003
 40
11.3936308488476
100
AcDbArc
 50
239.9380718270484
 51
245.0854430301632
  0
ARC
  5
1A6A
330
1F
100
AcDbEntity
  8
1cv
100
AcDbCircle
 10
34.34095522666407
 20
3.750950039919955
 30
6.026000000000003
 40
0.8298653754252381
100
AcDbArc
 50
220.7826747041859
 51
239.9380723018308
  0
ARC
  5
1A6B
330
1F
100
AcDbEntity
  8
1cv
100
AcDbCircle
 10
34.55739569252813
 20
3.937662256574594
 30
6.026000000000003
 40
1.115711360374367
100
AcDbArc
 50
210.8489356246522
 51
220.782674704186
  0
ARC
  5
1A6C
330
1F
100
AcDbEntity
  8
1cv
100
AcDbCircle
 10
40.97931656881571
 20
7.773332845541614
 30
6.026000000000003
 40
8.595914339462897
100
AcDbArc
 50
207.2739915089992
 51
210.8489336328442
  0
ARC
  5
1A6D
330
1F
100
AcDbEntity
  8
1cv
100
AcDbCircle
 10
47.53171860519159
 20
11.15151388229762
 30
6.026000000000003
 40
15.96789369126527
100
AcDbArc
 50
204.028920497673
 51
207.2739915089992
  0
ARC
  5
1A6E
330
1F
100
AcDbEntity
  8
1cv
100
AcDbCircle
 10
27.46493684429458
 20
2.20506793895367
 30
6.026000000000003
 40
6.002873825065252
100
AcDbArc
 50
24.02891748819735
 51
29.32268670538693
  0
ARC
  5
1A6F
330
1F
100
AcDbEntity
  8
1cv
100
AcDbCircle
 10
26.73176929170916
 20
1.793251687637882
 30
6.026000000000003
 40
6.843782431878073
100
AcDbArc
 50
29.32268670538692
 51
32.46593746494002
  0
ARC
  5
1A70
330
1F
100
AcDbEntity
  8
1cv
100
AcDbCircle
 10
37.63792806974004
 20
8.73213099466605
 30
6.026000000000003
 40
6.082638005703474
100
AcDbArc
 50
209.1317722321435
 51
212.4659507594124
  0
ARC
  5
1A71
330
1F
100
AcDbEntity
  8
1cv
100
AcDbCircle
 10
37.52690694467859
 20
8.670256767287611
 30
6.026000000000003
 40
5.955539185002466
100
AcDbArc
 50
204.3282702902454
 51
209.1317722321436
  0
ARC
  5
1A72
330
1F
100
AcDbEntity
  8
1cv
100
AcDbCircle
 10
22.29909630557782
 20
1.78558929322279
 30
6.026000000000003
 40
10.75627888152628
100
AcDbArc
 50
24.32827026046358
 51
27.90207401133536
  0
ARC
  5
1A73
330
1F
100
AcDbEntity
  8
1cv
100
AcDbCircle
 10
22.77137154853623
 20
2.035668051183249
 30
6.026000000000003
 40
10.22187894674479
100
AcDbArc
 50
27.90207401133536
 51
34.3577970619484
  0
ARC
  5
1A74
330
1F
100
AcDbEntity
  8
1cv
100
AcDbCircle
 10
40.25065036103031
 20
13.98507966525517
 30
6.026000000000003
 40
10.95153895701894
100
AcDbArc
 50
208.1210636789148
 51
214.3578021158349
  0
ARC
  5
1A75
330
1F
100
AcDbEntity
  8
1cv
100
AcDbCircle
 10
56.36130639205411
 20
22.59498171923293
 30
6.026000000000003
 40
29.218548869127
100
AcDbArc
 50
206.3784308601944
 51
208.1210636789148
  0
ARC
  5
1A76
330
1F
100
AcDbEntity
  8
1cv
100
AcDbCircle
 10
32.84175273435268
 20
10.93080758059961
 30
6.026000000000003
 40
2.965504043928928
100
AcDbArc
 50
200.9065794027014
 51
206.3784304968641
  0
LINE
  5
1A77
330
1F
100
AcDbEntity
  8
1cv
100
AcDbLine
 10
30.07148708810564
 20
9.872581478208303
 30
6.026000000000003
 11
29.3282925359672
 21
11.81814522109926
 31
6.026000000000003
  0
LINE
  5
1A78
330
1F
100
AcDbEntity
  8
1cv
100
AcDbLine
 10
29.3282925359672
 20
11.81814522109926
 30
6.026000000000003
 11
28.58509798388695
 21
13.76370896399021
 31
6.026000000000003
  0
ARC
  5
1A79
330
1F
100
AcDbEntity
  8
1cv
100
AcDbCircle
 10
32.31920680535083
 20
15.19011780928436
 30
6.026000000000003
 40
3.997275432650061
100
AcDbArc
 50
195.7592075174818
 51
200.9065793909974
  0
ARC
  5
1A7A
330
1F
100
AcDbEntity
  8
1cv
100
AcDbCircle
 10
117.7872930803389
 20
39.30944051818747
 30
6.026000000000003
 40
92.80344357115838
100
AcDbArc
 50
194.6912710649272
 51
195.7592083628704
  0
LINE
  5
1A7B
330
1F
100
AcDbEntity
  8
1cv
100
AcDbLine
 10
28.01792805752484
 20
15.77350539620965
 30
6.026000000000003
 11
27.91339744185098
 21
16.17219985835254
 31
6.026000000000003
  0
LINE
  5
1A7C
330
1F
100
AcDbEntity
  8
1cv
100
AcDbLine
 10
27.91339744185098
 20
16.17219985835254
 30
6.026000000000003
 11
27.80886682617711
 21
16.57089432049543
 31
6.026000000000003
  0
ARC
  5
1A7D
330
1F
100
AcDbEntity
  8
1cv
100
AcDbCircle
 10
28.29161115706897
 20
16.69746132082439
 30
6.026000000000003
 40
0.4990604117544358
100
AcDbArc
 50
188.8173324714911
 51
194.6912710649271
  0
ARC
  5
1A7E
330
1F
100
AcDbEntity
  8
1cv
100
AcDbCircle
 10
3.063768362168605
 20
12.78416982763963
 30
6.026000000000003
 40
25.03048918072444
100
AcDbArc
 50
8.817332883986068
 51
9.646390766848144
  0
ARC
  5
1A7F
330
1F
100
AcDbEntity
  8
1cv
100
AcDbCircle
 10
-32.33589964103246
 20
6.767278052865989
 30
6.026000000000003
 40
60.93786281576209
100
AcDbArc
 50
9.646390766848144
 51
10.26660226906608
  0
ARC
  5
1A80
330
1F
100
AcDbEntity
  8
1cv
100
AcDbCircle
 10
124.6323421623251
 20
35.19871987615297
 30
6.026000000000003
 40
98.58447361079734
100
AcDbArc
 50
189.778981421085
 51
190.2665944246482
  0
ARC
  5
1A81
330
1F
100
AcDbEntity
  8
1cv
100
AcDbCircle
 10
36.67932383777094
 20
20.03982118593992
 30
6.026000000000003
 40
9.334680098994121
100
AcDbArc
 50
181.1038014702782
 51
189.778981421085
  0
ARC
  5
1A82
330
1F
100
AcDbEntity
  8
1cv
100
AcDbCircle
 10
15.53045163503211
 20
19.63233839403228
 30
6.026000000000003
 40
11.81811729694101
100
AcDbArc
 50
1.103801433348985
 51
8.812245555604002
  0
ARC
  5
1A83
330
1F
100
AcDbEntity
  8
1cv
100
AcDbCircle
 10
-18.40052063512508
 20
14.37212041330462
 30
6.026000000000003
 40
46.15440673541916
100
AcDbArc
 50
8.812245555604002
 51
9.992668206035439
  0
ARC
  5
1A84
330
1F
100
AcDbEntity
  8
1cv
100
AcDbCircle
 10
11.86503108689319
 20
19.70476054922199
 30
6.026000000000003
 40
15.42265325701575
100
AcDbArc
 50
9.992668192451274
 51
12.03478171760063
  0
ARC
  5
1A85
330
1F
100
AcDbEntity
  8
1cv
100
AcDbCircle
 10
5.52463379649129
 20
18.35304411118766
 30
6.026000000000003
 40
21.90553649898363
100
AcDbArc
 50
12.03478171760063
 51
13.12226790422121
  0
ARC
  5
1A86
330
1F
100
AcDbEntity
  8
1cv
100
AcDbCircle
 10
8.731834880673538
 20
19.10069697347099
 30
6.026000000000003
 40
18.61234297341303
100
AcDbArc
 50
13.12226880639236
 51
14.3020495439895
  0
ARC
  5
1A87
330
1F
100
AcDbEntity
  8
1cv
100
AcDbCircle
 10
20.64342816171586
 20
22.13737780990928
 30
6.026000000000003
 40
6.319764521543625
100
AcDbArc
 50
14.30204954398951
 51
21.52224352205508
  0
ARC
  5
1A88
330
1F
100
AcDbEntity
  8
1cv
100
AcDbCircle
 10
32.52163605370699
 20
26.82165777098796
 30
6.026000000000003
 40
6.448724092193162
100
AcDbArc
 50
194.3747095078933
 51
201.5222576353306
  0
ARC
  5
1A89
330
1F
100
AcDbEntity
  8
1cv
100
AcDbCircle
 10
35.08265436925759
 20
27.47801068657073
 30
6.026000000000003
 40
9.092511898046664
100
AcDbArc
 50
191.6443842216877
 51
194.3747095078933
  0
ARC
  5
1A8A
330
1F
100
AcDbEntity
  8
1cv
100
AcDbCircle
 10
19.79880805538054
 20
24.3283469682611
 30
6.026000000000003
 40
6.512498184764854
100
AcDbArc
 50
11.6443855123655
 51
14.8706406760177
  0
ARC
  5
1A8B
330
1F
100
AcDbEntity
  8
1cv
100
AcDbCircle
 10
19.78470322548346
 20
24.32460170140507
 30
6.026000000000003
 40
6.52709178782402
100
AcDbArc
 50
14.87064067601769
 51
17.93874794810768
  0
ARC
  5
1A8C
330
1F
100
AcDbEntity
  8
1cv
100
AcDbCircle
 10
34.12144389752812
 20
28.96595259599635
 30
6.026000000000003
 40
8.542223764787614
100
AcDbArc
 50
195.2569102998861
 51
197.9387502924217
  0
ARC
  5
1A8D
330
1F
100
AcDbEntity
  8
1cv
100
AcDbCircle
 10
31.70422350511338
 20
28.30662946339574
 30
6.026000000000003
 40
6.036697588774296
100
AcDbArc
 50
188.3972462589105
 51
195.2569102998861
  0
ARC
  5
1A8E
330
1F
100
AcDbEntity
  8
1cv
100
AcDbCircle
 10
18.80371830503046
 20
26.40228203957487
 30
6.026000000000003
 40
7.003608141076507
100
AcDbArc
 50
8.397246997838243
 51
14.76528664106344
  0
ARC
  5
1A8F
330
1F
100
AcDbEntity
  8
1cv
100
AcDbCircle
 10
12.40479025055823
 20
24.71575916233998
 30
6.026000000000003
 40
13.62105777531992
100
AcDbArc
 50
14.76528664106345
 51
16.5068073726993
  0
ARC
  5
1A90
330
1F
100
AcDbEntity
  8
1cv
100
AcDbCircle
 10
16.84893434558412
 20
26.0327490676698
 30
6.026000000000003
 40
8.985879337752061
100
AcDbArc
 50
16.5068068352169
 51
18.65099257386564
  0
ARC
  5
1A91
330
1F
100
AcDbEntity
  8
1cv
100
AcDbCircle
 10
18.83341812158305
 20
26.7025684323825
 30
6.026000000000003
 40
6.891402353264738
100
AcDbArc
 50
18.65099257386563
 51
21.97316636861439
  0
ARC
  5
1A92
330
1F
100
AcDbEntity
  8
1cv
100
AcDbCircle
 10
1.952543352587863
 20
19.89144663405215
 30
6.026000000000003
 40
25.09457002040963
100
AcDbArc
 50
21.97316718141094
 51
23.71394009350883
  0
ARC
  5
1A93
330
1F
100
AcDbEntity
  8
1cv
100
AcDbCircle
 10
15.00552159584378
 20
25.62509164329986
 30
6.026000000000003
 40
10.83781982581818
100
AcDbArc
 50
23.71394009350883
 51
30.1864043068184
  0
ARC
  5
1A94
330
1F
100
AcDbEntity
  8
1cv
100
AcDbCircle
 10
31.97760136778208
 20
35.49768744463796
 30
6.026000000000003
 40
8.796834223633164
100
AcDbArc
 50
203.0013337545406
 51
210.1864057348193
  0
ARC
  5
1A95
330
1F
100
AcDbEntity
  8
1cv
100
AcDbCircle
 10
66.74662398557202
 20
50.25721713797111
 30
6.026000000000003
 40
46.56889599638753
100
AcDbArc
 50
201.9741086115281
 51
203.0013337545406
  0
ARC
  5
1A96
330
1F
100
AcDbEntity
  8
1cv
100
AcDbCircle
 10
30.23662504338589
 20
35.52540806843194
 30
6.026000000000003
 40
7.198777616837428
100
AcDbArc
 50
199.3612480462272
 51
201.9741074195735
  0
LINE
  5
1A97
330
1F
100
AcDbEntity
  8
1cv
100
AcDbLine
 10
23.44495918368921
 20
33.13884693849832
 30
6.026000000000003
 11
23.16343814256834
 21
33.93999836128205
 31
6.026000000000003
  0
LINE
  5
1A98
330
1F
100
AcDbEntity
  8
1cv
100
AcDbLine
 10
23.16343814256834
 20
33.93999836128205
 30
6.026000000000003
 11
22.88191710150568
 21
34.74114978499711
 31
6.026000000000003
  0
ARC
  5
1A99
330
1F
100
AcDbEntity
  8
1cv
100
AcDbCircle
 10
30.20255045083823
 20
37.31358772905605
 30
6.026000000000003
 40
7.759452919593885
100
AcDbArc
 50
194.2138768626825
 51
199.3612480081117
  0
ARC
  5
1A9A
330
1F
100
AcDbEntity
  8
1cv
100
AcDbCircle
 10
23.06939534776471
 20
35.50678364297282
 30
6.026000000000003
 40
0.4010262718660687
100
AcDbArc
 50
171.4296731473886
 51
194.2138769205246
  0
ARC
  5
1A9B
330
1F
100
AcDbEntity
  8
1cv
100
AcDbCircle
 10
23.21605196748997
 20
35.48468159829055
 30
6.026000000000003
 40
0.5493389971743742
100
AcDbArc
 50
159.2562705071898
 51
171.4296731473889
  0
ARC
  5
1A9C
330
1F
100
AcDbEntity
  8
1cv
100
AcDbCircle
 10
28.1863682604281
 20
33.60221923174176
 30
6.026000000000003
 40
5.864196343643675
100
AcDbArc
 50
155.536749404224
 51
159.2562706581599
  0
ARC
  5
1A9D
330
1F
100
AcDbEntity
  8
1cv
100
AcDbCircle
 10
34.34953771646858
 20
30.79827373792293
 30
6.026000000000003
 40
12.63522049632377
100
AcDbArc
 50
152.870114837951
 51
155.536749404224
  0
ARC
  5
1A9E
330
1F
100
AcDbEntity
  8
1cv
100
AcDbCircle
 10
17.75156212048762
 20
39.3028143667602
 30
6.026000000000003
 40
6.014712618631975
100
AcDbArc
 50
332.8701147393025
 51
336.7354809458403
  0
ARC
  5
1A9F
330
1F
100
AcDbEntity
  8
1cv
100
AcDbCircle
 10
15.55461848306476
 20
40.2473553936759
 30
6.026000000000003
 40
8.406096966146982
100
AcDbArc
 50
336.7354809458403
 51
339.2553294610507
  0
ARC
  5
1AA0
330
1F
100
AcDbEntity
  8
1cv
100
AcDbCircle
 10
22.48016969141383
 20
37.62423539757862
 30
6.026000000000003
 40
1.000422246488374
100
AcDbArc
 50
339.2553290182256
 51
346.5640173808497
  0
ARC
  5
1AA1
330
1F
100
AcDbEntity
  8
1cv
100
AcDbCircle
 10
21.81846025516815
 20
37.78231603622828
 30
6.026000000000003
 40
1.680752215203895
100
AcDbArc
 50
346.5640173808495
 51
349.8970975368358
  0
ARC
  5
1AA2
330
1F
100
AcDbEntity
  8
1cv
100
AcDbCircle
 10
20.57686090594201
 20
38.00354343054055
 30
6.026000000000003
 40
2.941906648250446
100
AcDbArc
 50
349.897098058264
 51
352.4162647012467
  0
ARC
  5
1AA3
330
1F
100
AcDbEntity
  8
1cv
100
AcDbCircle
 10
20.68560105023129
 20
37.98906581427593
 30
6.026000000000003
 40
2.832206965695034
100
AcDbArc
 50
352.4162647012466
 51
356.7016477152493
  0
ARC
  5
1AA4
330
1F
100
AcDbEntity
  8
1cv
100
AcDbCircle
 10
27.22966923983512
 20
37.61192604142535
 30
6.026000000000003
 40
3.722719645522713
100
AcDbArc
 50
172.9640053648232
 51
176.7016477891019
  0
ARC
  5
1AA5
330
1F
100
AcDbEntity
  8
1cv
100
AcDbCircle
 10
24.41444038669694
 20
37.95938807903355
 30
6.026000000000003
 40
0.8861295512157168
100
AcDbArc
 50
162.6256895838623
 51
172.9640053648234
  0
ARC
  5
1AA6
330
1F
100
AcDbEntity
  8
1cv
100
AcDbCircle
 10
23.41545284593347
 20
38.27195996457181
 30
6.026000000000003
 40
0.1606164973698934
100
AcDbArc
 50
342.6256894671277
 51
7.060567309451871
  0
LINE
  5
1AA7
330
1F
100
AcDbEntity
  8
1cv
100
AcDbLine
 10
23.57485135132447
 20
38.29170270264149
 30
6.026000000000003
 11
23.52814078849042
 21
38.66883346438408
 31
6.026000000000003
  0
LINE
  5
1AA8
330
1F
100
AcDbEntity
  8
1cv
100
AcDbLine
 10
23.52814078849042
 20
38.66883346438408
 30
6.026000000000003
 11
23.48143022559816
 21
39.04596422612667
 31
6.026000000000003
  0
ARC
  5
1AA9
330
1F
100
AcDbEntity
  8
1cv
100
AcDbCircle
 10
24.63357197670737
 20
39.18866589623129
 30
6.026000000000003
 40
1.160945468701972
100
AcDbArc
 50
181.9131962262765
 51
187.0605673463834
  0
ARC
  5
1AAA
330
1F
100
AcDbEntity
  8
1cv
100
AcDbCircle
 10
31.65823493141669
 20
39.42331765937974
 30
6.026000000000003
 40
8.189526483189471
100
AcDbArc
 50
179.9757188582028
 51
181.9131961989167
  0
LINE
  5
1AAB
102
{ACAD_REACTORS
330
2258
102
}
330
1F
100
AcDbEntity
  8
1cv
100
AcDbLine
 10
23.46870918362402
 20
39.42678826488555
 30
6.026000000000003
 11
23.46892287349328
 21
39.93102842755616
 31
6.026000000000003
  0
LINE
  5
1AAC
102
{ACAD_REACTORS
330
2258
102
}
330
1F
100
AcDbEntity
  8
1cv
100
AcDbLine
 10
23.46892287349328
 20
39.93102842755616
 30
6.026000000000003
 11
23.46913656336255
 21
40.43526858929545
 31
6.026000000000003
  0
ARC
  5
1AAD
102
{ACAD_REACTORS
330
2258
102
}
330
1F
100
AcDbEntity
  8
1cv
100
AcDbCircle
 10
24.87460550886492
 20
40.43467297137627
 30
6.026000000000003
 40
1.405469071709602
100
AcDbArc
 50
170.1618084726049
 51
179.9757188580813
  0
ARC
  5
1AAE
102
{ACAD_REACTORS
330
2258
102
}
330
1F
100
AcDbEntity
  8
1cv
100
AcDbCircle
 10
21.80562686152157
 20
40.96688459119901
 30
6.026000000000003
 40
1.709314892889509
100
AcDbArc
 50
350.16180845679
 51
359.0588801822624
  0
LINE
  5
1AAF
102
{ACAD_REACTORS
330
2258
102
}
330
1F
100
AcDbEntity
  8
1cv
100
AcDbLine
 10
23.51471117162146
 20
40.93880926351994
 30
6.026000000000003
 11
23.52432777360082
 21
41.52421947661787
 31
6.026000000000003
  0
LINE
  5
1AB0
102
{ACAD_REACTORS
330
2258
102
}
330
1F
100
AcDbEntity
  8
1cv
100
AcDbLine
 10
23.52432777360082
 20
41.52421947661787
 30
6.026000000000003
 11
23.53394437558018
 21
42.1096296897158
 31
6.026000000000003
  0
ARC
  5
1AB1
102
{ACAD_REACTORS
330
2258
102
}
330
1F
100
AcDbEntity
  8
1cv
100
AcDbCircle
 10
25.14640976094683
 20
42.08314153240384
 30
6.026000000000003
 40
1.612682932719081
100
AcDbArc
 50
167.375519642495
 51
179.0588801822623
  0
ARC
  5
1AB2
102
{ACAD_REACTORS
330
2258
102
}
330
1F
100
AcDbEntity
  8
1cv
100
AcDbCircle
 10
22.59432435834341
 20
42.65474520672675
 30
6.026000000000003
 40
1.002631706608455
100
AcDbArc
 50
347.3755197462067
 51
2.208634494719988
  0
LINE
  5
1AB3
102
{ACAD_REACTORS
330
2258
102
}
330
1F
100
AcDbEntity
  8
1cv
100
AcDbLine
 10
23.59621122991666
 20
42.69338502641767
 30
6.026000000000003
 11
23.59111099591246
 21
42.82562833186239
 31
6.026000000000003
  0
LINE
  5
1AB4
102
{ACAD_REACTORS
330
2258
102
}
330
1F
100
AcDbEntity
  8
1cv
100
AcDbLine
 10
23.59111099591246
 20
42.82562833186239
 30
6.026000000000003
 11
23.58601076190826
 21
42.95787163637578
 31
6.026000000000003
  0
ARC
  5
1AB5
102
{ACAD_REACTORS
330
2258
102
}
330
1F
100
AcDbEntity
  8
1cv
100
AcDbCircle
 10
24.07894171957073
 20
42.97688252875828
 30
6.026000000000003
 40
0.4932974184518156
100
AcDbArc
 50
177.0612631479211
 51
182.2086345145031
  0
ARC
  5
1AB6
102
{ACAD_REACTORS
330
2258
102
}
330
1F
100
AcDbEntity
  8
1cv
100
AcDbCircle
 10
-109.1908876061986
 20
51.33847112944735
 30
6.026000000000003
 40
133.0386168120416
100
AcDbArc
 50
356.4074505004561
 51
358.2632188989006
  0
LINE
  5
1AB7
330
1F
100
AcDbEntity
  8
1cv
100
AcDbLine
 10
42.36655917478493
 20
10.51980998832732
 30
7.026000000000003
 11
41.75886184780392
 21
11.53928881045431
 31
7.026000000000003
  0
LINE
  5
1AB8
330
1F
100
AcDbEntity
  8
1cv
100
AcDbLine
 10
41.75886184780392
 20
11.53928881045431
 30
7.026000000000003
 11
41.15116452082292
 21
12.55876763258129
 31
7.026000000000003
  0
ARC
  5
1AB9
330
1F
100
AcDbEntity
  8
1cv
100
AcDbCircle
 10
48.15932859421057
 20
16.73623800470389
 30
7.026000000000003
 40
8.158775789877019
100
AcDbArc
 50
205.6512184396424
 51
210.7985892354118
  0
ARC
  5
1ABA
330
1F
100
AcDbEntity
  8
1cv
100
AcDbCircle
 10
43.69384005720206
 20
14.59182404179375
 30
7.026000000000003
 40
3.205080288690219
100
AcDbArc
 50
197.434380590632
 51
205.6512176335604
  0
LINE
  5
1ABB
330
1F
100
AcDbEntity
  8
1cv
100
AcDbLine
 10
40.63599886227166
 20
13.63153924886137
 30
7.026000000000003
 11
40.17477837635669
 21
15.10020668338984
 31
7.026000000000003
  0
LINE
  5
1ABC
330
1F
100
AcDbEntity
  8
1cv
100
AcDbLine
 10
40.17477837635669
 20
15.10020668338984
 30
7.026000000000003
 11
39.71355789049994
 21
16.56887411698699
 31
7.026000000000003
  0
ARC
  5
1ABD
330
1F
100
AcDbEntity
  8
1cv
100
AcDbCircle
 10
42.05157503177282
 20
17.30310527411941
 30
7.026000000000003
 40
2.450595753075126
100
AcDbArc
 50
191.216777430548
 51
197.4343803900353
  0
ARC
  5
1ABE
330
1F
100
AcDbEntity
  8
1cv
100
AcDbCircle
 10
-15.91639693156826
 20
5.807496984409548
 30
7.026000000000003
 40
56.64622974113518
100
AcDbArc
 50
11.21677740497486
 51
12.50939306413164
  0
LINE
  5
1ABF
330
1F
100
AcDbEntity
  8
1cv
100
AcDbLine
 10
39.38508025679039
 20
18.0770513638854
 30
7.026000000000003
 11
39.05675227078609
 21
19.55689505394548
 31
7.026000000000003
  0
LINE
  5
1AC0
330
1F
100
AcDbEntity
  8
1cv
100
AcDbLine
 10
39.05675227078609
 20
19.55689505394548
 30
7.026000000000003
 11
38.72842428478179
 21
21.03673874400556
 31
7.026000000000003
  0
ARC
  5
1AC1
330
1F
100
AcDbEntity
  8
1cv
100
AcDbCircle
 10
43.12165884225935
 20
22.01145104908862
 30
7.026000000000003
 40
4.500063772292048
100
AcDbArc
 50
187.362021737379
 51
192.5093930641317
  0
ARC
  5
1AC2
330
1F
100
AcDbEntity
  8
1cv
100
AcDbCircle
 10
72.71001308447003
 20
25.83436581615621
 30
7.026000000000003
 40
34.33436255873599
100
AcDbArc
 50
185.4990624769906
 51
187.3620219549749
  0
ARC
  5
1AC3
330
1F
100
AcDbEntity
  8
1cv
100
AcDbCircle
 10
60.23250577964652
 20
24.63312457427674
 30
7.026000000000003
 40
21.79916534995158
100
AcDbArc
 50
183.8251354396851
 51
185.4990624769906
  0
ARC
  5
1AC4
330
1F
100
AcDbEntity
  8
1cv
100
AcDbCircle
 10
74.99258296988981
 20
25.61999173372416
 30
7.026000000000003
 40
36.59219700179145
100
AcDbArc
 50
182.5331548646625
 51
183.8251353908541
  0
ARC
  5
1AC5
330
1F
100
AcDbEntity
  8
1cv
100
AcDbCircle
 10
49.56137828099603
 20
24.49489687028303
 30
7.026000000000003
 40
11.13611697402294
100
AcDbArc
 50
176.9437240641476
 51
182.5331548646625
  0
ARC
  5
1AC6
330
1F
100
AcDbEntity
  8
1cv
100
AcDbCircle
 10
6.469984839926706
 20
26.79566393136314
 30
7.026000000000003
 40
32.01665486930577
100
AcDbArc
 50
356.9437240703428
 51
0.2393214027256273
  0
ARC
  5
1AC7
330
1F
100
AcDbEntity
  8
1cv
100
AcDbCircle
 10
17.57179970342014
 20
26.84203588720649
 30
7.026000000000003
 40
20.91474315908341
100
AcDbArc
 50
0.2393214027256206
 51
3.824194356660092
  0
ARC
  5
1AC8
330
1F
100
AcDbEntity
  8
1cv
100
AcDbCircle
 10
38.12356001772201
 20
28.21579924795152
 30
7.026000000000003
 40
0.3171200489321048
100
AcDbArc
 50
3.824194378305695
 51
33.25501966736046
  0
LINE
  5
1AC9
330
1F
100
AcDbEntity
  8
1cv
100
AcDbLine
 10
38.38874789024703
 20
28.38969725742936
 30
7.026000000000003
 11
37.4937908044667
 21
29.75447288155556
 31
7.026000000000003
  0
LINE
  5
1ACA
330
1F
100
AcDbEntity
  8
1cv
100
AcDbLine
 10
37.4937908044667
 20
29.75447288155556
 30
7.026000000000003
 11
36.59883371862816
 21
31.11924850475043
 31
7.026000000000003
  0
ARC
  5
1ACB
330
1F
100
AcDbEntity
  8
1cv
100
AcDbCircle
 10
34.133110827032
 20
29.50234082990312
 30
7.026000000000003
 40
2.948589460593225
100
AcDbArc
 50
33.25501988731455
 51
38.40239009813048
  0
ARC
  5
1ACC
330
1F
100
AcDbEntity
  8
1cv
100
AcDbCircle
 10
-25.5803132036705
 20
-17.8299940165686
 30
7.026000000000003
 40
79.14598397962517
100
AcDbArc
 50
38.40239137882763
 51
39.39559325223477
  0
ARC
  5
1ACD
330
1F
100
AcDbEntity
  8
1cv
100
AcDbCircle
 10
-11.2814508338151
 20
-6.086617713267536
 30
7.026000000000003
 40
60.6428936411709
100
AcDbArc
 50
39.39559325223477
 51
39.80249381543438
  0
ARC
  5
1ACE
330
1F
100
AcDbEntity
  8
1cv
100
AcDbCircle
 10
14.62282132340616
 20
15.49792292460827
 30
7.026000000000003
 40
26.92459429877414
100
AcDbArc
 50
39.80248642759632
 51
40.41315419147628
  0
ARC
  5
1ACF
330
1F
100
AcDbEntity
  8
1cv
100
AcDbCircle
 10
31.38730749645033
 20
29.77225693474681
 30
7.026000000000003
 40
4.906315345159561
100
AcDbArc
 50
40.41315419147628
 51
48.96507922976425
  0
ARC
  5
1AD0
330
1F
100
AcDbEntity
  8
1cv
100
AcDbCircle
 10
37.60187747029515
 20
36.91250679302815
 30
7.026000000000003
 40
4.559626129332072
100
AcDbArc
 50
220.0933565380979
 51
228.9650693917858
  0
ARC
  5
1AD1
330
1F
100
AcDbEntity
  8
1cv
100
AcDbCircle
 10
60.32301609131572
 20
56.04097989556887
 30
7.026000000000003
 40
34.26061304004359
100
AcDbArc
 50
219.380455741363
 51
220.0933565380978
  0
ARC
  5
1AD2
330
1F
100
AcDbEntity
  8
1cv
100
AcDbCircle
 10
21.39990976496814
 20
24.09141521039055
 30
7.026000000000003
 40
16.09594452364023
100
AcDbArc
 50
39.38043881768331
 51
40.42054046855279
  0
LINE
  5
1AD3
330
1F
100
AcDbEntity
  8
1cv
100
AcDbLine
 10
33.65384743199684
 20
34.52791087515652
 30
7.026000000000003
 11
33.31114748184337
 21
34.93028960097581
 31
7.026000000000003
  0
LINE
  5
1AD4
330
1F
100
AcDbEntity
  8
1cv
100
AcDbLine
 10
33.31114748184337
 20
34.93028960097581
 30
7.026000000000003
 11
32.9684475317481
 21
35.3326683267951
 31
7.026000000000003
  0
ARC
  5
1AD5
330
1F
100
AcDbEntity
  8
1cv
100
AcDbCircle
 10
37.22664495783718
 20
38.95931146609873
 30
7.026000000000003
 40
5.593280413085842
100
AcDbArc
 50
215.2731692428351
 51
220.4205404637718
  0
ARC
  5
1AD6
330
1F
100
AcDbEntity
  8
1cv
100
AcDbCircle
 10
32.68378851517157
 20
35.74598258846745
 30
7.026000000000003
 40
0.0288373021817964
100
AcDbArc
 50
137.8532562600129
 51
215.2731694521698
  0
ARC
  5
1AD7
330
1F
100
AcDbEntity
  8
1cv
100
AcDbCircle
 10
32.81003791012467
 20
35.63172027825903
 30
7.026000000000003
 40
0.1991158541494212
100
AcDbArc
 50
129.964416892582
 51
137.8532562600138
  0
ARC
  5
1AD8
330
1F
100
AcDbEntity
  8
1cv
100
AcDbCircle
 10
33.15147476721775
 20
35.2242977418617
 30
7.026000000000003
 40
0.7306911080373518
100
AcDbArc
 50
125.8486447338261
 51
129.9643996016865
  0
ARC
  5
1AD9
330
1F
100
AcDbEntity
  8
1cv
100
AcDbCircle
 10
34.59938222273556
 20
33.22031288932029
 30
7.026000000000003
 40
3.203016185562444
100
AcDbArc
 50
124.1694218921903
 51
125.8486447338261
  0
ARC
  5
1ADA
330
1F
100
AcDbEntity
  8
1cv
100
AcDbCircle
 10
31.91490012238973
 20
37.17495010331777
 30
7.026000000000003
 40
1.576690880923823
100
AcDbArc
 50
304.1693502711421
 51
306.5628771214742
  0
ARC
  5
1ADB
330
1F
100
AcDbEntity
  8
1cv
100
AcDbCircle
 10
32.15073928930113
 20
36.85696217243116
 30
7.026000000000003
 40
1.180791352205982
100
AcDbArc
 50
306.5628771214742
 51
309.9634613889017
  0
ARC
  5
1ADC
330
1F
100
AcDbEntity
  8
1cv
100
AcDbCircle
 10
32.89358146564064
 20
35.97052991430147
 30
7.026000000000003
 40
0.0242548645836785
100
AcDbArc
 50
309.9634749297232
 51
333.8596956165744
  0
LINE
  5
1ADD
330
1F
100
AcDbEntity
  8
1cv
100
AcDbLine
 10
32.9153554912773
 20
35.95984392985702
 30
7.026000000000003
 11
33.04003621119773
 21
36.21389645989984
 31
7.026000000000003
  0
LINE
  5
1ADE
330
1F
100
AcDbEntity
  8
1cv
100
AcDbLine
 10
33.04003621119773
 20
36.21389645989984
 30
7.026000000000003
 11
33.16471693105996
 21
36.46794899087399
 31
7.026000000000003
  0
ARC
  5
1ADF
330
1F
100
AcDbEntity
  8
1cv
100
AcDbCircle
 10
31.44878580701052
 20
37.31007217912053
 30
7.026000000000003
 40
1.911436916736743
100
AcDbArc
 50
333.859697358176
 51
339.0070682821723
  0
ARC
  5
1AE0
330
1F
100
AcDbEntity
  8
1cv
100
AcDbCircle
 10
32.46642088474318
 20
36.91958269423857
 30
7.026000000000003
 40
0.8214538025394046
100
AcDbArc
 50
339.0070689232331
 51
346.8624636605081
  0
ARC
  5
1AE1
330
1F
100
AcDbEntity
  8
1cv
100
AcDbCircle
 10
32.29632027058845
 20
36.95928383820827
 30
7.026000000000003
 40
0.9961260664175537
100
AcDbArc
 50
346.8624636605079
 51
350.0120825419071
  0
ARC
  5
1AE2
330
1F
100
AcDbEntity
  8
1cv
100
AcDbCircle
 10
31.79126112863967
 20
37.04822958189347
 30
7.026000000000003
 40
1.508957502842584
100
AcDbArc
 50
350.0120823775471
 51
352.571010603484
  0
ARC
  5
1AE3
330
1F
100
AcDbEntity
  8
1cv
100
AcDbCircle
 10
31.78177650142488
 20
37.04946630000713
 30
7.026000000000003
 40
1.518522419208978
100
AcDbArc
 50
352.5710106034841
 51
357.9132914211335
  0
ARC
  5
1AE4
330
1F
100
AcDbEntity
  8
1cv
100
AcDbCircle
 10
34.10234697300011
 20
36.96491388902825
 30
7.026000000000003
 40
0.803587919200719
100
AcDbArc
 50
170.5671244376642
 51
177.9132915900196
  0
ARC
  5
1AE5
330
1F
100
AcDbEntity
  8
1cv
100
AcDbCircle
 10
41.95504971747861
 20
35.66027767491707
 30
7.026000000000003
 40
8.76392811571937
100
AcDbArc
 50
170.0130241544017
 51
170.5671244376643
  0
ARC
  5
1AE6
330
1F
100
AcDbEntity
  8
1cv
100
AcDbCircle
 10
35.01298104578548
 20
36.88272461517302
 30
7.026000000000003
 40
1.71504920029996
100
AcDbArc
 50
168.7604402529919
 51
170.0130228793811
  0
LINE
  5
1AE7
330
1F
100
AcDbEntity
  8
1cv
100
AcDbLine
 10
33.33082509506494
 20
37.21700760442764
 30
7.026000000000003
 11
33.35598044487415
 21
37.3435926316306
 31
7.026000000000003
  0
LINE
  5
1AE8
330
1F
100
AcDbEntity
  8
1cv
100
AcDbLine
 10
33.35598044487415
 20
37.3435926316306
 30
7.026000000000003
 11
33.38113579468336
 21
37.47017765790224
 31
7.026000000000003
  0
ARC
  5
1AE9
330
1F
100
AcDbEntity
  8
1cv
100
AcDbCircle
 10
34.66929250161902
 20
37.21419135724803
 30
7.026000000000003
 40
1.313345608644559
100
AcDbArc
 50
163.6130687241921
 51
168.7604401429619
  0
ARC
  5
1AEA
330
1F
100
AcDbEntity
  8
1cv
100
AcDbCircle
 10
33.42397768680751
 20
37.580398808174
 30
7.026000000000003
 40
0.0153021251268784
100
AcDbArc
 50
114.4475970793106
 51
163.6130683096051
  0
ARC
  5
1AEB
330
1F
100
AcDbEntity
  8
1cv
100
AcDbCircle
 10
33.42541001503697
 20
37.57724821774588
 30
7.026000000000003
 40
0.0187630186824014
100
AcDbArc
 50
79.52289013704668
 51
114.4475970793082
  0
ARC
  5
1AEC
330
1F
100
AcDbEntity
  8
1cv
100
AcDbCircle
 10
33.19042107788557
 20
36.30652615106932
 30
7.026000000000003
 40
1.311030162628381
100
AcDbArc
 50
75.40831729395129
 51
79.52290790298528
  0
ARC
  5
1AED
330
1F
100
AcDbEntity
  8
1cv
100
AcDbCircle
 10
32.59902552940738
 20
34.03477178873134
 30
7.026000000000003
 40
3.658500413251689
100
AcDbArc
 50
73.11600261727775
 51
75.40831729395129
  0
ARC
  5
1AEE
330
1F
100
AcDbEntity
  8
1cv
100
AcDbCircle
 10
33.86171825448399
 20
38.19496018946464
 30
7.026000000000003
 40
0.6890920754203192
100
AcDbArc
 50
253.1160081542733
 51
258.3993872740659
  0
ARC
  5
1AEF
330
1F
100
AcDbEntity
  8
1cv
100
AcDbCircle
 10
33.97749821905529
 20
38.75896557479597
 30
7.026000000000003
 40
1.264858586150909
100
AcDbArc
 50
258.3993872740659
 51
261.3354561457589
  0
ARC
  5
1AF0
330
1F
100
AcDbEntity
  8
1cv
100
AcDbCircle
 10
33.71390143048757
 20
37.02919352917559
 30
7.026000000000003
 40
0.484882708084612
100
AcDbArc
 50
76.59254741740338
 51
81.33547247564335
  0
LINE
  5
1AF1
330
1F
100
AcDbEntity
  8
1cv
100
AcDbLine
 10
33.82633333327249
 20
37.50086111109704
 30
7.026000000000003
 11
34.12849677255144
 21
37.42883409094066
 31
7.026000000000003
  0
LINE
  5
1AF2
330
1F
100
AcDbEntity
  8
1cv
100
AcDbLine
 10
34.12849677255144
 20
37.42883409094066
 30
7.026000000000003
 11
34.4306602118304
 21
37.35680707078427
 31
7.026000000000003
  0
ARC
  5
1AF3
330
1F
100
AcDbEntity
  8
1cv
100
AcDbCircle
 10
35.19335263200233
 20
40.55640861324397
 30
7.026000000000003
 40
3.28924759759709
100
AcDbArc
 50
256.5925474174032
 51
261.7399185542691
  0
ARC
  5
1AF4
330
1F
100
AcDbEntity
  8
1cv
100
AcDbCircle
 10
34.72319981016158
 20
37.31783391127487
 30
7.026000000000003
 40
0.0167241406728904
100
AcDbArc
 50
261.7399243226576
 51
339.8022114325877
  0
ARC
  5
1AF5
330
1F
100
AcDbEntity
  8
1cv
100
AcDbCircle
 10
34.48389292338534
 20
37.40587121505052
 30
7.026000000000003
 40
0.2717111068390469
100
AcDbArc
 50
339.8022114325826
 51
340.8462630413267
  0
ARC
  5
1AF6
102
{ACAD_REACTORS
330
2258
102
}
330
1F
100
AcDbEntity
  8
1cv
100
AcDbCircle
 10
34.72396778828694
 20
37.32248557722124
 30
7.026000000000003
 40
0.0175672394062214
100
AcDbArc
 50
340.8463175313397
 51
344.9531985075177
  0
ARC
  5
1AF7
330
1F
100
AcDbEntity
  8
1cv
100
AcDbCircle
 10
34.49567037885179
 20
37.38385759884149
 30
7.026000000000003
 40
0.2539699301535096
100
AcDbArc
 50
344.9531985075229
 51
346.3556324395472
  0
ARC
  5
1AF8
330
1F
100
AcDbEntity
  8
1cv
100
AcDbCircle
 10
34.93351517559128
 20
37.27829765429266
 30
7.026000000000003
 40
0.1964205775378264
100
AcDbArc
 50
164.7477319550507
 51
166.5610957778364
  0
ARC
  5
1AF9
330
1F
100
AcDbEntity
  8
1cv
100
AcDbCircle
 10
34.75916650935011
 20
37.32583797102722
 30
7.026000000000003
 40
0.0157066070338881
100
AcDbArc
 50
147.1184775510853
 51
164.7477319550604
  0
ARC
  5
1AFA
330
1F
100
AcDbEntity
  8
1cv
100
AcDbCircle
 10
34.74473109961139
 20
37.33517005342064
 30
7.026000000000003
 40
0.0014825993504176
100
AcDbArc
 50
327.118499657632
 51
26.95516658454504
  0
LINE
  5
1AFB
102
{ACAD_REACTORS
330
2258
102
}
330
1F
100
AcDbEntity
  8
1cv
100
AcDbLine
 10
34.74605263158446
 20
37.33584210556001
 30
7.026000000000003
 11
34.70639538689284
 21
37.4138245228678
 31
7.026000000000003
  0
LINE
  5
1AFC
102
{ACAD_REACTORS
330
2258
102
}
330
1F
100
AcDbEntity
  8
1cv
100
AcDbLine
 10
34.70639538689284
 20
37.4138245228678
 30
7.026000000000003
 11
34.666738142143
 21
37.49180694110691
 31
7.026000000000003
  0
ARC
  5
1AFD
102
{ACAD_REACTORS
330
2258
102
}
330
1F
100
AcDbEntity
  8
1cv
100
AcDbCircle
 10
34.92194792708283
 20
37.6215915399759
 30
7.026000000000003
 40
0.286314645857696
100
AcDbArc
 50
201.8078203481685
 51
206.9551956126287
  0
ARC
  5
1AFE
102
{ACAD_REACTORS
330
2258
102
}
330
1F
100
AcDbEntity
  8
1cv
100
AcDbCircle
 10
36.20386591757551
 20
38.13452533719745
 30
7.026000000000003
 40
1.667044458196403
100
AcDbArc
 50
199.6752087875675
 51
201.8078270302097
  0
ARC
  5
1AFF
102
{ACAD_REACTORS
330
2258
330
2205
102
}
330
1F
100
AcDbEntity
  8
1cv
100
AcDbCircle
 10
35.0497004930001
 20
37.72183761573805
 30
7.026000000000003
 40
0.4413165182649211
100
AcDbArc
 50
185.5649383666257
 51
199.675208787568
  0
ARC
  5
1B00
102
{ACAD_REACTORS
330
2258
330
2205
102
}
330
1F
100
AcDbEntity
  8
1cv
100
AcDbCircle
 10
44.24472131221011
 20
38.61773667662048
 30
7.026000000000003
 40
9.679879339017697
100
AcDbArc
 50
182.559365533181
 51
185.5649380861822
  0
ARC
  5
1B01
102
{ACAD_REACTORS
330
2258
330
2205
102
}
330
1F
100
AcDbEntity
  8
1cv
100
AcDbCircle
 10
43.81802943389611
 20
38.59866393820529
 30
7.026000000000003
 40
9.252761406392776
100
AcDbArc
 50
177.8525973358282
 51
182.5593655331809
  0
ARC
  5
1B02
102
{ACAD_REACTORS
330
2258
330
2205
102
}
330
1F
100
AcDbEntity
  8
1cv
100
AcDbCircle
 10
31.00563689642399
 20
39.07908773248797
 30
7.026000000000003
 40
3.568635146104312
100
AcDbArc
 50
357.8525973194123
 51
5.434919761517329
  0
ARC
  5
1B03
102
{ACAD_REACTORS
330
2258
330
2205
102
}
330
1F
100
AcDbEntity
  8
1cv
100
AcDbCircle
 10
-148.5169228588067
 20
21.99881279585773
 30
7.026000000000003
 40
183.9018967840541
100
AcDbArc
 50
5.434919761517283
 51
5.563996878897903
  0
ARC
  5
1B04
102
{ACAD_REACTORS
330
2258
330
2205
102
}
330
1F
100
AcDbEntity
  8
1cv
100
AcDbCircle
 10
-8.804394079669776
 20
35.60911531072123
 30
7.026000000000003
 40
43.52799952246468
100
AcDbArc
 50
5.563997595471338
 51
5.82931030550863
  0
LINE
  5
1B05
102
{ACAD_REACTORS
330
2258
330
2205
102
}
330
1F
100
AcDbEntity
  8
1cv
100
AcDbLine
 10
34.49851702788147
 20
40.03004643879831
 30
7.026000000000003
 11
34.4844804587774
 21
40.16753428615629
 31
7.026000000000003
  0
LINE
  5
1B06
102
{ACAD_REACTORS
330
2258
330
2205
102
}
330
1F
100
AcDbEntity
  8
1cv
100
AcDbLine
 10
34.4844804587774
 20
40.16753428615629
 30
7.026000000000003
 11
34.47044388967333
 21
40.3050221344456
 31
7.026000000000003
  0
ARC
  5
1B07
102
{ACAD_REACTORS
330
2258
330
2205
102
}
330
1F
100
AcDbEntity
  8
1cv
100
AcDbCircle
 10
33.95796422222906
 20
40.25270146494372
 30
7.026000000000003
 40
0.515143535338375
100
AcDbArc
 50
5.829310270289106
 51
10.97668233161467
  0
ARC
  5
1B08
102
{ACAD_REACTORS
330
2258
330
2205
102
}
330
1F
100
AcDbEntity
  8
1cv
100
AcDbCircle
 10
56.24705587811617
 20
45.10376077033029
 30
7.026000000000003
 40
22.29587550657323
100
AcDbArc
 50
181.4802875177415
 51
192.3086063562027
  0
LINE
  5
1B09
330
1F
100
AcDbEntity
  8
1cv
100
AcDbLine
 10
50.00645663711475
 20
23.90252389386296
 30
8.026000000000003
 11
49.19543927925406
 21
24.66913406271487
 31
8.026000000000003
  0
LINE
  5
1B0A
330
1F
100
AcDbEntity
  8
1cv
100
AcDbLine
 10
49.19543927925406
 20
24.66913406271487
 30
8.026000000000003
 11
48.38442192139337
 21
25.43574423249811
 31
8.026000000000003
  0
ARC
  5
1B0B
330
1F
100
AcDbEntity
  8
1cv
100
AcDbCircle
 10
50.49070601650562
 20
27.66403838457292
 30
8.026000000000003
 40
3.066223657447975
100
AcDbArc
 50
217.4927969448915
 51
226.6123404708543
  0
ARC
  5
1B0C
330
1F
100
AcDbEntity
  8
1cv
100
AcDbCircle
 10
43.97564374392064
 20
22.66615672423594
 30
8.026000000000003
 40
5.145040405191392
100
AcDbArc
 50
37.49279456375673
 51
44.52991791165689
  0
LINE
  5
1B0D
330
1F
100
AcDbEntity
  8
1cv
100
AcDbLine
 10
47.64346258499426
 20
26.27427891176194
 30
8.026000000000003
 11
46.88043036119779
 21
27.04993556067348
 31
8.026000000000003
  0
LINE
  5
1B0E
330
1F
100
AcDbEntity
  8
1cv
100
AcDbLine
 10
46.88043036119779
 20
27.04993556067348
 30
8.026000000000003
 11
46.11739813740132
 21
27.82559220865369
 31
8.026000000000003
  0
ARC
  5
1B0F
330
1F
100
AcDbEntity
  8
1cv
100
AcDbCircle
 10
51.59329719909066
 20
33.21236668712579
 30
8.026000000000003
 40
7.681328649115884
100
AcDbArc
 50
219.3825470576316
 51
224.5299179459009
  0
ARC
  5
1B10
330
1F
100
AcDbEntity
  8
1cv
100
AcDbCircle
 10
47.68263916151627
 20
30.00211038454456
 30
8.026000000000003
 40
2.62178402384499
100
AcDbArc
 50
210.5662199249309
 51
219.3825462736798
  0
LINE
  5
1B11
330
1F
100
AcDbEntity
  8
1cv
100
AcDbLine
 10
45.42517301585758
 20
28.66884444374591
 30
8.026000000000003
 11
45.04484076087829
 21
29.31281738635153
 31
8.026000000000003
  0
LINE
  5
1B12
330
1F
100
AcDbEntity
  8
1cv
100
AcDbLine
 10
45.04484076087829
 20
29.31281738635153
 30
8.026000000000003
 11
44.66450850589899
 21
29.95679032988846
 31
8.026000000000003
  0
ARC
  5
1B13
330
1F
100
AcDbEntity
  8
1cv
100
AcDbCircle
 10
47.47518153700807
 20
31.61678182527108
 30
8.026000000000003
 40
3.264269390314857
100
AcDbArc
 50
205.4188493372997
 51
210.5662197897527
  0
ARC
  5
1B14
330
1F
100
AcDbEntity
  8
1cv
100
AcDbCircle
 10
51.69911874164091
 20
33.62415770050969
 30
8.026000000000003
 40
7.940935233965802
100
AcDbArc
 50
202.1192843774695
 51
205.4188483435368
  0
LINE
  5
1B15
330
1F
100
AcDbEntity
  8
1cv
100
AcDbLine
 10
44.34262085304363
 20
30.63410900440067
 30
8.026000000000003
 11
43.99452222167747
 21
31.49054550658912
 31
8.026000000000003
  0
LINE
  5
1B16
330
1F
100
AcDbEntity
  8
1cv
100
AcDbLine
 10
43.99452222167747
 20
31.49054550658912
 30
8.026000000000003
 11
43.64642359031131
 21
32.34698200877756
 31
8.026000000000003
  0
ARC
  5
1B17
330
1F
100
AcDbEntity
  8
1cv
100
AcDbCircle
 10
51.80921658419491
 20
35.66474936460064
 30
8.026000000000003
 40
8.811286494511477
100
AcDbArc
 50
196.9719131637353
 51
202.1192843774696
  0
ARC
  5
1B18
330
1F
100
AcDbEntity
  8
1cv
100
AcDbCircle
 10
43.6492029328357
 20
33.17435617188108
 30
8.026000000000003
 40
0.2797051027229319
100
AcDbArc
 50
167.7762971622557
 51
196.9719131797031
  0
LINE
  5
1B19
330
1F
100
AcDbEntity
  8
1cv
100
AcDbLine
 10
43.3758391959127
 20
33.23357788939029
 30
8.026000000000003
 11
43.49533250404056
 21
33.78515150863677
 31
8.026000000000003
  0
LINE
  5
1B1A
330
1F
100
AcDbEntity
  8
1cv
100
AcDbLine
 10
43.49533250404056
 20
33.78515150863677
 30
8.026000000000003
 11
43.61482581216842
 21
34.33672512695193
 31
8.026000000000003
  0
ARC
  5
1B1B
330
1F
100
AcDbEntity
  8
1cv
100
AcDbCircle
 10
48.82711156626605
 20
33.20753176601831
 30
8.026000000000003
 40
5.333197955143399
100
AcDbArc
 50
162.6289257811278
 51
167.7762970721094
  0
ARC
  5
1B1C
330
1F
100
AcDbEntity
  8
1cv
100
AcDbCircle
 10
43.91692795726974
 20
34.74356811228804
 30
8.026000000000003
 40
0.1883645534560666
100
AcDbArc
 50
134.9814580196681
 51
162.6289260144378
  0
LINE
  5
1B1D
330
1F
100
AcDbEntity
  8
1cv
100
AcDbLine
 10
43.78377721516881
 20
34.87680506240577
 30
8.026000000000003
 11
43.83737761690281
 21
34.930370782502
 31
8.026000000000003
  0
LINE
  5
1B1E
330
1F
100
AcDbEntity
  8
1cv
100
AcDbLine
 10
43.83737761690281
 20
34.930370782502
 30
8.026000000000003
 11
43.8909780185786
 21
34.98393650352955
 31
8.026000000000003
  0
ARC
  5
1B1F
330
1F
100
AcDbEntity
  8
1cv
100
AcDbCircle
 10
44.40755840768569
 20
34.46702165742689
 30
8.026000000000003
 40
0.7307915274080345
100
AcDbArc
 50
129.8340861772797
 51
134.9814580919652
  0
ARC
  5
1B20
330
1F
100
AcDbEntity
  8
1cv
100
AcDbCircle
 10
43.95217477965688
 20
35.01292934461956
 30
8.026000000000003
 40
0.0198840428414909
100
AcDbArc
 50
98.24042304549191
 51
129.8340789594263
  0
LINE
  5
1B21
330
1F
100
AcDbEntity
  8
1cv
100
AcDbLine
 10
43.9493248554645
 20
35.03260809183121
 30
8.026000000000003
 11
43.96720794757129
 21
35.03519796486944
 31
8.026000000000003
  0
LINE
  5
1B22
330
1F
100
AcDbEntity
  8
1cv
100
AcDbLine
 10
43.96720794757129
 20
35.03519796486944
 30
8.026000000000003
 11
43.98509103967808
 21
35.03778783790767
 31
8.026000000000003
  0
ARC
  5
1B23
330
1F
100
AcDbEntity
  8
1cv
100
AcDbCircle
 10
43.99704298150088
 20
34.95525959296408
 30
8.026000000000003
 40
0.0833892086951581
100
AcDbArc
 50
93.09306384911595
 51
98.24042304549974
  0
ARC
  5
1B24
330
1F
100
AcDbEntity
  8
1cv
100
AcDbCircle
 10
44.0016294789769
 20
34.8703809676834
 30
8.026000000000003
 40
0.1683916615340915
100
AcDbArc
 50
89.47140572449423
 51
93.0930437398519
  0
ARC
  5
1B25
330
1F
100
AcDbEntity
  8
1cv
100
AcDbCircle
 10
44.00250881933703
 20
34.96569237059444
 30
8.026000000000003
 40
0.0730762023244739
100
AcDbArc
 50
80.9112867843482
 51
89.47140572449411
  0
ARC
  5
1B26
330
1F
100
AcDbEntity
  8
1cv
100
AcDbCircle
 10
43.8963467931406
 20
34.30206518848151
 30
8.026000000000003
 40
0.7451412383479815
100
AcDbArc
 50
78.23281666981063
 51
80.91126763426819
  0
ARC
  5
1B27
330
1F
100
AcDbEntity
  8
1cv
100
AcDbCircle
 10
43.9247748887837
 20
34.43853323616471
 30
8.026000000000003
 40
0.6057436606776433
100
AcDbArc
 50
73.35724348901589
 51
78.23281666981074
  0
ARC
  5
1B28
330
1F
100
AcDbEntity
  8
1cv
100
AcDbCircle
 10
44.20266893853908
 20
35.36817609133587
 30
8.026000000000003
 40
0.3645454411163751
100
AcDbArc
 50
253.3572558556059
 51
259.6433458066177
  0
ARC
  5
1B29
330
1F
100
AcDbEntity
  8
1cv
100
AcDbCircle
 10
44.22379886927983
 20
35.48379660210222
 30
8.026000000000003
 40
0.4820808676182601
100
AcDbArc
 50
259.6433458066181
 51
261.6528969509354
  0
ARC
  5
1B2A
330
1F
100
AcDbEntity
  8
1cv
100
AcDbCircle
 10
43.9501311846507
 20
33.6185941746744
 30
8.026000000000003
 40
1.403091298761888
100
AcDbArc
 50
80.47507019569701
 51
81.6529831552449
  0
ARC
  5
1B2B
330
1F
100
AcDbEntity
  8
1cv
100
AcDbCircle
 10
43.94449747958184
 20
33.58501823269168
 30
8.026000000000003
 40
1.437136599653931
100
AcDbArc
 50
75.51769967185989
 51
80.47507019569703
  0
ARC
  5
1B2C
330
1F
100
AcDbEntity
  8
1cv
100
AcDbCircle
 10
45.15677736822508
 20
38.27853843958666
 30
8.026000000000003
 40
3.410414788515182
100
AcDbArc
 50
255.5177030501755
 51
258.7352005918056
  0
ARC
  5
1B2D
330
1F
100
AcDbEntity
  8
1cv
100
AcDbCircle
 10
44.94052065195865
 20
37.19280824727086
 30
8.026000000000003
 40
2.303356968057532
100
AcDbArc
 50
258.7352005918054
 51
264.1183645990846
  0
ARC
  5
1B2E
330
1F
100
AcDbEntity
  8
1cv
100
AcDbCircle
 10
43.83157070828614
 20
26.4279784627448
 30
8.026000000000003
 40
8.518441878132072
100
AcDbArc
 50
81.31988822688114
 51
84.11836390146204
  0
ARC
  5
1B2F
330
1F
100
AcDbEntity
  8
1cv
100
AcDbCircle
 10
45.05181942764391
 20
34.42089430638954
 30
8.026000000000003
 40
0.4329171196095061
100
AcDbArc
 50
44.6500610251943
 51
81.31988822688102
  0
ARC
  5
1B30
330
1F
100
AcDbEntity
  8
1cv
100
AcDbCircle
 10
45.39049080627918
 20
34.75545381789704
 30
8.026000000000003
 40
0.0431378871353547
100
AcDbArc
 50
224.6500614281041
 51
35.10473402178546
  0
LINE
  5
1B31
330
1F
100
AcDbEntity
  8
1cv
100
AcDbLine
 10
45.42578200687422
 20
34.78026124555618
 30
8.026000000000003
 11
45.41311462665908
 21
34.79828193876893
 31
8.026000000000003
  0
LINE
  5
1B32
330
1F
100
AcDbEntity
  8
1cv
100
AcDbLine
 10
45.41311462665908
 20
34.79828193876893
 30
8.026000000000003
 11
45.40044724644395
 21
34.81630263291299
 31
8.026000000000003
  0
ARC
  5
1B33
330
1F
100
AcDbEntity
  8
1cv
100
AcDbCircle
 10
45.54236121296622
 20
34.91605895296356
 30
8.026000000000003
 40
0.1734672801542652
100
AcDbArc
 50
209.9573587673398
 51
215.104732821243
  0
ARC
  5
1B34
330
1F
100
AcDbEntity
  8
1cv
100
AcDbCircle
 10
45.4187269554627
 20
34.84480131964767
 30
8.026000000000003
 40
0.030768016195995
100
AcDbArc
 50
197.7161451928336
 51
209.957371870617
  0
LINE
  5
1B35
330
1F
100
AcDbEntity
  8
1cv
100
AcDbLine
 10
45.38941808871459
 20
34.83543856628239
 30
8.026000000000003
 11
45.3668032286223
 21
34.90623140987009
 31
8.026000000000003
  0
LINE
  5
1B36
330
1F
100
AcDbEntity
  8
1cv
100
AcDbLine
 10
45.3668032286223
 20
34.90623140987009
 30
8.026000000000003
 11
45.34418836858821
 21
34.97702425345778
 31
8.026000000000003
  0
ARC
  5
1B37
330
1F
100
AcDbEntity
  8
1cv
100
AcDbCircle
 10
45.62020360057334
 20
35.06519765504857
 30
8.026000000000003
 40
0.2897567204326585
100
AcDbArc
 50
192.5687722798446
 51
197.71614478034
  0
ARC
  5
1B38
330
1F
100
AcDbEntity
  8
1cv
100
AcDbCircle
 10
46.32120489166592
 20
35.22148894489287
 30
8.026000000000003
 40
1.007969625771081
100
AcDbArc
 50
189.8096291788196
 51
192.568774594113
  0
ARC
  5
1B39
102
{ACAD_REACTORS
330
2205
102
}
330
1F
100
AcDbEntity
  8
1cv
100
AcDbCircle
 10
45.835880309648
 20
35.13757483332678
 30
8.026000000000003
 40
0.5154439634642417
100
AcDbArc
 50
185.1986997566476
 51
189.8096291788194
  0
ARC
  5
1B3A
102
{ACAD_REACTORS
330
2205
102
}
330
1F
100
AcDbEntity
  8
1cv
100
AcDbCircle
 10
47.83688810225612
 20
35.31963501515626
 30
8.026000000000003
 40
2.524716990179677
100
AcDbArc
 50
183.1157460070516
 51
185.1986995965661
  0
ARC
  5
1B3B
102
{ACAD_REACTORS
330
2205
102
}
330
1F
100
AcDbEntity
  8
1cv
100
AcDbCircle
 10
46.69982801849221
 20
35.25774063456994
 30
8.026000000000003
 40
1.385973582542406
100
AcDbArc
 50
177.0039990832465
 51
183.1157460070517
  0
ARC
  5
1B3C
102
{ACAD_REACTORS
330
2205
102
}
330
1F
100
AcDbEntity
  8
1cv
100
AcDbCircle
 10
44.41896882737412
 20
35.37711576446991
 30
8.026000000000003
 40
0.8980073874629264
100
AcDbArc
 50
357.0039991459107
 51
4.598774919005652
  0
ARC
  5
1B3D
330
1F
100
AcDbEntity
  8
1cv
100
AcDbCircle
 10
42.26527805832034
 20
35.20388026715674
 30
8.026000000000003
 40
3.058654157815917
100
AcDbArc
 50
4.598774919005549
 51
5.59519735269033
  0
ARC
  5
1B3E
102
{ACAD_REACTORS
330
2205
102
}
330
1F
100
AcDbEntity
  8
1cv
100
AcDbCircle
 10
52.22343405380684
 20
36.17944368267484
 30
8.026000000000003
 40
6.947173884287387
100
AcDbArc
 50
184.9340470389624
 51
185.5952007493685
  0
ARC
  5
1B3F
102
{ACAD_REACTORS
330
2205
102
}
330
1F
100
AcDbEntity
  8
1cv
100
AcDbCircle
 10
52.35053908812984
 20
36.19041651700174
 30
8.026000000000003
 40
7.074751675628274
100
AcDbArc
 50
183.0160750536743
 51
184.9340470389624
  0
ARC
  5
1B40
102
{ACAD_REACTORS
330
2205
102
}
330
1F
100
AcDbEntity
  8
1cv
100
AcDbCircle
 10
32.2469166593442
 20
35.13117414749021
 30
8.026000000000003
 40
13.05675669201625
100
AcDbArc
 50
3.016076204972422
 51
4.427868355978646
  0
ARC
  5
1B41
102
{ACAD_REACTORS
330
2205
102
}
330
1F
100
AcDbEntity
  8
1cv
100
AcDbCircle
 10
41.50725068994652
 20
35.84824903157974
 30
8.026000000000003
 40
3.768700773379483
100
AcDbArc
 50
4.427868355978632
 51
12.06282291709848
  0
ARC
  5
1B42
102
{ACAD_REACTORS
330
2205
102
}
330
1F
100
AcDbEntity
  8
1cv
100
AcDbCircle
 10
50.75620252381497
 20
37.82477626749889
 30
8.026000000000003
 40
5.689088077062717
100
AcDbArc
 50
185.8502377574426
 51
192.0628230239671
  0
ARC
  5
1B43
102
{ACAD_REACTORS
330
2205
102
}
330
1F
100
AcDbEntity
  8
1cv
100
AcDbCircle
 10
57.33914423438623
 20
38.4992791944285
 30
8.026000000000003
 40
12.30649510423094
100
AcDbArc
 50
183.8302225545309
 51
185.8502377574425
  0
ARC
  5
1B44
102
{ACAD_REACTORS
330
2205
102
}
330
1F
100
AcDbEntity
  8
1cv
100
AcDbCircle
 10
46.08976636743544
 20
37.74613609801572
 30
8.026000000000003
 40
1.031934052149286
100
AcDbArc
 50
176.850439314484
 51
183.8302226017671
  0
LINE
  5
1B45
102
{ACAD_REACTORS
330
2205
102
}
330
1F
100
AcDbEntity
  8
1cv
100
AcDbLine
 10
45.05939103232231
 20
37.80283315945417
 30
8.026000000000003
 11
45.06142384553095
 21
37.8397761778906
 31
8.026000000000003
  0
LINE
  5
1B46
102
{ACAD_REACTORS
330
2205
102
}
330
1F
100
AcDbEntity
  8
1cv
100
AcDbLine
 10
45.06142384553095
 20
37.8397761778906
 30
8.026000000000003
 11
45.0634566587396
 21
37.87671919539571
 31
8.026000000000003
  0
ARC
  5
1B47
102
{ACAD_REACTORS
330
2205
102
}
330
1F
100
AcDbEntity
  8
1cv
100
AcDbCircle
 10
45.20116010889156
 20
37.86914197480355
 30
8.026000000000003
 40
0.1379117632968833
100
AcDbArc
 50
171.7030681469123
 51
176.8504392205525
  0
ARC
  5
1B48
102
{ACAD_REACTORS
330
2205
102
}
330
1F
100
AcDbEntity
  8
1cv
100
AcDbCircle
 10
2.529170645925446
 20
44.58754218669567
 30
8.026000000000003
 40
43.05973118555029
100
AcDbArc
 50
351.0505526498182
 51
355.2865886973447
  0
LINE
  5
1B5D
330
1F
100
AcDbEntity
  8
1cv
100
AcDbLine
 10
51.93521769909421
 20
27.15606371685863
 30
8.526000000000003
 11
51.02396875497652
 21
28.0174172995612
 31
8.526000000000003
  0
LINE
  5
1B5E
330
1F
100
AcDbEntity
  8
1cv
100
AcDbLine
 10
51.02396875497652
 20
28.0174172995612
 30
8.526000000000003
 11
50.11271981085883
 21
28.87877088226378
 31
8.526000000000003
  0
ARC
  5
1B5F
330
1F
100
AcDbEntity
  8
1cv
100
AcDbCircle
 10
57.73037661930449
 20
36.93769333031021
 30
8.526000000000003
 40
11.08940603796638
100
AcDbArc
 50
221.4649693878009
 51
226.6123405673918
  0
ARC
  5
1B60
330
1F
100
AcDbEntity
  8
1cv
100
AcDbCircle
 10
50.01393745440712
 20
30.11917075632682
 30
8.526000000000003
 40
0.7920430999378745
100
AcDbArc
 50
202.1192844219582
 51
221.4649693877843
  0
LINE
  5
1B61
330
1F
100
AcDbEntity
  8
1cv
100
AcDbLine
 10
49.28018718207022
 20
29.82093794457615
 30
8.526000000000003
 11
48.97914527368266
 21
30.56159951537848
 31
8.526000000000003
  0
LINE
  5
1B62
330
1F
100
AcDbEntity
  8
1cv
100
AcDbLine
 10
48.97914527368266
 20
30.56159951537848
 30
8.526000000000003
 11
48.67810336535331
 21
31.30226108524948
 31
8.526000000000003
  0
ARC
  5
1B63
330
1F
100
AcDbEntity
  8
1cv
100
AcDbCircle
 10
55.73743244298817
 20
34.17152551463173
 30
8.526000000000003
 40
7.620157832490039
100
AcDbArc
 50
196.97191320627
 51
202.1192843893916
  0
ARC
  5
1B64
330
1F
100
AcDbEntity
  8
1cv
100
AcDbCircle
 10
48.68050699328613
 20
32.01778902598674
 30
8.526000000000003
 40
0.2418939672455072
100
AcDbArc
 50
167.7762971941341
 51
196.9719132062708
  0
LINE
  5
1B65
330
1F
100
AcDbEntity
  8
1cv
100
AcDbLine
 10
48.44409715238725
 20
32.0690050246194
 30
8.526000000000003
 11
48.50701218959875
 21
32.35941689275205
 31
8.526000000000003
  0
LINE
  5
1B66
330
1F
100
AcDbEntity
  8
1cv
100
AcDbLine
 10
48.50701218959875
 20
32.35941689275205
 30
8.526000000000003
 11
48.56992722681025
 21
32.64982875995338
 31
8.526000000000003
  0
ARC
  5
1B67
330
1F
100
AcDbEntity
  8
1cv
100
AcDbCircle
 10
51.31427466357814
 20
32.05529134357226
 30
8.526000000000003
 40
2.808009542927456
100
AcDbArc
 50
162.6289257925158
 51
167.776297072156
  0
ARC
  5
1B68
330
1F
100
AcDbEntity
  8
1cv
100
AcDbCircle
 10
48.7289885822323
 20
32.86403775670615
 30
8.526000000000003
 40
0.0991767900323145
100
AcDbArc
 50
134.9814577559392
 51
162.6289257924995
  0
LINE
  5
1B69
330
1F
100
AcDbEntity
  8
1cv
100
AcDbLine
 10
48.65888270037249
 20
32.93418902903795
 30
8.526000000000003
 11
48.92023659712868
 21
33.19537382014096
 31
8.526000000000003
  0
LINE
  5
1B6A
330
1F
100
AcDbEntity
  8
1cv
100
AcDbLine
 10
48.92023659712868
 20
33.19537382014096
 30
8.526000000000003
 11
49.18159049388487
 21
33.45655861124396
 31
8.526000000000003
  0
ARC
  5
1B6B
330
1F
100
AcDbEntity
  8
1cv
100
AcDbCircle
 10
51.70042071253095
 20
30.93609756092661
 30
8.526000000000003
 40
3.563317215254844
100
AcDbArc
 50
129.8340865190154
 51
134.98145775594
  0
ARC
  5
1B6C
330
1F
100
AcDbEntity
  8
1cv
100
AcDbCircle
 10
49.47998400352702
 20
33.59792681377439
 30
8.526000000000003
 40
0.0969539697180476
100
AcDbArc
 50
98.24042380013478
 51
129.8340865190255
  0
LINE
  5
1B6D
330
1F
100
AcDbEntity
  8
1cv
100
AcDbLine
 10
49.46608786121942
 20
33.69387976825237
 30
8.526000000000003
 11
49.553285263828
 21
33.706507910043
 31
8.526000000000003
  0
LINE
  5
1B6E
330
1F
100
AcDbEntity
  8
1cv
100
AcDbLine
 10
49.553285263828
 20
33.706507910043
 30
8.526000000000003
 11
49.64048266637838
 21
33.71913605183363
 31
8.526000000000003
  0
ARC
  5
1B6F
330
1F
100
AcDbEntity
  8
1cv
100
AcDbCircle
 10
49.69875979845452
 20
33.31673206945716
 30
8.526000000000003
 40
0.4066020033834843
100
AcDbArc
 50
93.09305265200899
 51
98.24042379572283
  0
ARC
  5
1B70
330
1F
100
AcDbEntity
  8
1cv
100
AcDbCircle
 10
49.72112358710653
 20
32.90286723331929
 30
8.526000000000003
 40
0.8210706290167117
100
AcDbArc
 50
89.47140474834844
 51
93.09305265205642
  0
ARC
  5
1B71
330
1F
100
AcDbEntity
  8
1cv
100
AcDbCircle
 10
49.7254112197779
 20
33.36760142373481
 30
8.526000000000003
 40
0.3563166601954728
100
AcDbArc
 50
80.9112741651861
 51
89.47140474834872
  0
ARC
  5
1B72
330
1F
100
AcDbEntity
  8
1cv
100
AcDbCircle
 10
49.20777014833108
 20
30.13178322234602
 30
8.526000000000003
 40
3.633277403214474
100
AcDbArc
 50
78.23281683094695
 51
80.9112741651826
  0
ARC
  5
1B73
330
1F
100
AcDbEntity
  8
1cv
100
AcDbCircle
 10
49.34638249241603
 20
30.79718678950758
 30
8.526000000000003
 40
2.953589762364608
100
AcDbArc
 50
73.35724790655061
 51
78.2328168309469
  0
ARC
  5
1B74
330
1F
100
AcDbEntity
  8
1cv
100
AcDbCircle
 10
50.70138535983821
 20
35.33009678604079
 30
8.526000000000003
 40
1.777510089402746
100
AcDbArc
 50
253.3572479065728
 51
259.6433459134054
  0
ARC
  5
1B75
330
1F
100
AcDbEntity
  8
1cv
100
AcDbCircle
 10
50.82804167817315
 20
36.02314536020211
 30
8.526000000000003
 40
2.482036986775156
100
AcDbArc
 50
259.6433459134054
 51
262.5437030918919
  0
ARC
  5
1B76
330
1F
100
AcDbEntity
  8
1cv
100
AcDbCircle
 10
50.31211502329231
 20
32.08106032458001
 30
8.526000000000003
 40
1.493666063163586
100
AcDbArc
 50
78.80466794351782
 51
82.54370309180009
  0
ARC
  5
1B77
330
1F
100
AcDbEntity
  8
1cv
100
AcDbCircle
 10
50.30752130580097
 20
32.05785043178594
 30
8.526000000000003
 40
1.517326184970171
100
AcDbArc
 50
76.1682888730962
 51
78.80466794351807
  0
ARC
  5
1B78
330
1F
100
AcDbEntity
  8
1cv
100
AcDbCircle
 10
51.05291437260579
 20
35.08531306426176
 30
8.526000000000003
 40
1.600548221589223
100
AcDbArc
 50
256.168288875154
 51
258.7352007393313
  0
ARC
  5
1B79
330
1F
100
AcDbEntity
  8
1cv
100
AcDbCircle
 10
50.94188897260093
 20
34.5279031830778
 30
8.526000000000003
 40
1.032188814974225
100
AcDbArc
 50
258.735200739331
 51
264.1183637842024
  0
ARC
  5
1B7A
330
1F
100
AcDbEntity
  8
1cv
100
AcDbCircle
 10
50.44494224693369
 20
29.70392830405636
 30
8.526000000000003
 40
3.81731525055467
100
AcDbArc
 50
81.31988823655889
 51
84.11836378419286
  0
ARC
  5
1B7B
330
1F
100
AcDbEntity
  8
1cv
100
AcDbCircle
 10
50.99176455475928
 20
33.28574291569245
 30
8.526000000000003
 40
0.1940003941744627
100
AcDbArc
 50
44.65006229174824
 51
81.3198882365601
  0
ARC
  5
1B7C
330
1F
100
AcDbEntity
  8
1cv
100
AcDbCircle
 10
51.14353120062158
 20
33.43566694318984
 30
8.526000000000003
 40
0.0193311056499401
100
AcDbArc
 50
224.6500622917362
 51
35.10473433787384
  0
LINE
  5
1B7D
330
1F
100
AcDbEntity
  8
1cv
100
AcDbLine
 10
51.15934602072229
 20
33.44678373727948
 30
8.526000000000003
 11
51.12134388007689
 21
33.50084581784904
 31
8.526000000000003
  0
LINE
  5
1B7E
330
1F
100
AcDbEntity
  8
1cv
100
AcDbLine
 10
51.12134388007689
 20
33.50084581784904
 30
8.526000000000003
 11
51.08334173943148
 21
33.55490789841861
 31
8.526000000000003
  0
ARC
  5
1B7F
330
1F
100
AcDbEntity
  8
1cv
100
AcDbCircle
 10
51.50908378705107
 20
33.85417697947964
 30
8.526000000000003
 40
0.5204020311167393
100
AcDbArc
 50
209.9573629199181
 51
215.1047343378675
  0
ARC
  5
1B80
330
1F
100
AcDbEntity
  8
1cv
100
AcDbCircle
 10
51.13818096424081
 20
33.64040399036526
 30
8.526000000000003
 40
0.0923041511365698
100
AcDbArc
 50
197.7161449358475
 51
209.9573629199291
  0
LINE
  5
1B81
330
1F
100
AcDbEntity
  8
1cv
100
AcDbLine
 10
51.05025426618522
 20
33.61231569945812
 30
8.526000000000003
 11
51.03990343003534
 21
33.64471762999893
 31
8.526000000000003
  0
LINE
  5
1B82
330
1F
100
AcDbEntity
  8
1cv
100
AcDbLine
 10
51.03990343003534
 20
33.64471762999893
 30
8.526000000000003
 11
51.02955259382724
 21
33.67711956053972
 31
8.526000000000003
  0
ARC
  5
1B83
330
1F
100
AcDbEntity
  8
1cv
100
AcDbCircle
 10
51.06752967827506
 20
33.68925138641174
 30
8.526000000000003
 40
0.0398677832609875
100
AcDbArc
 50
192.568773597927
 51
197.7161448507902
  0
ARC
  5
1B84
330
1F
100
AcDbEntity
  8
1cv
100
AcDbCircle
 10
53.85787190933337
 20
34.31137023667632
 30
8.526000000000003
 40
2.898720985207878
100
AcDbArc
 50
191.9653125006748
 51
192.568773598153
  0
ARC
  5
1B85
102
{ACAD_REACTORS
330
2205
102
}
330
1F
100
AcDbEntity
  8
1cv
100
AcDbCircle
 10
51.81961730057632
 20
33.87941541301311
 30
8.526000000000003
 40
0.8151982903938113
100
AcDbArc
 50
185.1986995549713
 51
191.9653125006748
  0
ARC
  5
1B86
102
{ACAD_REACTORS
330
2205
102
}
330
1F
100
AcDbEntity
  8
1cv
100
AcDbCircle
 10
59.56631026861545
 20
34.58424241838323
 30
8.526000000000003
 40
8.593889250225419
100
AcDbArc
 50
183.1157459971092
 51
185.198699554945
  0
ARC
  5
1B87
102
{ACAD_REACTORS
330
2205
102
}
330
1F
100
AcDbEntity
  8
1cv
100
AcDbCircle
 10
55.22839832652871
 20
34.34811384816181
 30
8.526000000000003
 40
4.249555386561904
100
AcDbArc
 50
177.003999103869
 51
183.1157459971092
  0
ARC
  5
1B88
102
{ACAD_REACTORS
330
2205
102
}
330
1F
100
AcDbEntity
  8
1cv
100
AcDbCircle
 10
48.23502013383058
 20
34.71413180953649
 30
8.526000000000003
 40
2.753394541443768
100
AcDbArc
 50
357.0039991038525
 51
4.598774924615717
  0
ARC
  5
1B89
102
{ACAD_REACTORS
330
2205
102
}
330
1F
100
AcDbEntity
  8
1cv
100
AcDbCircle
 10
41.33936105006536
 20
34.15946864743983
 30
8.526000000000003
 40
9.671325259722234
100
AcDbArc
 50
4.598774924615721
 51
5.936618003141284
  0
ARC
  5
1B8A
102
{ACAD_REACTORS
330
2205
102
}
330
1F
100
AcDbEntity
  8
1cv
100
AcDbCircle
 10
57.28101702719324
 20
35.81717640976036
 30
8.526000000000003
 40
6.356288109658578
100
AcDbArc
 50
184.2863612081822
 51
185.9366180031066
  0
ARC
  5
1B8B
102
{ACAD_REACTORS
330
2205
102
}
330
1F
100
AcDbEntity
  8
1cv
100
AcDbCircle
 10
57.32077920865927
 20
35.82015662479936
 30
8.526000000000003
 40
6.396161819752032
100
AcDbArc
 50
183.3062109338026
 51
184.2863612081822
  0
ARC
  5
1B8C
102
{ACAD_REACTORS
330
2205
102
}
330
1F
100
AcDbEntity
  8
1cv
100
AcDbCircle
 10
46.05925852126836
 20
35.16959659838309
 30
8.526000000000003
 40
4.884134122310129
100
AcDbArc
 50
3.306210934018248
 51
4.427868359627145
  0
ARC
  5
1B8D
102
{ACAD_REACTORS
330
2205
102
}
330
1F
100
AcDbEntity
  8
1cv
100
AcDbCircle
 10
49.54949710157445
 20
35.43986356923073
 30
8.526000000000003
 40
1.383447106453358
100
AcDbArc
 50
4.427868359627307
 51
12.0628229878561
  0
ARC
  5
1B8E
102
{ACAD_REACTORS
330
2205
102
}
330
1F
100
AcDbEntity
  8
1cv
100
AcDbCircle
 10
52.94468195301309
 20
36.16542420075975
 30
8.526000000000003
 40
2.08839943472083
100
AcDbArc
 50
185.8502377660375
 51
192.0628229878693
  0
ARC
  5
1B8F
102
{ACAD_REACTORS
330
2205
102
}
330
1F
100
AcDbEntity
  8
1cv
100
AcDbCircle
 10
55.36120485855635
 20
36.41302654130233
 30
8.526000000000003
 40
4.517574165376779
100
AcDbArc
 50
183.8302225693833
 51
185.8502377660376
  0
ARC
  5
1B90
330
1F
100
AcDbEntity
  8
1cv
100
AcDbCircle
 10
51.2316863869174
 20
36.13655628838478
 30
8.526000000000003
 40
0.3788112332489337
100
AcDbArc
 50
176.8504392610167
 51
183.8302225693837
  0
LINE
  5
1B91
102
{ACAD_REACTORS
330
2205
102
}
330
1F
100
AcDbEntity
  8
1cv
100
AcDbLine
 10
50.85344734095269
 20
36.15736913401633
 30
8.526000000000003
 11
50.8614943944267
 21
36.30361102148891
 31
8.526000000000003
  0
LINE
  5
1B92
102
{ACAD_REACTORS
330
2205
102
}
330
1F
100
AcDbEntity
  8
1cv
100
AcDbLine
 10
50.8614943944267
 20
36.30361102148891
 30
8.526000000000003
 11
50.8695414479007
 21
36.44985290896148
 31
8.526000000000003
  0
ARC
  5
1B93
102
{ACAD_REACTORS
330
2205
102
}
330
1F
100
AcDbEntity
  8
1cv
100
AcDbCircle
 10
51.41465149782148
 20
36.41985787951582
 30
8.526000000000003
 40
0.545934674037179
100
AcDbArc
 50
171.7030679795735
 51
176.8504392610168
  0
ARC
  5
1B94
102
{ACAD_REACTORS
330
2205
102
}
330
1F
100
AcDbEntity
  8
1cv
100
AcDbCircle
 10
17.6871234898408
 20
41.74487376267597
 30
8.526000000000003
 40
33.59941009473884
100
AcDbArc
 50
351.0170403111554
 51
356.5187916033934
  0
LINE
  5
1CBF
330
1F
100
AcDbEntity
  8
0
100
AcDbLine
 10
5.019999999960418
 20
-0.1660000002011657
 30
0.3620000000000019
 11
-1.427690192411232
 21
2.644343966191724
 31
-233.2332049506611
  0
LINE
  5
1CC0
330
1F
100
AcDbEntity
  8
0
100
AcDbLine
 10
57.20049466310888
 20
38.31482572953195
 30
72.406
 11
55.36947344679237
 21
30.47770770330342
 31
0.5382606545785933
  0
LINE
  5
1D39
330
1F
100
AcDbEntity
  8
0
100
AcDbLine
 10
13.73325274136658
 20
36.90944045421233
 30
-63.474
 11
15.21775336529383
 21
48.82166312210369
 31
0.0
  0
HATCH
  5
203B
330
1F
100
AcDbEntity
  8
0
 62
   251
420
  6513766
100
AcDbHatch
 10
0.0
 20
0.0
 30
0.0
210
0.0
220
0.0
230
1.0
  2
SOLID
 70
     1
 71
     1
 91
       28
 92
        7
 72
     1
 73
     1
 93
       22
 10
14.72003053427483
 20
28.69302290027715
 42
0.0466293883944323
 10
14.658406437546
 20
28.7119672842392
 42
0.0133650600191819
 10
14.43748388416146
 20
28.75178717169909
 42
0.0167140161737845
 10
14.12536011478828
 20
28.78884522052492
 42
-0.0199873395613859
 10
13.86452983407074
 20
28.82154568098485
 42
-0.0100964544211712
 10
13.70746561279389
 20
28.85091939090892
 42
-0.0125517507850508
 10
13.58231578947788
 20
28.88024561386544
 42
-0.0265323860364644
 10
13.33371324634001
 20
28.95942243793682
 42
-0.0224634140314254
 10
13.05069177808979
 20
29.08119007230164
 42
0.0
 10
12.54061440879013
 20
29.32835429534316
 42
0.0
 10
11.26830591603338
 20
29.94486692236694
 42
0.0
 10
9.839549908523494
 20
25.64574438055333
 42
0.0
 10
11.66077170101925
 20
24.81546857394278
 42
0.0
 10
11.99612375637854
 20
24.66258510985031
 42
0.0224634997613422
 10
12.16071110032355
 20
24.59630778543201
 42
0.0207070829910371
 10
12.34477672202049
 20
24.54007600899785
 42
0.0125035691088958
 10
12.44379353217409
 20
24.51688356962254
 42
0.0092536745463749
 10
12.5788099247147
 20
24.49139759130777
 42
0.0211763801759356
 10
12.79070278362243
 20
24.46461854457185
 42
-0.0170599485152123
 10
13.05394670082025
 20
24.43354856595397
 42
-0.0133650543473413
 10
13.21145766506262
 20
24.40515821677495
 42
-0.0269394425554872
 10
13.28825572523244
 20
24.38481679370546
 42
0.0
 97
        4
330
CD9
330
19C1
330
ED9
330
9F7
 92
        7
 72
     1
 73
     1
 93
       22
 10
13.28825572523244
 20
24.38481679370546
 42
0.0269394425554846
 10
13.21145766506262
 20
24.40515821677495
 42
0.0133650543473301
 10
13.05394670082039
 20
24.43354856595395
 42
0.0170599485152219
 10
12.79070278362242
 20
24.46461854457185
 42
-0.021176380175932
 10
12.57880992471472
 20
24.49139759130776
 42
-0.0092536745463753
 10
12.44379353217411
 20
24.51688356962252
 42
-0.0125035691089054
 10
12.34477672202044
 20
24.54007600899787
 42
-0.0207070829911625
 10
12.1607111003224
 20
24.59630778543242
 42
-0.0224634997612106
 10
11.99612375637838
 20
24.66258510985038
 42
0.0
 10
11.66077170101925
 20
24.81546857394278
 42
0.0
 10
9.839549908523494
 20
25.64574438055333
 42
0.0
 10
9.192287789983083
 20
23.69813460697912
 42
0.0
 10
8.523625860539594
 20
21.76709134167055
 42
0.0109466591931337
 10
10.09728066831709
 20
21.19566816907908
 42
-0.0282711071022138
 10
10.1412734062178
 20
21.17854355461895
 42
0.0
 10
10.24326067004585
 20
21.13204863667488
 42
0.0
 10
10.3452479338739
 20
21.08555371873081
 42
0.0341728334132337
 10
10.64104280810827
 20
20.97441093233408
 42
-0.0411418467993003
 10
10.88555225497299
 20
20.87863400063283
 42
0.0
 10
11.40371704817517
 20
20.62475792318583
 42
0.0
 10
11.92188184420974
 20
20.37088184344828
 42
0.0
 10
12.7269999999553
 20
22.69599999953063
 42
0.0
 97
       16
330
1D50
330
ED9
330
1D4E
330
1D49
330
1D47
330
19C1
330
19C2
330
1A66
330
1A65
330
1A64
330
1A63
330
1A62
330
1A61
330
1A60
330
1A5F
330
9F7
 92
        7
 72
     1
 73
     1
 93
       29
 10
11.80799999996088
 20
20.04199999943375
 42
0.0
 10
11.92188184420974
 20
20.37088184344828
 42
0.0
 10
11.40371704817517
 20
20.62475792318583
 42
0.0
 10
10.885552254973
 20
20.87863400063282
 42
0.0411418467993019
 10
10.64104280810827
 20
20.97441093233407
 42
-0.0341728334132388
 10
10.34524793387386
 20
21.08555371873082
 42
0.0
 10
10.24326067004585
 20
21.13204863667488
 42
0.0
 10
10.1412734062178
 20
21.17854355461895
 42
0.0224634538143495
 10
10.10646802035052
 20
21.19255926460221
 42
-0.0110100766588739
 10
8.52362586053959
 20
21.76709134167055
 42
0.0
 10
8.273287789988671
 20
21.04413460688227
 42
0.0
 10
7.464322472723491
 20
18.9434555638007
 42
0.0
 10
8.534257916093338
 20
17.99636036064476
 42
0.0
 10
8.584676414907264
 20
17.95173045365904
 42
0.0224638226118346
 10
8.612298695915129
 20
17.92940929028858
 42
0.0248716704841933
 10
8.639041782706044
 20
17.91169637907296
 42
0.0336288427093496
 10
8.666884866883364
 20
17.89762186957368
 42
0.037547912674537
 10
8.791344847861793
 20
17.850399083795
 42
-0.0267935481627913
 10
8.864650406663786
 20
17.81866295563339
 42
0.0299885574067452
 10
8.950694184456475
 20
17.78203974605364
 42
-0.0137955811052271
 10
9.024619564588597
 20
17.7533635562286
 42
-0.03254549444827
 10
9.156627705195392
 20
17.68751647872763
 42
0.0374515928127164
 10
9.271938006160777
 20
17.63140287622809
 42
0.0023192181428228
 10
9.347857293880274
 20
17.60166019841267
 42
-0.0033567307236672
 10
9.400272727303454
 20
17.58099999928379
 42
0.0
 10
9.821713497512973
 20
17.41160623263567
 42
0.0
 10
10.2431542677745
 20
17.24221246599006
 42
0.040010911719176
 10
10.43379939655422
 20
17.1827795204193
 42
-0.0312209295832104
 10
10.67926506016541
 20
17.11095983909888
 42
0.0
 97
       12
330
9F7
330
1D66
330
1D65
330
1D64
330
1A62
330
1D62
330
1D61
330
1A65
330
1D5F
330
19C2
330
19C3
330
D5F
 92
        7
 72
     1
 73
     1
 93
       38
 10
10.67926506016541
 20
17.11095983909888
 42
0.03122092958321
 10
10.43379939655423
 20
17.1827795204193
 42
-0.0400109117191756
 10
10.24315426777451
 20
17.24221246599005
 42
0.0
 10
9.821713497512973
 20
17.41160623263567
 42
0.0
 10
9.400272727303546
 20
17.58099999928375
 42
0.0033567307262591
 10
9.347857293839791
 20
17.60166019842832
 42
-0.0023192181411742
 10
9.271938006174307
 20
17.63140287622272
 42
-0.0374515928169849
 10
9.156627705195342
 20
17.68751647872766
 42
0.0325454944483872
 10
9.024619564588054
 20
17.75336355622882
 42
0.0137955811051243
 10
8.950694184456477
 20
17.78203974605364
 42
-0.0299885574174902
 10
8.864650406633797
 20
17.81866295564833
 42
0.026793548151572
 10
8.791344847861743
 20
17.85039908379502
 42
-0.0266612088061602
 10
8.702200410538377
 20
17.88202211167662
 42
-0.0150904780077955
 10
8.64414411695135
 20
17.90825398918424
 42
-0.0466742904459519
 10
8.58467641490726
 20
17.95173045365904
 42
0.0
 10
8.534257916093338
 20
17.99636036064476
 42
0.0
 10
7.464322472723492
 20
18.9434555638007
 42
0.0
 10
6.428287790016614
 20
16.25313460761243
 42
0.0
 10
6.146323783938848
 20
15.62355527417022
 42
-0.0369202667073574
 10
7.150093266740367
 20
14.91687836404896
 42
0.0
 10
7.16406613192521
 20
14.90593082457781
 42
0.0
 10
7.178038995133674
 20
14.89498328763205
 42
0.0519190884733402
 10
7.271011084677187
 20
14.83658501601309
 42
0.0224634210948905
 10
7.503008686421443
 20
14.73514964056451
 42
0.0
 10
7.840099458815529
 20
14.60546556580812
 42
0.0
 10
8.177190231278695
 20
14.47578149104754
 42
-0.0169080032553488
 10
8.225169739562788
 20
14.45543531681297
 42
0.0107068968247478
 10
8.300520385208038
 20
14.42237391136588
 42
0.033358100137703
 10
8.426712499663343
 20
14.37980186564423
 42
-0.0327577469753197
 10
8.555264151422289
 20
14.33660547155888
 42
-0.0091123566437946
 10
8.614187302231236
 20
14.31114357892113
 42
0.0083497625016522
 10
8.678448669146664
 20
14.28325855452571
 42
0.0219863853043096
 10
8.831024258117306
 20
14.22778077147196
 42
-0.036143050718219
 10
8.922922213855068
 20
14.19139109284655
 42
0.0
 10
9.157535523700062
 20
14.07826531399041
 42
0.0
 10
9.392148837126294
 20
13.96513953433879
 42
0.0
 10
9.627999999967881
 20
14.50299999956033
 42
0.0
 10
9.962999999988825
 20
15.25100000016391
 42
0.0
 97
       27
330
D5F
330
1D84
330
1D80
330
1D7E
330
1D7D
330
1D7B
330
1D75
330
19C3
330
19C4
330
1A2D
330
1A2C
330
1A2B
330
1A2A
330
1A29
330
1A28
330
1A27
330
1A26
330
1A25
330
1A24
330
1A23
330
1A22
330
1A21
330
1A20
330
1A1F
330
1A1E
330
1A1D
330
9F7
 92
        7
 72
     1
 73
     1
 93
       21
 10
7.988272868055243
 20
10.76358914662577
 42
0.0002656612598179
 10
7.953035926659779
 20
10.78112746409371
 42
0.0001793325048284
 10
7.900813034095222
 20
10.80705991387373
 42
0.0408982506745143
 10
7.811526970688728
 20
10.84259692091955
 42
-0.0408982507966372
 10
7.719008352607481
 20
10.87911833077669
 42
-0.0011100236425649
 10
7.644649299845209
 20
10.91595391087838
 42
0.0
 10
7.016610358550678
 20
11.23390665091574
 42
0.0
 10
6.40177569114098
 20
11.54517455945709
 42
-0.0224634128485086
 10
6.200842421415316
 20
11.65851055045164
 42
-0.041242687561731
 10
4.848811592743378
 20
12.66709667517578
 42
0.0
 10
4.282287790008698
 20
11.37513460712069
 42
0.0
 10
3.310882508027257
 20
9.29318659002304
 42
-0.067221741750184
 10
4.738537066164672
 20
8.844438298895731
 42
-0.0224634338898705
 10
4.85001642013228
 20
8.785874522150898
 42
0.0
 10
5.174840515770483
 20
8.596153044141829
 42
0.0
 10
5.499664609585723
 20
8.406431566232186
 42
0.0422962044657188
 10
5.695434829757926
 20
8.313287840422216
 42
-0.0440531426664567
 10
5.883109767397396
 20
8.223187099210925
 42
0.0
 10
6.247586190118454
 20
8.006862664595246
 42
0.0
 10
6.612062612949091
 20
7.790538229914531
 42
0.0
 10
7.816999999980907
 20
10.3729999996722
 42
0.0
 97
        5
330
DD9
330
19C5
330
19C6
330
F24
330
9F7
 92
        7
 72
     1
 73
     1
 93
       29
 10
7.900813034095051
 20
10.80705991387381
 42
0.0408982506780383
 10
7.811526970680619
 20
10.842596920922
 42
-0.0408982507931424
 10
7.719008352607506
 20
10.87911833077668
 42
-0.0011100236425664
 10
7.644649299845138
 20
10.91595391087842
 42
0.0
 10
7.016610358550678
 20
11.23390665091574
 42
0.0
 10
6.401775691140993
 20
11.54517455945708
 42
-0.0224634128485059
 10
6.200842421415352
 20
11.65851055045162
 42
-0.041242687561732
 10
4.848811592743378
 20
12.66709667517578
 42
0.0
 10
6.093287789995653
 20
15.50513460700893
 42
0.0
 10
6.146323783938845
 20
15.62355527417022
 42
-0.0369202667073608
 10
7.150093266740452
 20
14.91687836404889
 42
0.0
 10
7.16406613192521
 20
14.90593082457781
 42
0.0
 10
7.178038995133695
 20
14.89498328763203
 42
0.0519190884733276
 10
7.271011084677186
 20
14.83658501601309
 42
0.0224634210948893
 10
7.503008686421429
 20
14.73514964056452
 42
0.0
 10
7.840099458815529
 20
14.60546556580812
 42
0.0
 10
8.177190231278702
 20
14.47578149104754
 42
-0.0169080032553547
 10
8.225169739562812
 20
14.45543531681296
 42
0.0107068968247406
 10
8.30052038520801
 20
14.42237391136589
 42
0.0333581001377091
 10
8.426712499663338
 20
14.37980186564424
 42
-0.0327577469753248
 10
8.555264151422303
 20
14.33660547155887
 42
-0.0091123566437914
 10
8.614187302231231
 20
14.31114357892113
 42
0.0083497625016356
 10
8.678448669146529
 20
14.28325855452576
 42
0.0219863853043295
 10
8.831024258117308
 20
14.22778077147196
 42
-0.0361430507182195
 10
8.92292221385507
 20
14.19139109284656
 42
0.0
 10
9.157535523700062
 20
14.07826531399041
 42
0.0
 10
9.392148837126294
 20
13.96513953433879
 42
0.0
 10
7.988272868055236
 20
10.76358914662576
 42
0.0002656612599972
 10
7.953035926635983
 20
10.78112746410552
 42
0.0001793325047473
 97
       29
330
1DB2
330
1DB3
330
1DB4
330
1DB5
330
1DB6
330
1DB7
330
1DB8
330
19C5
330
19C4
330
1A2D
330
1D9B
330
1D9C
330
1A2A
330
1A29
330
1D9F
330
1DA0
330
1DA1
330
1A25
330
1DA3
330
1DA4
330
1A22
330
1A21
330
1A20
330
1DA8
330
1DA9
330
1DAA
330
9F7
330
1DB0
330
1DB1
 92
       24
 93
        4
 72
     1
 10
11.93047135056129
 20
26.60476602929839
 11
12.40881377893783
 21
26.60476602929839
 72
     1
 10
12.40881377893783
 20
26.60476602929839
 11
12.40881377893783
 21
26.7579379256149
 72
     1
 10
12.40881377893783
 20
26.7579379256149
 11
11.93047135056129
 21
26.7579379256149
 72
     1
 10
11.93047135056129
 20
26.7579379256149
 11
11.93047135056129
 21
26.60476602929839
 97
        1
330
F9B
 92
       24
 93
        4
 72
     1
 10
8.77745429736414
 20
18.09468076349189
 11
9.255830832152682
 21
18.09468076349189
 72
     1
 10
9.255830832152682
 20
18.09468076349189
 11
9.255830832152682
 21
18.24795497904441
 72
     1
 10
9.255830832152682
 20
18.24795497904441
 11
8.77745429736414
 21
18.24795497904441
 72
     1
 10
8.77745429736414
 20
18.24795497904441
 11
8.77745429736414
 21
18.09468076349189
 97
        1
330
F9D
 92
       24
 93
        4
 72
     1
 10
9.907471350574798
 20
20.72076602968582
 11
10.38581377895133
 21
20.72076602968582
 72
     1
 10
10.38581377895133
 20
20.72076602968582
 11
10.38581377895133
 21
20.87393792600233
 72
     1
 10
10.38581377895133
 20
20.87393792600233
 11
9.907471350574798
 21
20.87393792600233
 72
     1
 10
9.907471350574798
 20
20.87393792600233
 11
9.907471350574798
 21
20.72076602968582
 97
        1
330
F9C
 92
        9
 93
        4
 72
     1
 10
7.841454297377179
 20
10.32068076328327
 11
8.319830832165719
 21
10.32068076328327
 72
     1
 10
8.319830832165719
 20
10.32068076328327
 11
8.319830832165719
 21
10.47395497883579
 72
     1
 10
8.319830832165719
 20
10.47395497883579
 11
7.841454297377179
 21
10.47395497883579
 72
     1
 10
7.841454297377179
 20
10.47395497883579
 11
7.841454297377179
 21
10.32068076328327
 97
        1
330
FA3
 92
       24
 93
        4
 72
     1
 10
6.679471350572006
 20
13.76276602911957
 11
7.15781377894854
 21
13.76276602911957
 72
     1
 10
7.15781377894854
 20
13.76276602911957
 11
7.15781377894854
 21
13.91593792543608
 72
     1
 10
7.15781377894854
 20
13.91593792543608
 11
6.679471350572006
 21
13.91593792543608
 72
     1
 10
6.679471350572006
 20
13.91593792543608
 11
6.679471350572006
 21
13.76276602911957
 97
        1
330
F9E
 92
        9
 93
        4
 72
     1
 10
3.560471350565951
 20
6.687766028933308
 11
4.038813778942487
 21
6.687766028933308
 72
     1
 10
4.038813778942487
 20
6.687766028933308
 11
4.038813778942487
 21
6.840937925249816
 72
     1
 10
4.038813778942487
 20
6.840937925249816
 11
3.560471350565951
 21
6.840937925249816
 72
     1
 10
3.560471350565951
 20
6.840937925249816
 11
3.560471350565951
 21
6.687766028933308
 97
        1
330
F9F
 92
        9
 93
        4
 72
     1
 10
42.00145429735157
 20
33.50268076331308
 11
42.47983083214011
 21
33.50268076331308
 72
     1
 10
42.47983083214011
 20
33.50268076331308
 11
42.47983083214011
 21
33.65595497886559
 72
     1
 10
42.47983083214011
 20
33.65595497886559
 11
42.00145429735157
 21
33.65595497886559
 72
     1
 10
42.00145429735157
 20
33.65595497886559
 11
42.00145429735157
 21
33.50268076331308
 97
        1
330
FB8
 92
        9
 93
        4
 72
     1
 10
25.80647135055059
 20
37.35076602957406
 11
26.28481377892712
 21
37.35076602957406
 72
     1
 10
26.28481377892712
 20
37.35076602957406
 11
26.28481377892712
 21
37.50393792589056
 72
     1
 10
26.28481377892712
 20
37.50393792589056
 11
25.80647135055059
 21
37.50393792589056
 72
     1
 10
25.80647135055059
 20
37.50393792589056
 11
25.80647135055059
 21
37.35076602957406
 97
        1
330
FB0
 92
        9
 93
        4
 72
     1
 10
19.52547135059156
 20
35.39276602900782
 11
20.00381377896809
 21
35.39276602900782
 72
     1
 10
20.00381377896809
 20
35.39276602900782
 11
20.00381377896809
 21
35.54593792532432
 72
     1
 10
20.00381377896809
 20
35.54593792532432
 11
19.52547135059156
 21
35.54593792532432
 72
     1
 10
19.52547135059156
 20
35.54593792532432
 11
19.52547135059156
 21
35.39276602900782
 97
        1
330
FAC
 92
        9
 93
        4
 72
     1
 10
19.87447135057899
 20
37.67976602948465
 11
20.35281377895552
 21
37.67976602948465
 72
     1
 10
20.35281377895552
 20
37.67976602948465
 11
20.35281377895552
 21
37.83293792580116
 72
     1
 10
20.35281377895552
 20
37.83293792580116
 11
19.87447135057899
 21
37.83293792580116
 72
     1
 10
19.87447135057899
 20
37.83293792580116
 11
19.87447135057899
 21
37.67976602948465
 97
        1
330
FAA
 92
       25
 93
        4
 72
     1
 10
9.987471350591098
 20
15.19876602980503
 11
10.46581377896763
 21
15.19876602980503
 72
     1
 10
10.46581377896763
 20
15.19876602980503
 11
10.46581377896763
 21
15.35193792612153
 72
     1
 10
10.46581377896763
 20
15.35193792612153
 11
9.987471350591098
 21
15.35193792612153
 72
     1
 10
9.987471350591098
 20
15.35193792612153
 11
9.987471350591098
 21
15.19876602980503
 97
        1
330
FA6
 92
        9
 93
        4
 72
     1
 10
11.83247135056316
 20
19.98976602907487
 11
12.31081377893969
 21
19.98976602907487
 72
     1
 10
12.31081377893969
 20
19.98976602907487
 11
12.31081377893969
 21
20.14293792539138
 72
     1
 10
12.31081377893969
 20
20.14293792539138
 11
11.83247135056316
 21
20.14293792539138
 72
     1
 10
11.83247135056316
 20
20.14293792539138
 11
11.83247135056316
 21
19.98976602907487
 97
        1
330
FA4
 92
        9
 93
        4
 72
     1
 10
5.04445429735669
 20
-0.2183192365900658
 11
5.522830832145229
 21
-0.2183192365900658
 72
     1
 10
5.522830832145229
 20
-0.2183192365900658
 11
5.522830832145229
 21
-0.0650450210375419
 72
     1
 10
5.522830832145229
 20
-0.0650450210375419
 11
5.04445429735669
 21
-0.0650450210375419
 72
     1
 10
5.04445429735669
 20
-0.0650450210375419
 11
5.04445429735669
 21
-0.2183192365900658
 97
        1
330
FA2
 92
        9
 93
        4
 72
     1
 10
27.90647135058551
 20
29.47476602941014
 11
28.38481377896205
 21
29.47476602941014
 72
     1
 10
28.38481377896205
 20
29.47476602941014
 11
28.38481377896205
 21
29.62793792572666
 72
     1
 10
28.38481377896205
 20
29.62793792572666
 11
27.90647135058551
 21
29.62793792572666
 72
     1
 10
27.90647135058551
 20
29.62793792572666
 11
27.90647135058551
 21
29.47476602941014
 97
        1
330
F8A
 92
        9
 93
        4
 72
     1
 10
31.86047135055431
 20
31.6737660294325
 11
32.33881377893084
 21
31.6737660294325
 72
     1
 10
32.33881377893084
 20
31.6737660294325
 11
32.33881377893084
 21
31.82693792574901
 72
     1
 10
32.33881377893084
 20
31.82693792574901
 11
31.86047135055431
 21
31.82693792574901
 72
     1
 10
31.86047135055431
 20
31.82693792574901
 11
31.86047135055431
 21
31.6737660294325
 97
        1
330
F89
 92
        9
 93
        4
 72
     1
 10
35.054454297366
 20
20.66668076318642
 11
35.53283083215454
 21
20.66668076318642
 72
     1
 10
35.53283083215454
 20
20.66668076318642
 11
35.53283083215454
 21
20.81995497873894
 72
     1
 10
35.53283083215454
 20
20.81995497873894
 11
35.054454297366
 21
20.81995497873894
 72
     1
 10
35.054454297366
 20
20.81995497873894
 11
35.054454297366
 21
20.66668076318642
 97
        1
330
F88
 92
        9
 93
        4
 72
     1
 10
34.20747135056316
 20
11.81476602926113
 11
34.68581377893969
 21
11.81476602926113
 72
     1
 10
34.68581377893969
 20
11.81476602926113
 11
34.68581377893969
 21
11.96793792557764
 72
     1
 10
34.68581377893969
 20
11.96793792557764
 11
34.20747135056316
 21
11.96793792557764
 72
     1
 10
34.20747135056316
 20
11.96793792557764
 11
34.20747135056316
 21
11.81476602926113
 97
        1
330
F87
 92
        9
 93
        4
 72
     1
 10
38.3054713505613
 20
3.392766029007814
 11
38.78381377893783
 21
3.392766029007814
 72
     1
 10
38.78381377893783
 20
3.392766029007814
 11
38.78381377893783
 21
3.545937925324321
 72
     1
 10
38.78381377893783
 20
3.545937925324321
 11
38.3054713505613
 21
3.545937925324321
 72
     1
 10
38.3054713505613
 20
3.545937925324321
 11
38.3054713505613
 21
3.392766029007814
 97
        1
330
F84
 92
        9
 93
        4
 72
     1
 10
44.84947135055571
 20
14.72476602941014
 11
45.32781377893224
 21
14.72476602941014
 72
     1
 10
45.32781377893224
 20
14.72476602941014
 11
45.32781377893224
 21
14.87793792572665
 72
     1
 10
45.32781377893224
 20
14.87793792572665
 11
44.84947135055571
 21
14.87793792572665
 72
     1
 10
44.84947135055571
 20
14.87793792572665
 11
44.84947135055571
 21
14.72476602941014
 97
        1
330
F83
 92
        9
 93
        4
 72
     1
 10
49.74547135056362
 20
23.36876602973052
 11
50.22381377894015
 21
23.36876602973052
 72
     1
 10
50.22381377894015
 20
23.36876602973052
 11
50.22381377894015
 21
23.52193792604703
 72
     1
 10
50.22381377894015
 20
23.52193792604703
 11
49.74547135056362
 21
23.52193792604703
 72
     1
 10
49.74547135056362
 20
23.52193792604703
 11
49.74547135056362
 21
23.36876602973052
 97
        1
330
F82
 92
        9
 93
        4
 72
     1
 10
44.16145429738416
 20
25.41068076313426
 11
44.63983083217271
 21
25.41068076313426
 72
     1
 10
44.63983083217271
 20
25.41068076313426
 11
44.63983083217271
 21
25.56395497868679
 72
     1
 10
44.63983083217271
 20
25.56395497868679
 11
44.16145429738416
 21
25.56395497868679
 72
     1
 10
44.16145429738416
 20
25.56395497868679
 11
44.16145429738416
 21
25.41068076313426
 97
        1
330
F81
 92
        9
 93
        4
 72
     1
 10
45.61845429737903
 20
29.03668076329818
 11
46.09683083216758
 21
29.03668076329818
 72
     1
 10
46.09683083216758
 20
29.03668076329818
 11
46.09683083216758
 21
29.1899549788507
 72
     1
 10
46.09683083216758
 20
29.1899549788507
 11
45.61845429737903
 21
29.1899549788507
 72
     1
 10
45.61845429737903
 20
29.1899549788507
 11
45.61845429737903
 21
29.03668076329818
 97
        1
330
F80
 75
     1
 76
     1
 47
0.0454218433141176
 98
       27
 10
11.32999902262844
 20
26.11607941608293
 10
10.78464832326892
 20
24.16294016388696
 10
9.693946924549834
 20
19.71159945640366
 10
8.330570176150956
 20
16.71375787745269
 10
6.194613219559641
 20
10.44554343865451
 10
7.103531254891436
 20
12.85290109378744
 10
7.103531254891436
 20
12.85290109378744
 10
4.649453107773467
 20
6.675530455143686
 10
4.649453107773467
 20
6.675530455143686
 10
2.877063182555559
 20
4.268172680443726
 10
2.877063182555559
 20
4.268172680443726
 10
2.877063182555559
 20
4.268172680443726
 10
2.877063182555559
 20
4.268172680443726
 10
2.877063182555559
 20
4.268172680443726
 10
2.877063182555559
 20
4.268172680443726
 10
2.877063182555559
 20
4.268172680443726
 10
2.877063182555559
 20
4.268172680443726
 10
2.877063182555559
 20
4.268172680443726
 10
2.877063182555559
 20
4.268172680443726
 10
2.877063182555559
 20
4.268172680443726
 10
2.877063182555559
 20
4.268172680443726
 10
2.877063182555559
 20
4.268172680443726
 10
2.877063182555559
 20
4.268172680443726
 10
2.877063182555559
 20
4.268172680443726
 10
2.877063182555559
 20
4.268172680443726
 10
2.877063182555559
 20
4.268172680443726
 10
2.877063182555559
 20
4.268172680443726
450
        0
451
        0
460
0.0
461
0.0
452
        0
462
0.0
453
        2
463
0.0
 63
     5
421
      255
463
1.0
 63
     2
421
 16776960
470
LINEAR
1001
GradientColor1ACI
1070
     5
1001
GradientColor2ACI
1070
     2
1001
ACAD
1010
0.0
1020
0.0
1030
0.0
  0
HATCH
  5
215C
330
1F
100
AcDbEntity
  8
0
 62
   251
420
  6513766
100
AcDbHatch
 10
0.0
 20
0.0
 30
0.0
210
0.0
220
0.0
230
1.0
  2
SOLID
 70
     1
 71
     1
 91
        1
 92
        7
 72
     1
 73
     1
 93
       27
 10
16.24734755439253
 20
33.10557527923111
 42
-0.0255712871056951
 10
16.19337530637029
 20
33.16566417611841
 42
0.0141902118706153
 10
16.16898085840512
 20
33.19409879110754
 42
0.0290754173041841
 10
16.15215049121226
 20
33.21058975784791
 42
0.0863206298476085
 10
16.07230819927587
 20
33.26999922113915
 42
0.0135610550569243
 10
15.6665147488817
 20
33.46122234035298
 42
0.0135203390234368
 10
15.22158860630262
 20
33.64214356548424
 42
-0.0111164810084816
 10
14.67942950938593
 20
33.85957165062428
 42
-0.0159609566883796
 10
14.24472305594859
 20
34.06186727054766
 42
-0.1414929519310888
 10
14.204313868305
 20
34.09940632667814
 42
0.0
 10
13.84694377874257
 20
34.69412871357054
 42
0.0
 10
13.489573688969
 20
35.28885110174562
 42
-0.0224634239647438
 10
13.37900217059903
 20
35.49310959027491
 42
-0.0053425088286355
 10
13.28503030263608
 20
35.69242892276017
 42
0.0
 10
12.19328779003059
 20
32.7281346072399
 42
0.0
 10
9.192287789983087
 20
23.6981346069791
 42
0.0
 10
8.523625860539592
 20
21.76709134167055
 42
0.0109466591931311
 10
10.0972806683167
 20
21.19566816907921
 42
-0.0282711071024673
 10
10.14127340621781
 20
21.17854355461895
 42
0.0
 10
10.24326067004585
 20
21.13204863667488
 42
0.0
 10
10.3452479338739
 20
21.08555371873081
 42
0.0341728334132338
 10
10.64104280810827
 20
20.97441093233408
 42
-0.0411418467993002
 10
10.88555225497299
 20
20.87863400063283
 42
0.0
 10
11.40371704817517
 20
20.62475792318583
 42
0.0
 10
11.92188184420974
 20
20.37088184344828
 42
0.0
 10
12.72699999995529
 20
22.6959999995306
 42
0.0
 10
15.72800000000279
 20
31.72599999979138
 42
0.0
 97
       13
330
C92
330
19CE
330
19C1
330
19C2
330
1A66
330
1A65
330
1A64
330
1A63
330
1A62
330
1A61
330
1A60
330
1A5F
330
9F7
 75
     1
 76
     1
 47
0.045731326424473
 98
        1
 10
14.48063895251852
 20
32.91078765710464
450
        0
451
        0
460
0.0
461
0.0
452
        0
462
0.0
453
        2
463
0.0
 63
     5
421
      255
463
1.0
 63
     2
421
 16776960
470
LINEAR
1001
GradientColor1ACI
1070
     5
1001
GradientColor2ACI
1070
     2
1001
ACAD
1010
0.0
1020
0.0
1030
0.0
  0
LINE
  5
2188
330
1F
100
AcDbEntity
  8
0
100
AcDbLine
 10
39.39376526683064
 20
42.48371588967539
 30
7.526000000000003
 11
39.39376526683064
 21
44.15634135897644
 31
7.526000000000003
  0
LINE
  5
2189
330
1F
100
AcDbEntity
  8
0
100
AcDbLine
 10
57.20049466310888
 20
38.31482572953195
 30
72.406
 11
57.21349466308606
 21
38.53082572954685
 31
0.0
  0
HATCH
  5
2205
330
1F
100
AcDbEntity
  8
0
 62
   251
420
  6513766
100
AcDbHatch
 10
0.0
 20
0.0
 30
0.0
210
0.0
220
0.0
230
1.0
  2
SOLID
 70
     1
 71
     1
 91
        5
 92
        7
 72
     1
 73
     1
 93
       21
 10
39.39376526683064
 20
42.48371588967538
 42
0.0
 10
36.12449466310808
 20
43.26382572955426
 42
0.0
 10
33.9888237582379
 20
43.8087057513326
 42
0.0389341978534794
 10
34.45870510386797
 20
40.37366191904512
 42
-0.0338333116187887
 10
34.47044388967653
 20
40.30502213441423
 42
0.0
 10
34.4844804587774
 20
40.16753428615629
 42
0.0
 10
34.49851702784379
 20
40.03004643916733
 42
-0.0011576496998415
 10
34.51852424500865
 20
39.82948143949818
 42
-0.0005632042618369
 10
34.55822897201873
 20
39.41709120944112
 42
-0.0330961989696775
 10
34.57176591580938
 20
38.94536928533737
 42
0.0205400383992973
 10
34.57449774740961
 20
38.18548648897577
 42
0.0131150360502855
 10
34.61046393077293
 20
37.67904145123317
 42
0.0616455810536688
 10
34.63414965982494
 20
37.57325170004985
 42
0.0
 10
34.80599999998233
 20
37.52999999932944
 42
0.0
 10
39.86804858298313
 20
36.33586234785175
 42
0.0
 10
39.83728439436527
 20
36.68087027128786
 42
0.0
 10
39.80652020580674
 20
37.02587819378001
 42
-0.0224634210645881
 10
39.80141822732095
 20
37.14171783836189
 42
-0.011245415127339
 10
39.80683426966425
 20
37.37318820226937
 42
0.0
 10
39.75798505498096
 20
37.97755519207567
 42
0.0
 10
39.70913584029768
 20
38.58192218188197
 42
0.0
 97
       14
330
11FE
330
1B08
330
1B07
330
1B06
330
1B05
330
1B04
330
1B03
330
1B02
330
1B01
330
1B00
330
1AFF
330
9F1
330
B3A
330
B77
 92
        7
 72
     1
 73
     1
 93
       24
 10
45.44328157373259
 20
41.04924696897915
 42
0.0
 10
43.944494663057
 20
41.39782572916683
 42
0.0
 10
39.39376526683064
 20
42.48371588967539
 42
0.0
 10
39.70913584029768
 20
38.58192218188197
 42
0.0
 10
39.75798505498096
 20
37.97755519207567
 42
0.0
 10
39.80683426966425
 20
37.37318820226937
 42
0.0112454151273382
 10
39.80141822732095
 20
37.14171783836191
 42
0.0224634210645851
 10
39.80652020580674
 20
37.02587819378005
 42
0.0
 10
39.83728439436527
 20
36.68087027128786
 42
0.0
 10
39.86804858298313
 20
36.33586234785175
 42
0.0
 10
42.57199999998556
 20
35.69799999985844
 42
0.0
 10
45.32660224847292
 20
35.05007831834122
 42
-0.0131484973520414
 10
45.31590322271223
 20
35.18240849580609
 42
-0.0266738500077352
 10
45.31574880509083
 20
35.33018028210938
 42
0.0387119618037887
 10
45.312682676245
 20
35.46899285675382
 42
-0.0040821355226574
 10
45.30200387595643
 20
35.58192441799259
 42
-0.0083689236429376
 10
45.28558727891323
 20
35.81817035482932
 42
0.0061601850328159
 10
45.26470309210708
 20
36.139207731001
 42
0.0333261035460666
 10
45.19273494852351
 20
36.63584746927017
 42
-0.0271141584490747
 10
45.09674481721595
 20
37.24489557649947
 42
-0.0088142073253361
 10
45.06013727298323
 20
37.67720268200604
 42
-0.0304644689507208
 10
45.05939103232982
 20
37.80283315959089
 42
0.0
 10
45.06142384553095
 20
37.8397761778906
 42
0.0
 10
45.06383582517546
 20
37.8836099181724
 42
0.0185172435173998
 97
       17
330
11FE
330
B77
330
B3A
330
9F1
330
1B3A
330
1B3B
330
1B3C
330
1B3E
330
1B3F
330
1B40
330
1B41
330
1B42
330
1B43
330
1B44
330
1B45
330
1B46
330
1B48
 92
        7
 72
     1
 73
     1
 93
       32
 10
51.22453484946961
 20
39.704678181493
 42
0.0
 10
45.44328157373258
 20
41.04924696897915
 42
-0.0184852991483411
 10
45.06469179660799
 20
37.88904308527835
 42
0.0224634205406923
 10
45.06345665873865
 20
37.87671919537866
 42
0.0
 10
45.06142384553095
 20
37.8397761778906
 42
0.0
 10
45.05939103232982
 20
37.80283315959089
 42
0.0304644689507111
 10
45.06013727298323
 20
37.67720268200607
 42
0.0088142073253367
 10
45.09674481721595
 20
37.24489557649948
 42
0.0271141584490759
 10
45.19273494852351
 20
36.63584746927014
 42
-0.0333261035460605
 10
45.26470309210708
 20
36.13920773100107
 42
-0.0061601850328191
 10
45.28558727891324
 20
35.81817035482921
 42
0.008368923643042
 10
45.30200387595669
 20
35.58192441798954
 42
0.0040822854939822
 10
45.31226815935229
 20
35.46895024288264
 42
-0.0387027814255217
 10
45.31574880509083
 20
35.33018028210936
 42
0.0266738500077346
 10
45.31590322271223
 20
35.18240849580609
 42
0.0090888496523215
 10
45.32255664789019
 20
35.09087046788543
 42
0.0201216909259827
 10
45.32797250858388
 20
35.04975601364706
 42
0.0
 10
51.0221305840998
 20
33.71040893472156
 42
-0.029533500829103
 10
51.00777236466591
 20
33.8055503150463
 42
-0.0090888496932919
 10
50.98512475722235
 20
34.11713679414268
 42
-0.0266738499818557
 10
50.98465129498191
 20
34.57022219040739
 42
0.0331505967541448
 10
50.9795503776404
 20
34.93489240761851
 42
0.0058375079546853
 10
50.95881820692058
 20
35.15975674932263
 42
-0.0072007280940072
 10
50.94250775192568
 20
35.34209883679547
 42
-0.0042767384365876
 10
50.93526334781658
 20
35.45127559332704
 42
0.0048941928661162
 10
50.92881505913101
 20
35.54667119216162
 42
0.0333261035584578
 10
50.90239637373194
 20
35.72898198052602
 42
-0.0271141584398419
 10
50.86715948983329
 20
35.95255660358816
 42
-0.0101206606369907
 10
50.85220594320005
 20
36.13480878307073
 42
0.0
 10
50.8614943944267
 20
36.30361102148891
 42
0.0
 10
50.8695414479007
 20
36.44985290896148
 42
-0.0283582462669246
 10
50.87643701925158
 20
36.51134472760706
 42
0.0239147593532266
 97
       32
330
11FE
330
1B48
330
1B47
330
1B46
330
1B45
330
1B44
330
1B43
330
1B42
330
1B41
330
1B40
330
1B3F
330
1B3E
330
1B3C
330
1B3B
330
1B3A
330
1B39
330
9F1
330
1B85
330
1B86
330
1B87
330
1B88
330
1B89
330
1B8A
330
1B8B
330
1B8C
330
1B8D
330
1B8E
330
1B8F
330
1B91
330
1B92
330
1B93
330
1B94
 92
        7
 72
     1
 73
     1
 93
       20
 10
7.8169999999809
 20
10.37299999967214
 42
0.0
 10
7.988272868055251
 20
10.76358914662576
 42
0.0002656612556251
 10
7.953035927216063
 20
10.78112746381723
 42
0.000179332506739
 10
7.900813034095241
 20
10.80705991387372
 42
0.0408982506782785
 10
7.811526970680281
 20
10.84259692092211
 42
-0.040898250793004
 10
7.719008352607492
 20
10.87911833077669
 42
-0.0011100236425623
 10
7.644649299845397
 20
10.91595391087829
 42
0.0
 10
7.016610358550678
 20
11.23390665091574
 42
0.0
 10
6.40177569114098
 20
11.54517455945708
 42
-0.0224634128485061
 10
6.200842421415339
 20
11.65851055045163
 42
-0.0412426875617315
 10
4.848811592743379
 20
12.66709667517577
 42
0.0
 10
4.282287790008689
 20
11.37513460712067
 42
0.0
 10
1.949142864590426
 20
6.374661023975381
 42
0.0
 10
3.294880655070301
 20
5.887779254466295
 42
0.0
 10
3.394508562807459
 20
5.851734332740306
 42
0.0
 10
3.494136470544663
 20
5.815689411014297
 42
-0.0112454228277561
 10
3.899466201520141
 20
5.633066980615851
 42
-0.0224634149590037
 10
4.095833491708612
 20
5.528144639916718
 42
0.0
 10
4.667765029997099
 20
5.188691223971545
 42
0.0
 10
5.23969656817384
 20
4.849237808092691
 42
0.0
 97
        6
330
9F7
330
DD9
330
19C5
330
19C6
330
E23
330
E0A
 92
        7
 72
     1
 73
     1
 93
       16
 10
4.667765029997099
 20
5.188691223971545
 42
0.0
 10
4.095833491708583
 20
5.528144639916732
 42
0.0224634149590121
 10
3.899466201520038
 20
5.6330669806159
 42
0.0112454228277565
 10
3.494136470544543
 20
5.815689411014346
 42
0.0
 10
3.394508562807459
 20
5.851734332740306
 42
0.0
 10
3.294880655070301
 20
5.887779254466295
 42
0.0
 10
1.949142864590424
 20
6.374661023975381
 42
0.0
 10
0.4841885571241065
 20
3.234922366854888
 42
0.0
 10
2.353008214035071
 20
2.558791968040168
 42
0.0
 10
2.841807636374142
 20
2.381946572102606
 42
0.0
 10
3.330607058771406
 20
2.205101176165051
 42
-0.0112454478303828
 10
3.455237666967043
 20
2.148948503578196
 42
-0.0224633891063208
 10
3.515616392372914
 20
2.116687132835558
 42
0.0
 10
3.691473457962274
 20
2.012312260456383
 42
0.0
 10
3.867330523738891
 20
1.907937387000202
 42
0.0
 10
5.239696568173838
 20
4.849237808092695
 42
0.0
 97
        9
330
E0A
330
21EE
330
21ED
330
E23
330
21EA
330
19C6
330
E42
330
E29
330
9F7
 75
     1
 76
     1
 47
0.0182656420488972
 98
        5
 10
38.77200880966439
 20
39.51480812886041
 10
41.43577157300359
 20
39.19741661400465
 10
45.68143546361011
 20
37.33217825868383
 10
3.218872414898612
 20
8.268080657626498
 10
2.845627060298681
 20
5.097175489451231
450
        0
451
        0
460
0.0
461
0.0
452
        0
462
0.0
453
        2
463
0.0
 63
     5
421
      255
463
1.0
 63
     2
421
 16776960
470
LINEAR
1001
GradientColor1ACI
1070
     5
1001
GradientColor2ACI
1070
     2
1001
ACAD
1010
0.0
1020
0.0
1030
0.0
  0
HATCH
  5
2234
330
1F
100
AcDbEntity
  8
0
 62
   251
420
  6513766
100
AcDbHatch
 10
0.0
 20
0.0
 30
0.0
210
0.0
220
0.0
230
1.0
  2
SOLID
 70
     1
 71
     0
 91
        1
 92
        7
 72
     1
 73
     1
 93
       42
 10
23.57271590792795
 20
42.43560982665738
 42
0.0648121954172607
 10
23.59621122991286
 20
42.6933850265162
 42
0.0
 10
23.59111099591246
 20
42.82562833186239
 42
0.0
 10
23.58601076190872
 20
42.95787163636382
 42
-0.028151592087551
 10
23.58699537980043
 20
43.013367345254
 42
0.0064083744706195
 10
23.75675160876611
 20
46.41924452063828
 42
0.0
 10
19.02860622523032
 20
47.62555020831573
 42
0.0
 10
19.17926731263287
 20
43.71907847374678
 42
0.0
 10
19.19778921528356
 20
43.23882647201854
 42
-0.0364691242166967
 10
19.1914322629142
 20
43.05387822307429
 42
0.0227134778225032
 10
19.17308288765885
 20
42.75755614962298
 42
0.0
 10
19.17025516292779
 20
42.5854185372591
 42
0.0
 10
19.16742743813908
 20
42.41328092399882
 42
-0.0426362739437496
 10
19.15914268466211
 20
42.33205633594227
 42
0.0382483405397356
 10
19.1491181101828
 20
42.24162992073833
 42
0.0
 10
19.12320609681774
 20
41.47865316178649
 42
0.0
 10
19.09729408340087
 20
40.71567640302315
 42
-0.0344856888877695
 10
19.06988542427428
 20
40.45023623571036
 42
0.018437008535286
 10
19.0027799999807
 20
39.95605999976393
 42
0.0064072284353534
 10
18.98543860967093
 20
39.75321346486129
 42
-0.0072478614833339
 10
18.96980690857162
 20
39.57391776889562
 42
-0.0301454709865314
 10
18.91643353044904
 20
39.24678932457636
 42
0.0228772360582594
 10
18.83987858885666
 20
38.81696285028011
 42
0.0111063999396306
 10
18.80621841477929
 20
38.50737399736702
 42
0.0474770566364352
 10
18.80686046509072
 20
38.43437209259719
 42
0.0
 10
18.83582817186834
 20
38.1559721743688
 42
0.0
 10
18.86479587864596
 20
37.87757225614041
 42
0.0224634217312938
 10
18.89861492313929
 20
37.65166070843445
 42
0.1297438817729916
 10
18.9296330343109
 20
37.58770367425653
 42
-0.0411000623244739
 10
18.92528520600172
 20
37.59251203294843
 42
0.0126157472246256
 10
18.93259499320981
 20
37.58343967702252
 42
-0.037835048451482
 10
18.93990478041814
 20
37.57436732109636
 42
-0.0029965007608012
 10
18.94644639962404
 20
37.5647351990101
 42
0.0
 10
19.25099999998929
 20
37.921999999322
 42
0.0
 10
21.87299999996321
 20
39.32699999958277
 42
0.0
 10
23.468709183624
 20
39.42678826484478
 42
0.0
 10
23.46892287349328
 20
39.93102842755616
 42
0.0
 10
23.46913656336255
 20
40.43526858929411
 42
-0.0428474546490418
 10
23.48980495139403
 20
40.67482027525569
 42
0.0388403122664695
 10
23.51471117162146
 20
40.93880926351994
 42
0.0
 10
23.52432777360082
 20
41.52421947661787
 42
0.0
 10
23.53394437558018
 20
42.1096296897158
 42
-0.0510224835822753
 97
        0
 75
     1
 76
     1
 47
0.0182656420488972
 98
        1
 10
21.44537862181215
 20
42.34652531066913
450
        0
451
        0
460
0.0
461
0.0
452
        0
462
0.0
453
        2
463
0.0
 63
     5
421
      255
463
1.0
 63
     2
421
 16776960
470
LINEAR
1001
GradientColor1ACI
1070
     5
1001
GradientColor2ACI
1070
     2
1001
ACAD
1010
0.0
1020
0.0
1030
0.0
  0
HATCH
  5
2258
330
1F
100
AcDbEntity
  8
0
 62
   251
420
  6513766
100
AcDbHatch
 10
0.0
 20
0.0
 30
0.0
210
0.0
220
0.0
230
1.0
  2
SOLID
 70
     1
 71
     1
 91
        1
 92
        7
 72
     1
 73
     1
 93
       32
 10
33.9888237582379
 20
43.8087057513326
 42
0.0
 10
23.75675160876614
 20
46.41924452063827
 42
-0.006429452646258
 10
23.58629302482585
 20
43.00217297393808
 42
0.0224634217922213
 10
23.58601076190872
 20
42.95787163636382
 42
0.0
 10
23.59111099591246
 20
42.82562833186239
 42
0.0
 10
23.59621122991286
 20
42.6933850265162
 42
-0.0648121954172612
 10
23.57271590792795
 20
42.43560982665737
 42
0.0510224835822747
 10
23.53394437558018
 20
42.1096296897158
 42
0.0
 10
23.52432777360082
 20
41.52421947661787
 42
0.0
 10
23.51471117162146
 20
40.93880926351994
 42
-0.0388403122664687
 10
23.48980495139403
 20
40.67482027525569
 42
0.0428474546490426
 10
23.46913656336255
 20
40.43526858929411
 42
0.0
 10
23.46892287349328
 20
39.93102842755616
 42
0.0
 10
23.468709183624
 20
39.42678826484478
 42
0.0
 10
25.40699999994831
 20
39.54799999948591
 42
0.0
 10
29.37099999998455
 20
38.59700000006707
 42
0.0
 10
31.19899999996414
 20
38.16899999976159
 42
0.0
 10
34.7387869166404
 20
37.31305152532403
 42
0.2653159513997596
 10
34.73962654498337
 20
37.33044869464328
 42
0.0
 10
34.70639538689284
 20
37.41382452286779
 42
0.0
 10
34.66673814231871
 20
37.4918069407614
 42
-0.0224634039216098
 10
34.65612336663184
 20
37.51522716862133
 42
-0.0093055771391563
 10
34.63414965983247
 20
37.57325170002877
 42
-0.0616455810663995
 10
34.61046393077293
 20
37.67904145123318
 42
-0.0131150360502873
 10
34.57449774740961
 20
38.18548648897584
 42
-0.0205400383992954
 10
34.57176591580938
 20
38.94536928533737
 42
0.0330961989696811
 10
34.5582289720187
 20
39.41709120944117
 42
0.0005632042618384
 10
34.51852424500853
 20
39.82948143949935
 42
0.0011576496998415
 10
34.49851702784368
 20
40.03004643916849
 42
0.0
 10
34.4844804587774
 20
40.16753428615629
 42
0.0
 10
34.47044388967654
 20
40.30502213441422
 42
0.0224634248301777
 10
34.46368308074497
 20
40.3507896810683
 42
-0.0391970649148103
 97
       30
330
11FE
330
1AB6
330
1AB5
330
1AB4
330
1AB3
330
1AB2
330
1AB1
330
1AB0
330
1AAF
330
1AAE
330
1AAD
330
1AAC
330
1AAB
330
9F7
330
A1D
330
1AF6
330
1AFB
330
1AFC
330
1AFD
330
1AFE
330
1AFF
330
1B00
330
1B01
330
1B02
330
1B03
330
1B04
330
1B05
330
1B06
330
1B07
330
1B08
 75
     1
 76
     1
 47
0.0183433260389837
 98
        1
 10
27.65923983575897
 20
42.37698656562128
450
        0
451
        0
460
0.0
461
0.0
452
        0
462
0.0
453
        2
463
0.0
 63
     5
421
      255
463
1.0
 63
     2
421
 16776960
470
LINEAR
1001
GradientColor1ACI
1070
     5
1001
GradientColor2ACI
1070
     2
1001
ACAD
1010
0.0
1020
0.0
1030
0.0
  0
ARC
  5
2708
330
1F
100
AcDbEntity
  8
1cv
100
AcDbCircle
 10
24.14510963396608
 20
35.53640804544475
 30
5.526000000000003
 40
4.337715732262005
100
AcDbArc
 50
183.3166983824631
 51
186.6509079207907
  0
ARC
  5
2709
330
1F
100
AcDbEntity
  8
1cv
100
AcDbCircle
 10
25.24576490867083
 20
35.66474934417936
 30
5.526000000000003
 40
5.445828327035783
100
AcDbArc
 50
186.6509079207906
 51
190.7783253653707
  0
ARC
  5
270A
330
1F
100
AcDbEntity
  8
1cv
100
AcDbCircle
 10
18.24318301161121
 20
34.3316806372169
 30
5.526000000000003
 40
1.682511269427725
100
AcDbArc
 50
3.349130519570018
 51
10.77832536536853
  0
ARC
  5
270B
330
1F
100
AcDbEntity
  8
1cv
100
AcDbCircle
 10
-350.330774332705
 20
12.76272523399718
 30
5.526000000000003
 40
370.8870370673058
100
AcDbArc
 50
3.317639713877189
 51
3.349130519569842
  0
ARC
  5
270C
330
1F
100
AcDbEntity
  8
1cv
100
AcDbCircle
 10
-71.39021531938952
 20
28.9325014477585
 30
5.526000000000003
 40
91.47820197889251
100
AcDbArc
 50
3.254231458121291
 51
3.317639713803745
  0
LINE
  5
270D
330
1F
100
AcDbEntity
  8
1cv
100
AcDbLine
 10
19.94047631241847
 20
34.12540076766163
 30
5.526000000000003
 11
19.9551601135754
 21
33.86714778933674
 31
5.526000000000003
  0
LINE
  5
270E
330
1F
100
AcDbEntity
  8
1cv
100
AcDbLine
 10
19.9551601135754
 20
33.86714778933674
 30
5.526000000000003
 11
19.96984391467413
 21
33.60889481101185
 31
5.526000000000003
  0
ARC
  5
270F
330
1F
100
AcDbEntity
  8
1cv
100
AcDbCircle
 10
19.57512138278307
 20
33.58645159644237
 30
5.526000000000003
 40
0.3953600574953201
100
AcDbArc
 50
357.1002117917075
 51
3.254231365705848
  0
ARC
  5
2710
330
1F
100
AcDbEntity
  8
1cv
100
AcDbCircle
 10
30.28661999999655
 20
33.04387018120027
 30
5.526000000000003
 40
10.32987174506878
100
AcDbArc
 50
177.1002117917259
 51
178.3036034799892
  0
ARC
  5
2711
330
1F
100
AcDbEntity
  8
1cv
100
AcDbCircle
 10
39.84380507720461
 20
32.76082115444666
 30
5.526000000000003
 40
19.89124734440356
100
AcDbArc
 50
178.3036034799892
 51
179.4304819179984
  0
ARC
  5
2712
330
1F
100
AcDbEntity
  8
1cv
100
AcDbCircle
 10
-13.05994481311877
 20
33.28669993229165
 30
5.526000000000003
 40
33.0151161759413
100
AcDbArc
 50
358.5558025539727
 51
359.430481918007
  0
ARC
  5
2713
330
1F
100
AcDbEntity
  8
1cv
100
AcDbCircle
 10
14.57353921653341
 20
32.59002277140877
 30
5.526000000000003
 40
5.372851458962383
100
AcDbArc
 50
351.6039436306056
 51
358.5558025539727
  0
ARC
  5
2714
330
1F
100
AcDbEntity
  8
1cv
100
AcDbCircle
 10
36.19641134272395
 20
29.39855553885634
 30
5.526000000000003
 40
16.4842769453373
100
AcDbArc
 50
171.6039436306059
 51
175.5711861212513
  0
ARC
  5
2715
330
1F
100
AcDbEntity
  8
1cv
100
AcDbCircle
 10
32.08419849791415
 20
29.71705341707118
 30
5.526000000000003
 40
12.35974844144183
100
AcDbArc
 50
175.5711861212513
 51
178.9370954824053
  0
ARC
  5
2716
330
1F
100
AcDbEntity
  8
1cv
100
AcDbCircle
 10
20.41959834460511
 20
29.93347038152005
 30
5.526000000000003
 40
0.6931408351546332
100
AcDbArc
 50
178.9370954824024
 51
193.185086356575
  0
ARC
  5
2717
330
1F
100
AcDbEntity
  8
1cv
100
AcDbCircle
 10
20.72519142494837
 20
30.00506267714852
 30
5.526000000000003
 40
1.007007984673397
100
AcDbArc
 50
193.1850863565751
 51
201.9731668738718
  0
ARC
  5
2718
330
1F
100
AcDbEntity
  8
1cv
100
AcDbCircle
 10
26.14789856515114
 20
32.19302498188719
 30
5.526000000000003
 40
6.85448023987594
100
AcDbArc
 50
201.9731668738593
 51
205.3387464546542
  0
ARC
  5
2719
330
1F
100
AcDbEntity
  8
1cv
100
AcDbCircle
 10
29.6414200293575
 20
33.84729632819873
 30
5.526000000000003
 40
10.71987878441154
100
AcDbArc
 50
205.3387464546542
 51
208.8381791677556
  0
ARC
  5
271A
330
1F
100
AcDbEntity
  8
1cv
100
AcDbCircle
 10
15.63027142103982
 20
26.13243965186209
 30
5.526000000000003
 40
5.274848436168941
100
AcDbArc
 50
23.84867576213753
 51
28.83817916777011
  0
ARC
  5
271B
330
1F
100
AcDbEntity
  8
1cv
100
AcDbCircle
 10
8.517235854842652
 20
22.9879960520983
 30
5.526000000000003
 40
13.05191732605807
100
AcDbArc
 50
21.97410822084178
 51
23.84867576213753
  0
ARC
  5
271C
330
1F
100
AcDbEntity
  8
1cv
100
AcDbCircle
 10
19.4965606896586
 20
27.4181608539016
 30
5.526000000000003
 40
1.212494451629476
100
AcDbArc
 50
15.82109695051982
 51
21.97410822081759
  0
LINE
  5
271D
330
1F
100
AcDbEntity
  8
1cv
100
AcDbLine
 10
20.66312302835286
 20
27.74872870650142
 30
5.526000000000003
 11
20.83590333000757
 21
27.13899309188128
 31
5.526000000000003
  0
LINE
  5
271E
330
1F
100
AcDbEntity
  8
1cv
100
AcDbLine
 10
20.83590333000757
 20
27.13899309188128
 30
5.526000000000003
 11
21.00868363166228
 21
26.52925747726113
 31
5.526000000000003
  0
ARC
  5
271F
330
1F
100
AcDbEntity
  8
1cv
100
AcDbCircle
 10
19.92185120803942
 20
26.22128262800017
 30
5.526000000000003
 40
1.129625258577037
100
AcDbArc
 50
10.67372572694976
 51
15.82109695051982
  0
ARC
  5
2720
330
1F
100
AcDbEntity
  8
1cv
100
AcDbCircle
 10
-9.738557587845079
 20
20.63097604550093
 30
5.526000000000003
 40
31.31225896780323
100
AcDbArc
 50
9.696365427009835
 51
10.67372572695896
  0
ARC
  5
2721
330
1F
100
AcDbEntity
  8
1cv
100
AcDbCircle
 10
6.120427477979317
 20
23.34076660522376
 30
5.526000000000003
 40
15.22343140966201
100
AcDbArc
 50
8.007272558227255
 51
9.696365427009828
  0
ARC
  5
2722
330
1F
100
AcDbEntity
  8
1cv
100
AcDbCircle
 10
-18.33005453651234
 20
19.90131059625839
 30
5.526000000000003
 40
39.91464297123971
100
AcDbArc
 50
6.964153326476021
 51
8.007272558217763
  0
ARC
  5
2723
330
1F
100
AcDbEntity
  8
1cv
100
AcDbCircle
 10
12.39596026985841
 20
23.65447901440495
 30
5.526000000000003
 40
8.960252990878487
100
AcDbArc
 50
359.4276575368608
 51
6.964153326476012
  0
ARC
  5
2724
330
1F
100
AcDbEntity
  8
1cv
100
AcDbCircle
 10
30.2849621517466
 20
23.47577517172714
 30
5.526000000000003
 40
8.929641458043986
100
AcDbArc
 50
179.4276575369448
 51
186.977078822659
  0
ARC
  5
2725
330
1F
100
AcDbEntity
  8
1cv
100
AcDbCircle
 10
36.82209916360456
 20
24.27578019118313
 30
5.526000000000003
 40
15.51554825536188
100
AcDbArc
 50
186.977078822659
 51
189.6483487560395
  0
ARC
  5
2726
330
1F
100
AcDbEntity
  8
1cv
100
AcDbCircle
 10
15.51394356024538
 20
20.65327762863667
 30
5.526000000000003
 40
6.098336634509792
100
AcDbArc
 50
5.386908404648415
 51
9.648348756044226
  0
LINE
  5
2727
330
1F
100
AcDbEntity
  8
1cv
100
AcDbLine
 10
21.58534653461538
 20
21.22579455468803
 30
5.526000000000003
 11
21.71875329944305
 21
19.81104820873588
 31
5.526000000000003
  0
LINE
  5
2728
330
1F
100
AcDbEntity
  8
1cv
100
AcDbLine
 10
21.71875329944305
 20
19.81104820873588
 30
5.526000000000003
 11
21.85216006427072
 21
18.39630186371505
 31
5.526000000000003
  0
ARC
  5
2729
330
1F
100
AcDbEntity
  8
1cv
100
AcDbCircle
 10
28.49680737165961
 20
19.02287418473259
 30
5.526000000000003
 40
6.674123965964052
100
AcDbArc
 50
185.3869084079735
 51
190.5342797714541
  0
ARC
  5
272A
330
1F
100
AcDbEntity
  8
1cv
100
AcDbCircle
 10
34.41124654549557
 20
20.1227112296937
 30
5.526000000000003
 40
12.68995576767478
100
AcDbArc
 50
190.5342797714538
 51
194.2666379499175
  0
ARC
  5
272B
330
1F
100
AcDbEntity
  8
1cv
100
AcDbCircle
 10
29.35705015496419
 20
18.8375464150651
 30
5.526000000000003
 40
7.474924631159886
100
AcDbArc
 50
194.2666379499175
 51
199.0854861568065
  0
ARC
  5
272C
330
1F
100
AcDbEntity
  8
1cv
100
AcDbCircle
 10
54.42759497743842
 20
27.51188930883775
 30
5.526000000000003
 40
34.00370979622981
100
AcDbArc
 50
199.0854861568087
 51
201.3443165440607
  0
ARC
  5
272D
330
1F
100
AcDbEntity
  8
1cv
100
AcDbCircle
 10
43.17950074233327
 20
23.11641504681174
 30
5.526000000000003
 40
21.92729402374422
100
AcDbArc
 50
201.3443165440608
 51
207.0114758907699
  0
ARC
  5
272E
330
1F
100
AcDbEntity
  8
1cv
100
AcDbCircle
 10
10.57789968468706
 20
6.496843678864892
 30
5.526000000000003
 40
14.66607346240274
100
AcDbArc
 50
20.08058931710936
 51
27.01147589076739
  0
ARC
  5
272F
330
1F
100
AcDbEntity
  8
1cv
100
AcDbCircle
 10
-1.526564887499294
 20
2.071888018106191
 30
5.526000000000003
 40
27.55398621734468
100
AcDbArc
 50
17.67984203254103
 51
20.08058931710936
  0
ARC
  5
2730
330
1F
100
AcDbEntity
  8
1cv
100
AcDbCircle
 10
37.84287066816247
 20
14.62101751053366
 30
5.526000000000003
 40
13.7671113841121
100
AcDbArc
 50
197.6798420325495
 51
201.076478579938
  0
ARC
  5
2731
330
1F
100
AcDbEntity
  8
1cv
100
AcDbCircle
 10
37.8836479721525
 20
14.63673293300042
 30
5.526000000000003
 40
13.81081221961903
100
AcDbArc
 50
201.076478579938
 51
202.3097776419906
  0
ARC
  5
2732
330
1F
100
AcDbEntity
  8
1cv
100
AcDbCircle
 10
18.4612227903462
 20
6.667143575870582
 30
5.526000000000003
 40
7.183114389382446
100
AcDbArc
 50
20.59964673212992
 51
22.30977764218687
  0
ARC
  5
2733
330
1F
100
AcDbEntity
  8
1cv
100
AcDbCircle
 10
21.59199494123953
 20
7.843901431971107
 30
5.526000000000003
 40
3.838492839385561
100
AcDbArc
 50
13.36601114987613
 51
20.59964673212991
  0
ARC
  5
2734
330
1F
100
AcDbEntity
  8
1cv
100
AcDbCircle
 10
29.97376612731957
 20
9.835467321454984
 30
5.526000000000003
 40
4.77663472252304
100
AcDbArc
 50
193.3660111498799
 51
199.8496565585858
  0
ARC
  5
2735
330
1F
100
AcDbEntity
  8
1cv
100
AcDbCircle
 10
37.50015407635114
 20
12.55250438714252
 30
5.526000000000003
 40
12.77843489346255
100
AcDbArc
 50
199.8496565585858
 51
201.5922895253117
  0
ARC
  5
2736
330
1F
100
AcDbEntity
  8
1cv
100
AcDbCircle
 10
26.82435507985991
 20
8.327318347613381
 30
5.526000000000003
 40
1.296933193679763
100
AcDbArc
 50
201.5922895252943
 51
207.0641406248235
  0
LINE
  5
2737
330
1F
100
AcDbEntity
  8
1cv
100
AcDbLine
 10
25.66943900263868
 20
7.737229741178452
 30
5.526000000000003
 11
26.02270596701419
 21
7.045818837359547
 31
5.526000000000003
  0
LINE
  5
2738
330
1F
100
AcDbEntity
  8
1cv
100
AcDbLine
 10
26.02270596701419
 20
7.045818837359547
 30
5.526000000000003
 11
26.3759729313897
 21
6.354407933540642
 31
5.526000000000003
  0
ARC
  5
2739
330
1F
100
AcDbEntity
  8
1cv
100
AcDbCircle
 10
28.95317589029426
 20
7.671194609659147
 30
5.526000000000003
 40
2.894115105138292
100
AcDbArc
 50
207.0641406248236
 51
212.211511979676
  0
ARC
  5
273A
330
1F
100
AcDbEntity
  8
1cv
100
AcDbCircle
 10
36.26794385354929
 20
12.27960262207158
 30
5.526000000000003
 40
11.53953324222855
100
AcDbArc
 50
212.2115119796847
 51
214.7886627839475
  0
ARC
  5
273B
330
1F
100
AcDbEntity
  8
1cv
100
AcDbCircle
 10
20.00529694843525
 20
35.29649740200716
 30
0.0
 40
0.1909572164913353
100
AcDbArc
 50
167.376429784565
 51
183.3166983824611
  0
ARC
  5
273C
330
1F
100
AcDbEntity
  8
1cv
100
AcDbCircle
 10
20.19136946587729
 20
35.25482488855214
 30
0.0
 40
0.3816390984960937
100
AcDbArc
 50
161.0190432916012
 51
167.3764297845653
  0
ARC
  5
273D
330
1F
100
AcDbEntity
  8
1cv
100
AcDbCircle
 10
21.14126304045966
 20
34.92810340666919
 30
0.0
 40
1.386151283467814
100
AcDbArc
 50
157.6844857489827
 51
161.0190432916259
  0
ARC
  5
273E
330
1F
100
AcDbEntity
  8
1cv
100
AcDbCircle
 10
22.02749405567985
 20
34.56435321387666
 30
0.0
 40
2.344128117788357
100
AcDbArc
 50
155.1002855275628
 51
157.6844857489826
  0
ARC
  5
273F
330
1F
100
AcDbEntity
  8
1cv
100
AcDbCircle
 10
16.16953566103647
 20
37.28349148537156
 30
0.0
 40
4.114152573919077
100
AcDbArc
 50
335.1002855275719
 51
337.0508521820541
  0
ARC
  5
2740
330
1F
100
AcDbEntity
  8
1cv
100
AcDbCircle
 10
18.56415423023886
 20
36.26954351622865
 30
0.0
 40
1.513712500374229
100
AcDbArc
 50
337.0508521820542
 51
341.0199844957769
  0
ARC
  5
2741
330
1F
100
AcDbEntity
  8
1cv
100
AcDbCircle
 10
19.9518273946234
 20
35.79227066173276
 30
0.0
 40
0.0462568149132829
100
AcDbArc
 50
341.0199844958182
 51
3.872024267822145
  0
ARC
  5
2742
330
1F
100
AcDbEntity
  8
1cv
100
AcDbCircle
 10
19.96145245007714
 20
35.79292211088716
 30
0.0
 40
0.0366097387506121
100
AcDbArc
 50
3.872024267826234
 51
33.50812956821199
  0
ARC
  5
2743
330
1F
100
AcDbEntity
  8
1cv
100
AcDbCircle
 10
18.32701539671994
 20
34.71077829016838
 30
0.0
 40
1.996818842419609
100
AcDbArc
 50
33.50812956819862
 51
37.47716266032339
  0
ARC
  5
2744
330
1F
100
AcDbEntity
  8
1cv
100
AcDbCircle
 10
16.09840439426314
 20
33.00211580545662
 30
0.0
 40
4.805062864390078
100
AcDbArc
 50
37.47716266032331
 51
39.9325444032771
  0
ARC
  5
2745
330
1F
100
AcDbEntity
  8
1cv
100
AcDbCircle
 10
20.7732130456538
 20
36.91537638640176
 30
0.0
 40
1.291447965707414
100
AcDbArc
 50
215.1953568817517
 51
219.9325444033272
  0
ARC
  5
2746
330
1F
100
AcDbEntity
  8
1cv
100
AcDbCircle
 10
20.8006102423803
 20
36.93469965786164
 30
0.0
 40
1.324974003474846
100
AcDbArc
 50
211.8190195867961
 51
215.1953568817515
  0
ARC
  5
2747
330
1F
100
AcDbEntity
  8
1cv
100
AcDbCircle
 10
18.54843296921282
 20
35.53723582165082
 30
0.0
 40
1.325536823434599
100
AcDbArc
 50
31.81973658677808
 51
35.1946398817697
  0
ARC
  5
2748
330
1F
100
AcDbEntity
  8
1cv
100
AcDbCircle
 10
18.62869479224409
 20
35.59384306522475
 30
0.0
 40
1.227321039258429
100
AcDbArc
 50
35.1946398817695
 51
42.977413442869
  0
ARC
  5
2749
330
1F
100
AcDbEntity
  8
1cv
100
AcDbCircle
 10
20.14177269859256
 20
37.00369629789476
 30
0.0
 40
0.840791841691243
100
AcDbArc
 50
213.5710200590777
 51
222.9774134426683
  0
LINE
  5
274A
330
1F
100
AcDbEntity
  8
1cv
100
AcDbLine
 10
19.27332060347544
 20
36.79175602179021
 30
0.0
 11
19.44122406415408
 21
36.53876347281039
 31
0.0
  0
LINE
  5
274B
330
1F
100
AcDbEntity
  8
1cv
100
AcDbLine
 10
19.10541714279679
 20
37.04474857170135
 30
0.0
 11
19.27332060347544
 21
36.79175602179021
 31
0.0
  0
ARC
  5
274C
330
1F
100
AcDbEntity
  8
1cv
100
AcDbCircle
 10
19.13011274739762
 20
37.06113829241768
 30
0.0
 40
0.0296394303548455
100
AcDbArc
 50
191.2071887523856
 51
213.5710183403061
  0
ARC
  5
274D
330
1F
100
AcDbEntity
  8
1cv
100
AcDbCircle
 10
20.39041063310769
 20
37.31084832360473
 30
0.0
 40
1.314437414631242
100
AcDbArc
 50
187.8697589437121
 51
191.2071887524126
  0
ARC
  5
274E
330
1F
100
AcDbEntity
  8
1cv
100
AcDbCircle
 10
20.77996110691635
 20
37.36469336809645
 30
0.0
 40
1.707691607820419
100
AcDbArc
 50
184.7844331516346
 51
187.869758943712
  0
ARC
  5
274F
330
1F
100
AcDbEntity
  8
1cv
100
AcDbCircle
 10
17.66968174308815
 20
37.10436689233902
 30
0.0
 40
1.413463241756227
100
AcDbArc
 50
4.784433151591379
 51
8.175797254091602
  0
ARC
  5
2750
330
1F
100
AcDbEntity
  8
1cv
100
AcDbCircle
 10
17.83689828575942
 20
37.12839106663953
 30
0.0
 40
1.244529724970026
100
AcDbArc
 50
8.175797254091719
 51
11.2081298399413
  0
ARC
  5
2751
330
1F
100
AcDbEntity
  8
1cv
100
AcDbCircle
 10
18.92232489903371
 20
37.34347138022236
 30
0.0
 40
0.1379988966172907
100
AcDbArc
 50
11.2081298399387
 51
20.32296945847938
  0
ARC
  5
2752
330
1F
100
AcDbEntity
  8
1cv
100
AcDbCircle
 10
18.85491054264457
 20
37.31850332402097
 30
0.0
 40
0.2098883901322609
100
AcDbArc
 50
20.32296945848001
 51
27.85361148978987
  0
ARC
  5
2753
330
1F
100
AcDbEntity
  8
1cv
100
AcDbCircle
 10
18.64359100768195
 20
37.20683435094463
 30
0.0
 40
0.448898652264952
100
AcDbArc
 50
27.85361148976876
 51
33.00098251109855
  0
LINE
  5
2754
330
1F
100
AcDbEntity
  8
1cv
100
AcDbLine
 10
18.98324673710158
 20
37.50802141055465
 30
0.0
 11
19.0200649027829
 21
37.45132853556425
 31
0.0
  0
LINE
  5
2755
330
1F
100
AcDbEntity
  8
1cv
100
AcDbLine
 10
18.94642857142025
 20
37.56471428554505
 30
0.0
 11
18.98324673710158
 21
37.50802141055465
 31
0.0
  0
ARC
  5
2756
330
1F
100
AcDbEntity
  8
1cv
100
AcDbCircle
 10
18.78091703796532
 20
37.45722580375708
 30
0.0
 40
0.1973520747894182
100
AcDbArc
 50
33.00098251109881
 51
34.05192603091553
  0
ARC
  5
2757
330
1F
100
AcDbEntity
  8
1cv
100
AcDbCircle
 10
18.13956861907716
 20
37.02378463167798
 30
0.0
 40
0.9714315565376702
100
AcDbArc
 50
34.05192602115612
 51
34.525610626012
  0
ARC
  5
2758
330
1F
100
AcDbEntity
  8
1cv
100
AcDbCircle
 10
18.87638892916973
 20
37.5306722715781
 30
0.0
 40
0.0770942326780324
100
AcDbArc
 50
34.5256106260109
 51
43.19263099225177
  0
ARC
  5
2759
330
1F
100
AcDbEntity
  8
1cv
100
AcDbCircle
 10
19.10869385962365
 20
37.73280722473313
 30
0.0
 40
0.2309144323365563
100
AcDbArc
 50
217.4135393546126
 51
220.3047022636505
  0
ARC
  5
275A
330
1F
100
AcDbEntity
  8
1cv
100
AcDbCircle
 10
18.95665759376072
 20
37.61650978371142
 30
0.0
 40
0.0394983386408006
100
AcDbArc
 50
214.0509848932695
 51
217.4135393546112
  0
ARC
  5
275B
330
1F
100
AcDbEntity
  8
1cv
100
AcDbCircle
 10
19.4531760752636
 20
37.95205895885729
 30
0.0
 40
0.6387677700445775
100
AcDbArc
 50
213.2149415916605
 51
214.0509848890939
  0
ARC
  5
275C
330
1F
100
AcDbEntity
  8
1cv
100
AcDbCircle
 10
19.03528656109861
 20
37.67844405387099
 30
0.0
 40
0.1392712612682742
100
AcDbArc
 50
191.0876613340294
 51
213.2149415916614
  0
ARC
  5
275D
330
1F
100
AcDbEntity
  8
1cv
100
AcDbCircle
 10
21.39465238464975
 20
38.14080560017917
 30
0.0
 40
2.543514445483552
100
AcDbArc
 50
185.940289980014
 51
191.087661334007
  0
LINE
  5
275E
330
1F
100
AcDbEntity
  8
1cv
100
AcDbLine
 10
18.83582817186834
 20
38.1559721743688
 30
0.0
 11
18.86479587864596
 21
37.87757225614041
 31
0.0
  0
LINE
  5
275F
330
1F
100
AcDbEntity
  8
1cv
100
AcDbLine
 10
18.80686046509072
 20
38.43437209259719
 30
0.0
 11
18.83582817186834
 21
38.1559721743688
 31
0.0
  0
ARC
  5
2760
330
1F
100
AcDbEntity
  8
1cv
100
AcDbCircle
 10
19.19007918765942
 20
38.47424626949245
 30
0.0
 40
0.3852876059650212
100
AcDbArc
 50
175.0675145350497
 51
185.9402899800142
  0
ARC
  5
2761
330
1F
100
AcDbEntity
  8
1cv
100
AcDbCircle
 10
25.79089285629946
 20
37.90458670953068
 30
0.0
 40
7.010636887501883
100
AcDbArc
 50
172.5222198189402
 51
175.0675145350504
  0
ARC
  5
2762
330
1F
100
AcDbEntity
  8
1cv
100
AcDbCircle
 10
23.57279569848706
 20
38.19572967756212
 30
0.0
 40
4.773513907125169
100
AcDbArc
 50
167.2800579255593
 51
172.5222198189401
  0
ARC
  5
2763
330
1F
100
AcDbEntity
  8
1cv
100
AcDbCircle
 10
16.23267022620196
 20
39.85258312012648
 30
0.0
 40
2.751285444287857
100
AcDbArc
 50
347.2800579255633
 51
354.1867993024279
  0
ARC
  5
2764
330
1F
100
AcDbEntity
  8
1cv
100
AcDbCircle
 10
12.79351322188799
 20
40.20272051031172
 30
0.0
 40
6.20822008242141
100
AcDbArc
 50
354.1867993024278
 51
355.8478577107818
  0
ARC
  5
2765
330
1F
100
AcDbEntity
  8
1cv
100
AcDbCircle
 10
26.90853789030406
 20
39.17803067026965
 30
0.0
 40
7.943949739138795
100
AcDbArc
 50
174.3794492137116
 51
175.8478577108781
  0
ARC
  5
2766
330
1F
100
AcDbEntity
  8
1cv
100
AcDbCircle
 10
25.7349282705135
 20
39.29352911055092
 30
0.0
 40
6.764670540063218
100
AcDbArc
 50
170.1544767888179
 51
174.3794492137116
  0
ARC
  5
2767
330
1F
100
AcDbEntity
  8
1cv
100
AcDbCircle
 10
17.16160053335655
 20
40.7814159116826
 30
0.0
 40
1.93680954218064
100
AcDbArc
 50
350.1544767888177
 51
358.0548835920772
  0
LINE
  5
2768
330
1F
100
AcDbEntity
  8
1cv
100
AcDbLine
 10
19.12320609681774
 20
41.47865316178649
 30
0.0
 11
19.09729408338899
 21
40.71567640267312
 31
0.0
  0
LINE
  5
2769
330
1F
100
AcDbEntity
  8
1cv
100
AcDbLine
 10
19.14911811018828
 20
42.24162992089986
 30
0.0
 11
19.12320609681774
 21
41.47865316178649
 31
0.0
  0
ARC
  5
276A
330
1F
100
AcDbEntity
  8
1cv
100
AcDbCircle
 10
19.74431369630512
 20
42.22141604685361
 30
0.0
 40
0.5955387363026219
100
AcDbArc
 50
169.2932805496073
 51
178.0548835912537
  0
ARC
  5
276B
330
1F
100
AcDbEntity
  8
1cv
100
AcDbCircle
 10
18.68788626192189
 20
42.42115840321739
 30
0.0
 40
0.4796058739909318
100
AcDbArc
 50
349.2932805496021
 51
359.058880131195
  0
LINE
  5
276C
330
1F
100
AcDbEntity
  8
1cv
100
AcDbLine
 10
19.17025516292779
 20
42.5854185372591
 30
0.0
 11
19.16742743813665
 21
42.41328092385083
 31
0.0
  0
LINE
  5
276D
330
1F
100
AcDbEntity
  8
1cv
100
AcDbLine
 10
19.17308288766071
 20
42.75755614973604
 30
0.0
 11
19.17025516292779
 21
42.5854185372591
 31
0.0
  0
ARC
  5
276E
330
1F
100
AcDbEntity
  8
1cv
100
AcDbCircle
 10
22.44209742228464
 20
42.70385566476765
 30
0.0
 40
3.269455576952886
100
AcDbArc
 50
173.8542294009233
 51
179.0588801611729
  0
ARC
  5
276F
330
1F
100
AcDbEntity
  8
1cv
100
AcDbCircle
 10
17.92845565386436
 20
43.18987202191475
 30
0.0
 40
1.270277224990711
100
AcDbArc
 50
353.8542294009245
 51
2.208634507469739
  0
LINE
  5
2770
330
1F
100
AcDbEntity
  8
1cv
100
AcDbLine
 10
19.17926731263287
 20
43.71907847374678
 30
0.0
 11
19.19778921530815
 21
43.23882647138089
 31
0.0
  0
LINE
  5
2771
330
1F
100
AcDbEntity
  8
1cv
100
AcDbLine
 10
18.99623142888306
 20
48.4649920909106
 30
0.0
 11
19.17926731263287
 21
43.71907847374678
 31
0.0
  0
HATCH
  5
5409
330
1F
100
AcDbEntity
  8
0
 62
   251
420
  6513766
100
AcDbHatch
 10
0.0
 20
0.0
 30
0.0
210
0.0
220
0.0
230
1.0
  2
SOLID
 70
     1
 71
     0
 91
        2
 92
        7
 72
     1
 73
     1
 93
       25
 10
18.98543860967093
 20
39.75321346486127
 42
-0.0064072284353421
 10
19.00277999998066
 20
39.95605999976355
 42
-0.0184370085353
 10
19.06988542427428
 20
40.45023623571036
 42
0.0344856888877691
 10
19.09729408340087
 20
40.71567640302315
 42
0.0
 10
19.12320609681774
 20
41.47865316178649
 42
0.0
 10
19.1491181101828
 20
42.24162992073833
 42
-0.0382483405397352
 10
19.15914268466211
 20
42.33205633594227
 42
0.0426362739437488
 10
19.16742743813908
 20
42.41328092399882
 42
0.0
 10
19.17025516292779
 20
42.5854185372591
 42
0.0
 10
19.17308288765885
 20
42.75755614962297
 42
-0.0227134778225035
 10
19.1914322629142
 20
43.05387822307429
 42
0.0364691242166977
 10
19.19778921528356
 20
43.23882647201854
 42
0.0
 10
19.17926731263287
 20
43.71907847374678
 42
0.0
 10
19.02860622523032
 20
47.62555020831574
 42
0.0
 10
15.19071816271768
 20
48.60472191792511
 42
0.0
 10
13.94051673783167
 20
38.57260908959995
 42
0.0
 10
18.91876923077507
 20
37.6021538451314
 42
-0.09684959223326
 10
18.89861492313929
 20
37.65166070843445
 42
-0.0224634217312936
 10
18.86479587864596
 20
37.87757225614041
 42
0.0
 10
18.83582817186834
 20
38.1559721743688
 42
0.0
 10
18.80686046509072
 20
38.43437209259719
 42
-0.0474770566364369
 10
18.80621841477929
 20
38.50737399736702
 42
-0.0111063999396342
 10
18.83987858885667
 20
38.8169628502802
 42
-0.0228772360582541
 10
18.91643353044904
 20
39.24678932457636
 42
0.0301454709865327
 10
18.96980690857162
 20
39.57391776889564
 42
0.0072478614833324
 97
        0
 92
        7
 72
     1
 73
     1
 93
       20
 10
18.94587563866636
 20
37.56406565289154
 42
0.0576359506792055
 10
18.93641888410714
 20
37.57904504514367
 42
-0.0319665876445217
 10
18.91822350257044
 20
37.60226022880699
 42
0.0
 10
13.94051673783167
 20
38.57260908959995
 42
0.0
 10
13.73325274136658
 20
36.90944045421233
 42
0.0
 10
13.28503030263608
 20
35.69242892276017
 42
0.0053425088286348
 10
13.37900217059902
 20
35.49310959027494
 42
0.0224634239647468
 10
13.489573688969
 20
35.28885110174562
 42
0.0
 10
13.84694377874257
 20
34.69412871357054
 42
0.0
 10
14.204313868305
 20
34.09940632667814
 42
0.1414929519310872
 10
14.24472305594859
 20
34.06186727054766
 42
0.0159609566883815
 10
14.67942950938599
 20
33.85957165062426
 42
0.0111164810084804
 10
15.22158860630264
 20
33.64214356548429
 42
-0.0135203390234482
 10
15.66651474888207
 20
33.46122234035282
 42
-0.0135610550569121
 10
16.07230819927587
 20
33.26999922113915
 42
-0.0727468485767894
 10
16.14106878306484
 20
33.22166137583554
 42
-0.0096560871581775
 10
16.17784989791594
 20
33.18547281773145
 42
0.0209364097586511
 10
16.21998892136616
 20
33.1344893714413
 42
0.03282279003223
 10
16.2479663325801
 20
33.10721897829893
 42
0.0
 10
17.11899999994784
 20
35.42100000008941
 42
0.0
 97
        0
 75
     1
 76
     1
 47
0.0274486824932568
 98
        2
 10
16.5161819626897
 20
39.56873158002855
 10
15.71974935015686
 20
36.68661983997254
450
        0
451
        0
460
0.0
461
0.0
452
        0
462
0.0
453
        2
463
0.0
 63
     5
421
      255
463
1.0
 63
     2
421
 16776960
470
LINEAR
1001
GradientColor1ACI
1070
     5
1001
GradientColor2ACI
1070
     2
1001
ACAD
1010
0.0
1020
0.0
1030
0.0
  0
LINE
  5
5415
330
1F
100
AcDbEntity
  8
0
100
AcDbLine
 10
55.81500000000232
 20
32.36400000005961
 30
8.932000000000009
 11
78.16876833859303
 21
27.51678355575817
 31
0.0
  0
LINE
  5
5416
330
1F
100
AcDbEntity
  8
0
100
AcDbLine
 10
78.16876833859303
 20
27.51678355575817
 30
0.0
 11
79.6580894859857
 21
33.91196158316399
 31
0.0
  0
LINE
  5
5417
330
1F
100
AcDbEntity
  8
0
100
AcDbLine
 10
79.6580894859857
 20
33.91196158316399
 30
0.0
 11
57.21349466308606
 21
38.53082572954685
 31
0.0
  0
LINE
  5
5418
330
1F
100
AcDbEntity
  8
0
100
AcDbLine
 10
57.21349466308606
 20
38.53082572954685
 30
0.0
 11
43.95749466309212
 21
41.64882572933078
 31
0.0
  0
LINE
  5
5419
330
1F
100
AcDbEntity
  8
0
100
AcDbLine
 10
43.95749466309212
 20
41.64882572933078
 30
0.0
 11
40.07449466309049
 21
42.56482572906628
 31
0.0
  0
LINE
  5
541A
330
1F
100
AcDbEntity
  8
0
100
AcDbLine
 10
40.07449466309049
 20
42.56482572906628
 30
0.0
 11
36.19149466308886
 21
43.48082572880179
 31
0.0
  0
LINE
  5
541B
330
1F
100
AcDbEntity
  8
0
100
AcDbLine
 10
36.19149466308886
 20
43.48082572880179
 30
0.0
 11
25.70462401419135
 21
46.15124442545274
 31
0.0
  0
LINE
  5
541C
330
1F
100
AcDbEntity
  8
0
100
AcDbLine
 10
25.70462401419135
 20
46.15124442545274
 30
0.0
 11
15.21775336529383
 21
48.82166312210369
 31
0.0
  0
LINE
  5
541D
330
1F
100
AcDbEntity
  8
0
100
AcDbLine
 10
15.21775336529383
 20
48.82166312210369
 30
0.0
 11
15.15175336530221
 21
48.61466312170136
 31
72.406
  0
LINE
  5
541E
330
1F
100
AcDbEntity
  8
0
100
AcDbLine
 10
15.15175336530221
 20
48.61466312170136
 30
72.406
 11
33.86960497338331
 21
43.76152481655952
 31
0.0
  0
LINE
  5
541F
330
1F
100
AcDbEntity
  8
0
100
AcDbLine
 10
33.86960497338331
 20
43.76152481655952
 30
0.0
 11
34.02431959999749
 21
38.35987840698002
 31
0.0
  0
LINE
  5
5420
330
1F
100
AcDbEntity
  8
0
100
AcDbLine
 10
34.02431959999749
 20
38.35987840698002
 30
0.0
 11
34.7390000000014
 21
37.31300000008196
 31
8.932000000000009
  0
LINE
  5
5421
330
1F
100
AcDbEntity
  8
0
100
AcDbLine
 10
34.7390000000014
 20
37.31300000008196
 30
8.932000000000009
 11
42.55899999995017
 21
35.44699999969453
 31
8.932000000000009
  0
LINE
  5
5422
330
1F
100
AcDbEntity
  8
0
100
AcDbLine
 10
42.55899999995017
 20
35.44699999969453
 30
8.932000000000009
 11
49.18699999997625
 21
33.90549999987707
 31
8.932000000000009
  0
LINE
  5
5423
330
1F
100
AcDbEntity
  8
0
100
AcDbLine
 10
49.18699999997625
 20
33.90549999987707
 30
8.932000000000009
 11
55.81500000000232
 21
32.36400000005961
 31
8.932000000000009
  0
ENDSEC
  0
SECTION
  2
OBJECTS
  0
DICTIONARY
  5
C
330
0
100
AcDbDictionary
281
     1
  3
ACAD_BACKGROUND
350
2779
  3
ACAD_CIP_PREVIOUS_PRODUCT_INFO
350
216
  3
ACAD_COLOR
350
6B
  3
ACAD_DETAILVIEWSTYLE
350
21B
  3
ACAD_GROUP
350
D
  3
ACAD_LAST_SAVED_VERSION_INFO
350
103B
  3
ACAD_LAYOUT
350
1A
  3
ACAD_MATERIAL
350
6A
  3
ACAD_MLEADERSTYLE
350
12D
  3
ACAD_MLINESTYLE
350
17
  3
ACAD_PLOTSETTINGS
350
19
  3
ACAD_PLOTSTYLENAME
350
E
  3
ACAD_SCALELIST
350
10C
  3
ACAD_SECTIONVIEWSTYLE
350
219
  3
ACAD_TABLESTYLE
350
7E
  3
ACAD_VISUALSTYLE
350
EF
  3
ACDB_RECOMPOSE_DATA
350
542F
  3
ACDBVARIABLEDICTIONARY
350
112B
  3
AcDsDecomposeData
350
5435
  3
AEC_PROPERTY_SET_DEFS
350
114D
  3
ASE_INDEX_DICTIONARY
350
11CA
  0
DICTIONARY
  5
1FF
330
2
100
AcDbDictionary
280
     1
281
     1
  3
ACAD_LAYERSTATES
360
200
  0
DICTIONARY
  5
13C
330
10
100
AcDbDictionary
280
     1
281
     1
  0
DICTIONARY
  5
1CE
330
1F
100
AcDbDictionary
280
     1
281
     1
  3
ACAD_SORTENTS
360
11CD
  0
DICTIONARY
  5
1110
330
326
100
AcDbDictionary
280
     1
281
     1
  3
ACAD_SORTENTS
360
111B
  0
DICTIONARY
  5
5410
330
1146
100
AcDbDictionary
280
     1
281
     1
  3
ACAD_SORTENTS
360
5411
  0
DICTIONARY
  5
2779
102
{ACAD_REACTORS
330
C
102
}
330
C
100
AcDbDictionary
281
     1
  0
XRECORD
  5
216
102
{ACAD_REACTORS
330
C
102
}
330
C
100
AcDbXrecord
280
     1
300
ACD
300
2026
300

  0
DICTIONARY
  5
6B
102
{ACAD_REACTORS
330
C
102
}
330
C
100
AcDbDictionary
281
     1
  0
DICTIONARY
  5
21B
102
{ACAD_REACTORS
330
C
102
}
330
C
100
AcDbDictionary
281
     1
  3
Metric50
350
21C
  0
DICTIONARY
  5
D
102
{ACAD_REACTORS
330
C
102
}
330
C
100
AcDbDictionary
281
     1
  0
XRECORD
  5
103B
102
{ACAD_REACTORS
330
C
102
}
330
C
100
AcDbXrecord
280
     1
300
{E95BC91B-59F4-3744-A8B9-A57F433C0E19}
301
{691D7B16-AA8E-1344-B2A3-3DC6440A2F8B}
302
{E95BC91B-59F4-3744-A8B9-A57F433C0E19}
303
C:\Users\a.taberna\Desktop\test larrra 01.dxf
  0
DICTIONARY
  5
1A
102
{ACAD_REACTORS
330
C
102
}
330
C
100
AcDbDictionary
281
     1
  3
Layout1
350
D3
  3
Layout2
350
D7
  3
Model
350
22
  0
DICTIONARY
  5
6A
102
{ACAD_REACTORS
330
C
102
}
330
C
100
AcDbDictionary
281
     1
  3
ByBlock
350
ED
  3
ByLayer
350
EC
  3
Global
350
EE
  0
DICTIONARY
  5
12D
102
{ACAD_REACTORS
330
C
102
}
330
C
100
AcDbDictionary
281
     1
  3
Annotative
350
13B
  3
Standard
350
12E
  0
DICTIONARY
  5
17
102
{ACAD_REACTORS
330
C
102
}
330
C
100
AcDbDictionary
281
     1
  3
Standard
350
18
  0
DICTIONARY
  5
19
102
{ACAD_REACTORS
330
C
102
}
330
C
100
AcDbDictionary
281
     1
  0
ACDBDICTIONARYWDFLT
  5
E
102
{ACAD_REACTORS
330
C
102
}
330
C
100
AcDbDictionary
281
     1
  3
Normal
350
F
100
AcDbDictionaryWithDefault
340
F
  0
DICTIONARY
  5
10C
102
{ACAD_REACTORS
330
C
102
}
330
C
100
AcDbDictionary
281
     1
  3
A0
350
10D
  3
A1
350
1BE
  3
A2
350
1BF
  3
A3
350
1C0
  3
A4
350
1C1
  3
A5
350
1C2
  3
A6
350
1C3
  3
A7
350
1C4
  3
A8
350
1C5
  3
A9
350
1C6
  3
B0
350
1C7
  3
B1
350
1C8
  3
B2
350
1C9
  3
B3
350
1CA
  3
B4
350
1CB
  3
B5
350
1CC
  3
B6
350
1CD
  0
DICTIONARY
  5
219
102
{ACAD_REACTORS
330
C
102
}
330
C
100
AcDbDictionary
281
     1
  3
Metric50
350
21A
  0
DICTIONARY
  5
7E
102
{ACAD_REACTORS
330
C
102
}
330
C
100
AcDbDictionary
281
     1
  3
Standard
350
7F
  0
DICTIONARY
  5
EF
102
{ACAD_REACTORS
330
C
102
}
330
C
100
AcDbDictionary
281
     1
  3
2dWireframe
350
F5
  3
Basic
350
F4
  3
Brighten
350
FB
  3
ColorChange
350
FF
  3
Conceptual
350
F8
  3
Dim
350
FA
  3
EdgeColorOff
350
1E6
  3
Facepattern
350
FE
  3
Flat
350
F0
  3
FlatWithEdges
350
F1
  3
Gouraud
350
F2
  3
GouraudWithEdges
350
F3
  3
Hidden
350
F7
  3
JitterOff
350
1E4
  3
Linepattern
350
FD
  3
OverhangOff
350
1E5
  3
Realistic
350
F9
  3
Shaded
350
1F3
  3
Shaded with edges
350
1F2
  3
Shades of Gray
350
1EF
  3
Sketchy
350
1F0
  3
Thicken
350
FC
  3
Wireframe
350
F6
  3
X-Ray
350
1F1
  0
XRECORD
  5
542F
102
{ACAD_REACTORS
330
C
102
}
330
C
100
AcDbXrecord
280
     1
 90
        1
330
7F
  0
DICTIONARY
  5
112B
102
{ACAD_REACTORS
330
C
102
}
330
C
100
AcDbDictionary
281
     2
  3
#REVCLOUDAPPROXARCLEN
350
112C
  3
ANNOALLVISIBLE
350
112D
  3
CANNOSCALE
350
112E
  3
CMLEADERSTYLE
350
112F
  3
CTABLESTYLE
350
1130
  3
CVIEWDETAILSTYLE
350
1131
  3
CVIEWSECTIONSTYLE
350
1132
  3
DGNFRAME
350
1133
  3
DIMADEC
350
1134
  3
DIMASSOC
350
1135
  3
DRAWORDERCTL
350
1136
  3
FIELDEVAL
350
1137
  3
HIDETEXT
350
1138
  3
HPCOLOR
350
1139
  3
HPINHERIT
350
113A
  3
HPTRANSPARENCY
350
113B
  3
INDEXCTL
350
113C
  3
LAYEREVAL
350
113D
  3
LAYERNOTIFY
350
113E
  3
LIGHTINGUNITS
350
113F
  3
MLEADERSCALE
350
1140
  3
MSLTSCALE
350
1141
  3
OLEFRAME
350
1142
  3
PDFFRAME
350
1143
  3
SOLIDHIST
350
1144
  3
SORTENTS
350
1145
  0
DICTIONARY
  5
5435
102
{ACAD_REACTORS
330
C
102
}
330
C
100
AcDbDictionary
281
     1
  3
AcDsRecords
350
5437
  3
AcDsSchemas
350
5436
1001
ACAD
1070
     2
  0
DICTIONARY
  5
114D
102
{ACAD_REACTORS
330
C
102
}
330
C
100
AcDbDictionary
281
     1
  0
DICTIONARY
  5
11CA
102
{ACAD_REACTORS
330
C
102
}
330
C
100
AcDbDictionary
281
     1
  3
ASEBlockHierarchyIndexRecord
350
11CC
1001
DCO15
1040
-2101571838.0
  0
DICTIONARY
  5
200
102
{ACAD_REACTORS
330
1FF
102
}
330
1FF
100
AcDbDictionary
281
     1
  0
SORTENTSTABLE
  5
11CD
102
{ACAD_REACTORS
330
1CE
102
}
330
1CE
100
AcDbSortentsTable
330
1F
331
9CB
  5
9E4
331
9E4
  5
9F7
331
9F1
  5
E0A
331
9F7
  5
F43
331
A09
  5
F44
331
A0F
  5
F45
331
A13
  5
F46
331
A1D
  5
F47
331
A23
  5
F48
331
A31
  5
F49
331
A32
  5
F4A
331
A33
  5
F4B
331
A37
  5
F4C
331
A3B
  5
F4D
331
A3F
  5
F4E
331
A43
  5
F4F
331
A4A
  5
F50
331
A4E
  5
F51
331
A91
  5
F52
331
B3A
  5
FE0
331
B77
  5
FE2
331
C92
  5
1B10
331
CD9
  5
1B11
331
D5F
  5
1B5E
331
DD9
  5
1B94
331
E0A
  5
1CBF
331
E23
  5
1CC0
331
E29
  5
1D39
331
E42
  5
1D3A
331
E4E
  5
1D3C
331
E6D
  5
1D3D
331
E78
  5
1D3E
331
E7E
  5
1D3F
331
ED9
  5
1D40
331
F24
  5
1D41
331
F80
  5
1D42
331
F81
  5
1D43
331
F82
  5
1D44
331
F83
  5
203C
331
F84
  5
203D
331
F85
  5
2040
331
F86
  5
2042
331
F87
  5
2043
331
F88
  5
2044
331
F89
  5
2045
331
F8A
  5
213B
331
F8B
  5
213C
331
F8C
  5
213D
331
F8D
  5
2188
331
F8E
  5
2189
331
F8F
  5
218A
331
F91
  5
218D
331
F94
  5
218E
331
F95
  5
2206
331
F96
  5
2209
331
F98
  5
2235
331
F99
  5
2236
331
F9A
  5
2237
331
F9B
  5
26CC
331
F9C
  5
26D1
331
F9D
  5
26D2
331
F9E
  5
26D3
331
F9F
  5
26D4
331
FA0
  5
26D5
331
FA2
  5
26D6
331
FA3
  5
26D7
331
FA4
  5
26D8
331
FA6
  5
26D9
331
FA7
  5
26DA
331
FA8
  5
26DB
331
FA9
  5
26DC
331
FAA
  5
26DD
331
FAC
  5
26DE
331
FAE
  5
26DF
331
FB0
  5
26E0
331
FB1
  5
26E1
331
FB2
  5
26E2
331
FB6
  5
26E3
331
FB7
  5
26E4
331
FB8
  5
26E5
331
FB9
  5
26E6
331
FBB
  5
26E7
331
FBC
  5
26E8
331
FBD
  5
26E9
331
FBE
  5
26EA
331
FBF
  5
26EB
331
FC0
  5
26EC
331
FC1
  5
26ED
331
FC2
  5
26EE
331
FC3
  5
26EF
331
FC4
  5
26F0
331
FC5
  5
26F1
331
FC6
  5
26F2
331
FC7
  5
26F3
331
FC8
  5
26F4
331
FC9
  5
26F5
331
FCA
  5
26F6
331
FD0
  5
26F7
331
FD1
  5
26F8
331
FD2
  5
26F9
331
FD4
  5
26FA
331
FD5
  5
26FB
331
FD6
  5
26FC
331
FD7
  5
26FD
331
FD8
  5
26FE
331
FD9
  5
26FF
331
FDA
  5
2700
331
FDB
  5
2701
331
FDC
  5
2702
331
FDE
  5
2703
331
FDF
  5
2704
331
FE0
  5
2705
331
FE2
  5
2706
331
FE3
  5
2707
331
FE4
  5
2708
331
FE5
  5
2709
331
FE6
  5
270A
331
FE8
  5
270B
331
FEA
  5
270C
331
FED
  5
270D
331
FEE
  5
270E
331
FF2
  5
270F
331
FF3
  5
2710
331
FF4
  5
2711
331
FF5
  5
2712
331
FF7
  5
2713
331
1012
  5
2714
331
1014
  5
2715
331
1015
  5
2716
331
1016
  5
2717
331
1017
  5
2718
331
1018
  5
2719
331
1019
  5
271A
331
101A
  5
271B
331
101B
  5
271C
331
101C
  5
271D
331
101D
  5
271E
331
101E
  5
271F
331
101F
  5
2720
331
1020
  5
2721
331
1021
  5
2722
331
1022
  5
2723
331
1023
  5
2724
331
1024
  5
2725
331
1025
  5
2726
331
1026
  5
2727
331
1027
  5
2728
331
1028
  5
2729
331
1029
  5
272A
331
102A
  5
272B
331
102B
  5
272C
331
102C
  5
272D
331
102D
  5
272E
331
102E
  5
272F
331
102F
  5
2730
331
1030
  5
2731
331
114E
  5
9CB
331
11F8
  5
2732
331
11FE
  5
2733
331
19C1
  5
2734
331
19C2
  5
2735
331
19C3
  5
2736
331
19C4
  5
2737
331
19C5
  5
2738
331
19C6
  5
2739
331
19CE
  5
273A
331
19F9
  5
1B5F
331
19FA
  5
1B60
331
19FB
  5
1B61
331
19FC
  5
1B62
331
19FD
  5
1B63
331
19FE
  5
1B64
331
19FF
  5
1B65
331
1A00
  5
1B66
331
1A01
  5
1B67
331
1A02
  5
1B68
331
1A03
  5
1B69
331
1A04
  5
1B6A
331
1A05
  5
1B6B
331
1A06
  5
1B6C
331
1A07
  5
1B6D
331
1A08
  5
1B6E
331
1A09
  5
1B6F
331
1A0A
  5
1B70
331
1A0B
  5
1B71
331
1A0C
  5
1B72
331
1A0D
  5
1B73
331
1A0E
  5
1B74
331
1A0F
  5
1B75
331
1A10
  5
1B76
331
1A11
  5
1B77
331
1A12
  5
1B78
331
1A13
  5
1B79
331
1A14
  5
1B7A
331
1A15
  5
1B7B
331
1A16
  5
1B7C
331
1A17
  5
1B7D
331
1A18
  5
1B7E
331
1A19
  5
1B7F
331
1A1A
  5
1B80
331
1A1B
  5
1B81
331
1A1C
  5
1B82
331
1A1D
  5
1B83
331
1A1E
  5
1B84
331
1A1F
  5
1B85
331
1A20
  5
1B86
331
1A21
  5
1B87
331
1A22
  5
1B88
331
1A23
  5
1B89
331
1A24
  5
1B8A
331
1A25
  5
1B8B
331
1A26
  5
1B8C
331
1A27
  5
1B8D
331
1A28
  5
1B8E
331
1A29
  5
1B8F
331
1A2A
  5
1B90
331
1A2B
  5
1B91
331
1A2C
  5
1B92
331
1A2D
  5
1B93
331
1A2F
  5
1B12
331
1A30
  5
1B13
331
1A31
  5
1B14
331
1A32
  5
1B15
331
1A33
  5
1B16
331
1A34
  5
1B17
331
1A35
  5
1B18
331
1A36
  5
1B19
331
1A37
  5
1B1A
331
1A38
  5
1B1B
331
1A39
  5
1B1C
331
1A3A
  5
1B1D
331
1A3B
  5
1B1E
331
1A3C
  5
1B1F
331
1A3D
  5
1B20
331
1A3E
  5
1B21
331
1A3F
  5
1B22
331
1A40
  5
1B23
331
1A41
  5
1B24
331
1A42
  5
1B25
331
1A43
  5
1B26
331
1A44
  5
1B27
331
1A45
  5
1B28
331
1A46
  5
1B29
331
1A47
  5
1B2A
331
1A48
  5
1B2B
331
1A49
  5
1B2C
331
1A4A
  5
1B2D
331
1A4B
  5
1B2E
331
1A4C
  5
1B2F
331
1A4D
  5
1B30
331
1A4E
  5
1B31
331
1A4F
  5
1B32
331
1A50
  5
1B33
331
1A51
  5
1B34
331
1A52
  5
1B35
331
1A53
  5
1B36
331
1A54
  5
1B37
331
1A55
  5
1B38
331
1A56
  5
1B39
331
1A57
  5
1B3A
331
1A58
  5
1B3B
331
1A59
  5
1B3C
331
1A5A
  5
1B3D
331
1A5B
  5
1B3E
331
1A5C
  5
1B3F
331
1A5D
  5
1B40
331
1A5E
  5
1B41
331
1A5F
  5
1B42
331
1A60
  5
1B43
331
1A61
  5
1B44
331
1A62
  5
1B45
331
1A63
  5
1B46
331
1A64
  5
1B47
331
1A65
  5
1B48
331
1A66
  5
1B5D
331
1A67
  5
1A16
331
1A68
  5
1A17
331
1A69
  5
1A18
331
1A6A
  5
1A19
331
1A6B
  5
1A1A
331
1A6C
  5
1A1B
331
1A6D
  5
1A1C
331
1A6E
  5
1A1D
331
1A6F
  5
1A1E
331
1A70
  5
1A1F
331
1A71
  5
1A20
331
1A72
  5
1A21
331
1A73
  5
1A22
331
1A74
  5
1A23
331
1A75
  5
1A24
331
1A76
  5
1A25
331
1A77
  5
1A26
331
1A78
  5
1A27
331
1A79
  5
1A28
331
1A7A
  5
1A29
331
1A7B
  5
1A2A
331
1A7C
  5
1A2B
331
1A7D
  5
1A2C
331
1A7E
  5
1A2D
331
1A7F
  5
1A2E
331
1A80
  5
1A2F
331
1A81
  5
1A30
331
1A82
  5
1A31
331
1A83
  5
1A32
331
1A84
  5
1A33
331
1A85
  5
1A34
331
1A86
  5
1A35
331
1A87
  5
1A36
331
1A88
  5
1A37
331
1A89
  5
1A38
331
1A8A
  5
1A39
331
1A8B
  5
1A3A
331
1A8C
  5
1A3B
331
1A8D
  5
1A3C
331
1A8E
  5
1A3D
331
1A8F
  5
1A3E
331
1A90
  5
1A3F
331
1A91
  5
1A40
331
1A92
  5
1A41
331
1A93
  5
1A42
331
1A94
  5
1A43
331
1A95
  5
1A44
331
1A96
  5
1A45
331
1A97
  5
1A46
331
1A98
  5
1A47
331
1A99
  5
1A48
331
1A9A
  5
1A49
331
1A9B
  5
1A4A
331
1A9C
  5
1A4B
331
1A9D
  5
1A4C
331
1A9E
  5
1A4D
331
1A9F
  5
1A4E
331
1AA0
  5
1A4F
331
1AA1
  5
1A50
331
1AA2
  5
1A51
331
1AA3
  5
1A52
331
1AA4
  5
1A53
331
1AA5
  5
1A54
331
1AA6
  5
1A55
331
1AA7
  5
1A56
331
1AA8
  5
1A57
331
1AA9
  5
1A58
331
1AAA
  5
1A59
331
1AAB
  5
1A5A
331
1AAC
  5
1A5B
331
1AAD
  5
1A5C
331
1AAE
  5
1A5D
331
1AAF
  5
1A5E
331
1AB0
  5
1A5F
331
1AB1
  5
1A98
331
1AB2
  5
1A99
331
1AB3
  5
1A9A
331
1AB4
  5
1A9B
331
1AB5
  5
1A9C
331
1AB6
  5
1A9D
331
1AB7
  5
FE3
331
1AB8
  5
FE4
331
1AB9
  5
FE5
331
1ABA
  5
FE6
331
1ABB
  5
FE8
331
1ABC
  5
FEA
331
1ABD
  5
FED
331
1ABE
  5
FEE
331
1ABF
  5
FF2
331
1AC0
  5
FF3
331
1AC1
  5
FF4
331
1AC2
  5
FF5
331
1AC3
  5
FF7
331
1AC4
  5
1012
331
1AC5
  5
1014
331
1AC6
  5
1015
331
1AC7
  5
1016
331
1AC8
  5
1017
331
1AC9
  5
1018
331
1ACA
  5
1019
331
1ACB
  5
101A
331
1ACC
  5
101B
331
1ACD
  5
101C
331
1ACE
  5
101D
331
1ACF
  5
101E
331
1AD0
  5
101F
331
1AD1
  5
1020
331
1AD2
  5
1021
331
1AD3
  5
1022
331
1AD4
  5
1023
331
1AD5
  5
1024
331
1AD6
  5
1025
331
1AD7
  5
1026
331
1AD8
  5
1027
331
1AD9
  5
1028
331
1ADA
  5
1029
331
1ADB
  5
102A
331
1ADC
  5
102B
331
1ADD
  5
102C
331
1ADE
  5
102D
331
1ADF
  5
102E
331
1AE0
  5
102F
331
1AE1
  5
1030
331
1AE2
  5
114E
331
1AE3
  5
11F8
331
1AE4
  5
11FE
331
1AE5
  5
19C1
331
1AE6
  5
19C2
331
1AE7
  5
19C3
331
1AE8
  5
19C4
331
1AE9
  5
19C5
331
1AEA
  5
19C6
331
1AEB
  5
19CE
331
1AEC
  5
19F9
331
1AED
  5
19FA
331
1AEE
  5
19FB
331
1AEF
  5
19FC
331
1AF0
  5
19FD
331
1AF1
  5
19FE
331
1AF2
  5
19FF
331
1AF3
  5
1A00
331
1AF4
  5
1A01
331
1AF5
  5
1A02
331
1AF6
  5
1A03
331
1AF7
  5
1A04
331
1AF8
  5
1A05
331
1AF9
  5
1A06
331
1AFA
  5
1A07
331
1AFB
  5
1A08
331
1AFC
  5
1A09
331
1AFD
  5
1A0A
331
1AFE
  5
1A0B
331
1AFF
  5
1A0C
331
1B00
  5
1A0D
331
1B01
  5
1A0E
331
1B02
  5
1A0F
331
1B03
  5
1A10
331
1B04
  5
1A11
331
1B05
  5
1A12
331
1B06
  5
1A13
331
1B07
  5
1A14
331
1B08
  5
1A15
331
1B09
  5
F8C
331
1B0A
  5
F8D
331
1B0B
  5
F8E
331
1B0C
  5
F8F
331
1B0D
  5
F91
331
1B0E
  5
F94
331
1B0F
  5
F95
331
1B10
  5
F96
331
1B11
  5
F98
331
1B12
  5
F99
331
1B13
  5
F9A
331
1B14
  5
F9B
331
1B15
  5
F9C
331
1B16
  5
F9D
331
1B17
  5
F9E
331
1B18
  5
F9F
331
1B19
  5
FA0
331
1B1A
  5
FA2
331
1B1B
  5
FA3
331
1B1C
  5
FA4
331
1B1D
  5
FA6
331
1B1E
  5
FA7
331
1B1F
  5
FA8
331
1B20
  5
FA9
331
1B21
  5
FAA
331
1B22
  5
FAC
331
1B23
  5
FAE
331
1B24
  5
FB0
331
1B25
  5
FB1
331
1B26
  5
FB2
331
1B27
  5
FB6
331
1B28
  5
FB7
331
1B29
  5
FB8
331
1B2A
  5
FB9
331
1B2B
  5
FBB
331
1B2C
  5
FBC
331
1B2D
  5
FBD
331
1B2E
  5
FBE
331
1B2F
  5
FBF
331
1B30
  5
FC0
331
1B31
  5
FC1
331
1B32
  5
FC2
331
1B33
  5
FC3
331
1B34
  5
FC4
331
1B35
  5
FC5
331
1B36
  5
FC6
331
1B37
  5
FC7
331
1B38
  5
FC8
331
1B39
  5
FC9
331
1B3A
  5
FCA
331
1B3B
  5
FD0
331
1B3C
  5
FD1
331
1B3D
  5
FD2
331
1B3E
  5
FD4
331
1B3F
  5
FD5
331
1B40
  5
FD6
331
1B41
  5
FD7
331
1B42
  5
FD8
331
1B43
  5
FD9
331
1B44
  5
FDA
331
1B45
  5
FDB
331
1B46
  5
FDC
331
1B47
  5
FDE
331
1B48
  5
FDF
331
1B5D
  5
F53
331
1B5E
  5
F54
331
1B5F
  5
F55
331
1B60
  5
F56
331
1B61
  5
F57
331
1B62
  5
F58
331
1B63
  5
F59
331
1B64
  5
F5A
331
1B65
  5
F5B
331
1B66
  5
F5C
331
1B67
  5
F5D
331
1B68
  5
F5E
331
1B69
  5
F5F
331
1B6A
  5
F60
331
1B6B
  5
F61
331
1B6C
  5
F62
331
1B6D
  5
F63
331
1B6E
  5
F64
331
1B6F
  5
F65
331
1B70
  5
F66
331
1B71
  5
F67
331
1B72
  5
F68
331
1B73
  5
F69
331
1B74
  5
F6A
331
1B75
  5
F6B
331
1B76
  5
F6D
331
1B77
  5
F6E
331
1B78
  5
F6F
331
1B79
  5
F70
331
1B7A
  5
F71
331
1B7B
  5
F72
331
1B7C
  5
F73
331
1B7D
  5
F74
331
1B7E
  5
F75
331
1B7F
  5
F76
331
1B80
  5
F77
331
1B81
  5
F78
331
1B82
  5
F79
331
1B83
  5
F7A
331
1B84
  5
F7B
331
1B85
  5
F7C
331
1B86
  5
F7D
331
1B87
  5
F7E
331
1B88
  5
F7F
331
1B89
  5
F80
331
1B8A
  5
F81
331
1B8B
  5
F82
331
1B8C
  5
F83
331
1B8D
  5
F84
331
1B8E
  5
F85
331
1B8F
  5
F86
331
1B90
  5
F87
331
1B91
  5
F88
331
1B92
  5
F89
331
1B93
  5
F8A
331
1B94
  5
F8B
331
1CBF
  5
273B
331
1CC0
  5
273C
331
1D39
  5
273D
331
203B
  5
E78
331
215C
  5
E7E
331
2188
  5
273E
331
2189
  5
2740
331
2205
  5
CD9
331
2234
  5
ED9
331
2258
  5
F41
331
2708
  5
1A9E
331
2709
  5
1A9F
331
270A
  5
1AA0
331
270B
  5
1AA1
331
270C
  5
1AA2
331
270D
  5
1AA3
331
270E
  5
1AA4
331
270F
  5
1AA5
331
2710
  5
1AA6
331
2711
  5
1AA7
331
2712
  5
1AA8
331
2713
  5
1AA9
331
2714
  5
1AAA
331
2715
  5
1AAB
331
2716
  5
1AAC
331
2717
  5
1AAD
331
2718
  5
1AAE
331
2719
  5
1AAF
331
271A
  5
1AB0
331
271B
  5
1AB1
331
271C
  5
1AB2
331
271D
  5
1AB3
331
271E
  5
1AB4
331
271F
  5
1AB5
331
2720
  5
1AB6
331
2721
  5
1AB7
331
2722
  5
1AB8
331
2723
  5
1AB9
331
2724
  5
1ABA
331
2725
  5
1ABB
331
2726
  5
1ABC
331
2727
  5
1ABD
331
2728
  5
1ABE
331
2729
  5
1ABF
331
272A
  5
1AFF
331
272B
  5
1B00
331
272C
  5
1B01
331
272D
  5
1B02
331
272E
  5
1B03
331
272F
  5
1B04
331
2730
  5
1B05
331
2731
  5
1B06
331
2732
  5
1B07
331
2733
  5
1B08
331
2734
  5
1B09
331
2735
  5
1B0A
331
2736
  5
1B0B
331
2737
  5
1B0C
331
2738
  5
1B0D
331
2739
  5
1B0E
331
273A
  5
1B0F
331
273B
  5
2741
331
273C
  5
2742
331
273D
  5
2743
331
273E
  5
2744
331
273F
  5
2745
331
2740
  5
2746
331
2741
  5
2747
331
2742
  5
2748
331
2743
  5
2749
331
2744
  5
274A
331
2745
  5
274B
331
2746
  5
274C
331
2747
  5
274D
331
2748
  5
274E
331
2749
  5
274F
331
274A
  5
2750
331
274B
  5
2751
331
274C
  5
2752
331
274D
  5
2753
331
274E
  5
2754
331
274F
  5
2755
331
2750
  5
2756
331
2751
  5
2757
331
2752
  5
2758
331
2753
  5
2759
331
2754
  5
275A
331
2755
  5
275B
331
2756
  5
275C
331
2757
  5
275D
331
2758
  5
275E
331
2759
  5
275F
331
275A
  5
2760
331
275B
  5
2761
331
275C
  5
2762
331
275D
  5
2763
331
275E
  5
2764
331
275F
  5
2765
331
2760
  5
2766
331
2761
  5
2767
331
2762
  5
2768
331
2763
  5
2769
331
2764
  5
276A
331
2765
  5
276B
331
2766
  5
276C
331
2767
  5
276D
331
2768
  5
276E
331
2769
  5
276F
331
276A
  5
2770
331
276B
  5
2771
331
276C
  5
2775
331
276D
  5
53D7
331
276E
  5
53D8
331
276F
  5
53D9
331
2770
  5
53DA
331
2771
  5
5415
331
5409
  5
F42
331
5415
  5
5416
331
5416
  5
5417
331
5417
  5
5418
331
5418
  5
5419
331
5419
  5
541A
331
541A
  5
541B
331
541B
  5
541C
331
541C
  5
541D
331
541D
  5
541E
331
541E
  5
541F
331
541F
  5
5420
331
5420
  5
5421
331
5421
  5
5422
331
5422
  5
5423
331
5423
  5
5424
  0
SORTENTSTABLE
  5
111B
102
{ACAD_REACTORS
330
1110
102
}
330
1110
100
AcDbSortentsTable
330
326
331
110A
  5
110C
331
110B
  5
110D
331
110C
  5
110E
331
110D
  5
1113
331
110E
  5
1116
331
1120
  5
110B
  0
SORTENTSTABLE
  5
5411
102
{ACAD_REACTORS
330
5410
102
}
330
5410
100
AcDbSortentsTable
330
1146
331
540D
  5
540E
331
540E
  5
540D
  0
ACDBDETAILVIEWSTYLE
  5
21C
102
{ACAD_XDICTIONARY
360
543A
102
}
102
{ACAD_REACTORS
330
21B
102
}
330
21B
100
AcDbModelDocViewStyle
 70
     0
  3
Metric50
290
     0
100
AcDbDetailViewStyle
 70
     0
 71
     0
 90
        3
 71
     1
340
11
 62
   256
 40
5.0
340
0
 62
   256
 40
5.0
300

 40
0.0
280
     1
 71
     2
340
16
 90
       25
 62
   256
 71
     3
340
11
 62
   256
 40
5.0
 90
        0
 40
15.0
 90
        1
300
%<\AcVar ViewDetailId>% (%<\AcVar ViewScale \f "%sn">%)
 71
     4
340
16
 90
       25
 62
   256
340
16
 90
       25
 62
   256
280
     0
  0
LAYOUT
  5
D3
102
{ACAD_REACTORS
330
1A
102
}
330
1A
100
AcDbPlotSettings
  1

  2
C:\Documents and Settings\basas\Application Data\Autodesk\AutoCAD 2005\R16.1\enu\plotters\Default Windows System Printer.pc3
  4

  6

 40
0.0
 41
0.0
 42
0.0
 43
0.0
 44
0.0
 45
0.0
 46
0.0
 47
0.0
 48
0.0
 49
0.0
140
0.0
141
0.0
142
1.0
143
1.0
 70
   688
 72
     0
 73
     0
 74
     5
  7

 75
    16
147
1.0
 76
     0
 77
     2
 78
   300
148
0.0
149
0.0
100
AcDbLayout
  1
Layout1
 70
     1
 71
     1
 10
0.0
 20
0.0
 11
12.0
 21
9.0
 12
0.0
 22
0.0
 32
0.0
 14
0.0
 24
0.0
 34
0.0
 15
0.0
 25
0.0
 35
0.0
146
0.0
 13
0.0
 23
0.0
 33
0.0
 16
1.0
 26
0.0
 36
0.0
 17
0.0
 27
1.0
 37
0.0
 76
     0
330
D2
  0
LAYOUT
  5
D7
102
{ACAD_REACTORS
330
1A
102
}
330
1A
100
AcDbPlotSettings
  1

  2
C:\Documents and Settings\basas\Application Data\Autodesk\AutoCAD 2005\R16.1\enu\plotters\Default Windows System Printer.pc3
  4

  6

 40
0.0
 41
0.0
 42
0.0
 43
0.0
 44
0.0
 45
0.0
 46
0.0
 47
0.0
 48
0.0
 49
0.0
140
0.0
141
0.0
142
1.0
143
1.0
 70
   688
 72
     0
 73
     0
 74
     5
  7

 75
    16
147
1.0
 76
     0
 77
     2
 78
   300
148
0.0
149
0.0
100
AcDbLayout
  1
Layout2
 70
     1
 71
     2
 10
0.0
 20
0.0
 11
12.0
 21
9.0
 12
0.0
 22
0.0
 32
0.0
 14
0.0
 24
0.0
 34
0.0
 15
0.0
 25
0.0
 35
0.0
146
0.0
 13
0.0
 23
0.0
 33
0.0
 16
1.0
 26
0.0
 36
0.0
 17
0.0
 27
1.0
 37
0.0
 76
     0
330
D6
  0
LAYOUT
  5
22
102
{ACAD_XDICTIONARY
360
205
102
}
102
{ACAD_REACTORS
330
1A
102
}
330
1A
100
AcDbPlotSettings
  1

  2
none_device
  4
ISO_A4_(210.00_x_297.00_MM)
  6

 40
7.5
 41
20.0
 42
7.5
 43
20.0
 44
210.0
 45
297.0
 46
11.54999923706054
 47
-13.65000009536743
 48
0.0
 49
0.0
140
0.0
141
0.0
142
1.0
143
8.704084754739808
 70
 11952
 72
     1
 73
     0
 74
     0
  7

 75
     0
147
0.1148885871608098
 76
     0
 77
     2
 78
   300
148
0.0
149
0.0
100
AcDbLayout
  1
Model
 70
     1
 71
     0
 10
0.0
 20
0.0
 11
12.0
 21
9.0
 12
0.0
 22
0.0
 32
0.0
 14
0.0
 24
0.0
 34
0.0
 15
0.0
 25
0.0
 35
0.0
146
0.0
 13
0.0
 23
0.0
 33
0.0
 16
1.0
 26
0.0
 36
0.0
 17
0.0
 27
1.0
 37
0.0
 76
     0
330
1F
331
EA
1001
ACAD_PSEXT
1000
None
1000
None
1000
Not applicable
1000
The layout will not be plotted unless a new plotter configuration name is selected.
1070
     0
  0
MATERIAL
  5
ED
102
{ACAD_XDICTIONARY
360
1F9
102
}
102
{ACAD_REACTORS
330
6A
102
}
330
6A
100
AcDbMaterial
  1
ByBlock
 94
       63
  0
MATERIAL
  5
EC
102
{ACAD_XDICTIONARY
360
1F7
102
}
102
{ACAD_REACTORS
330
6A
102
}
330
6A
100
AcDbMaterial
  1
ByLayer
 94
       63
  0
MATERIAL
  5
EE
102
{ACAD_XDICTIONARY
360
173
102
}
102
{ACAD_REACTORS
330
6A
102
}
330
6A
100
AcDbMaterial
  1
Global
 43
0.0007999999797903
 43
0.0
 43
0.0
 43
0.0
 43
0.0
 43
0.0007999999797903
 43
0.0
 43
0.0
 43
0.0
 43
0.0
 43
1.0
 43
0.0
 43
0.0
 43
0.0
 43
0.0
 43
1.0
 49
0.0007999999797903
 49
0.0
 49
0.0
 49
0.0
 49
0.0
 49
0.0007999999797903
 49
0.0
 49
0.0
 49
0.0
 49
0.0
 49
1.0
 49
0.0
 49
0.0
 49
0.0
 49
0.0
 49
1.0
142
0.0007999999797903
142
0.0
142
0.0
142
0.0
142
0.0
142
0.0007999999797903
142
0.0
142
0.0
142
0.0
142
0.0
142
1.0
142
0.0
142
0.0
142
0.0
142
0.0
142
1.0
144
0.0007999999797903
144
0.0
144
0.0
144
0.0
144
0.0
144
0.0007999999797903
144
0.0
144
0.0
144
0.0
144
0.0
144
1.0
144
0.0
144
0.0
144
0.0
144
0.0
144
1.0
 94
       63
1001
ACAD
1070
    -1
1070
     3
1070
     0
1000

1071
        0
1070
     0
  0
MLEADERSTYLE
  5
13B
102
{ACAD_REACTORS
330
12D
102
}
330
12D
100
AcDbMLeaderStyle
179
     2
170
     2
171
     1
172
     0
 90
        2
 40
0.0
 41
0.0
173
     1
 91
-1056964608
340
14
 92
       -2
290
     1
 42
2.0
291
     1
 43
8.0
  3
Standard
 44
4.0
300

342
11
174
     1
178
     1
175
     1
176
     0
 93
-1056964608
 45
4.0
292
     0
297
     0
 46
4.0
 94
-1056964608
 47
1.0
 49
1.0
140
1.0
293
     1
141
0.0
294
     1
177
     0
142
1.0
295
     0
296
     1
143
3.75
271
     0
272
     9
273
     9
298
     0
  0
MLEADERSTYLE
  5
12E
102
{ACAD_REACTORS
330
12D
102
}
330
12D
100
AcDbMLeaderStyle
179
     2
170
     2
171
     1
172
     0
 90
        2
 40
0.0
 41
0.0
173
     1
 91
-1056964608
340
14
 92
       -2
290
     1
 42
2.0
291
     1
 43
8.0
  3
Standard
 44
4.0
300

342
11
174
     1
178
     1
175
     1
176
     0
 93
-1056964608
 45
4.0
292
     0
297
     0
 46
4.0
 94
-1056964608
 47
1.0
 49
1.0
140
1.0
293
     1
141
0.0
294
     1
177
     0
142
1.0
295
     0
296
     0
143
3.75
271
     0
272
     9
273
     9
298
     0
  0
MLINESTYLE
  5
18
102
{ACAD_REACTORS
330
17
102
}
330
17
100
AcDbMlineStyle
  2
STANDARD
 70
     0
  3

 62
   256
 51
90.0
 52
90.0
 71
     2
 49
0.5
 62
   256
  6
BYLAYER
 49
-0.5
 62
   256
  6
BYLAYER
  0
ACDBPLACEHOLDER
  5
F
102
{ACAD_REACTORS
330
E
102
}
330
E
  0
SCALE
  5
10D
102
{ACAD_REACTORS
330
10C
102
}
330
10C
100
AcDbScale
 70
     0
300
1:1
140
1.0
141
1.0
290
     1
  0
SCALE
  5
1BE
102
{ACAD_REACTORS
330
10C
102
}
330
10C
100
AcDbScale
 70
     0
300
1:2
140
1.0
141
2.0
290
     0
  0
SCALE
  5
1BF
102
{ACAD_REACTORS
330
10C
102
}
330
10C
100
AcDbScale
 70
     0
300
1:4
140
1.0
141
4.0
290
     0
  0
SCALE
  5
1C0
102
{ACAD_REACTORS
330
10C
102
}
330
10C
100
AcDbScale
 70
     0
300
1:5
140
1.0
141
5.0
290
     0
  0
SCALE
  5
1C1
102
{ACAD_REACTORS
330
10C
102
}
330
10C
100
AcDbScale
 70
     0
300
1:8
140
1.0
141
8.0
290
     0
  0
SCALE
  5
1C2
102
{ACAD_REACTORS
330
10C
102
}
330
10C
100
AcDbScale
 70
     0
300
1:10
140
1.0
141
10.0
290
     0
  0
SCALE
  5
1C3
102
{ACAD_REACTORS
330
10C
102
}
330
10C
100
AcDbScale
 70
     0
300
1:16
140
1.0
141
16.0
290
     0
  0
SCALE
  5
1C4
102
{ACAD_REACTORS
330
10C
102
}
330
10C
100
AcDbScale
 70
     0
300
1:20
140
1.0
141
20.0
290
     0
  0
SCALE
  5
1C5
102
{ACAD_REACTORS
330
10C
102
}
330
10C
100
AcDbScale
 70
     0
300
1:30
140
1.0
141
30.0
290
     0
  0
SCALE
  5
1C6
102
{ACAD_REACTORS
330
10C
102
}
330
10C
100
AcDbScale
 70
     0
300
1:40
140
1.0
141
40.0
290
     0
  0
SCALE
  5
1C7
102
{ACAD_REACTORS
330
10C
102
}
330
10C
100
AcDbScale
 70
     0
300
1:50
140
1.0
141
50.0
290
     0
  0
SCALE
  5
1C8
102
{ACAD_REACTORS
330
10C
102
}
330
10C
100
AcDbScale
 70
     0
300
1:100
140
1.0
141
100.0
290
     0
  0
SCALE
  5
1C9
102
{ACAD_REACTORS
330
10C
102
}
330
10C
100
AcDbScale
 70
     0
300
2:1
140
2.0
141
1.0
290
     0
  0
SCALE
  5
1CA
102
{ACAD_REACTORS
330
10C
102
}
330
10C
100
AcDbScale
 70
     0
300
4:1
140
4.0
141
1.0
290
     0
  0
SCALE
  5
1CB
102
{ACAD_REACTORS
330
10C
102
}
330
10C
100
AcDbScale
 70
     0
300
8:1
140
8.0
141
1.0
290
     0
  0
SCALE
  5
1CC
102
{ACAD_REACTORS
330
10C
102
}
330
10C
100
AcDbScale
 70
     0
300
10:1
140
10.0
141
1.0
290
     0
  0
SCALE
  5
1CD
102
{ACAD_REACTORS
330
10C
102
}
330
10C
100
AcDbScale
 70
     0
300
100:1
140
100.0
141
1.0
290
     0
  0
ACDBSECTIONVIEWSTYLE
  5
21A
102
{ACAD_XDICTIONARY
360
5438
102
}
102
{ACAD_REACTORS
330
219
102
}
330
219
100
AcDbModelDocViewStyle
 70
     0
  3
Metric50
290
     0
100
AcDbSectionViewStyle
 70
     0
 71
     0
 90
      102
 71
     1
340
11
 62
   256
 40
5.0
340
0
340
0
 62
   256
 40
5.0
300
I, O, Q, S, X, Z
 40
10.0
 90
        0
 40
2.5
 90
        0
 71
     2
340
16
 90
       25
 62
   256
340
16
 90
       50
 62
   256
 40
5.0
 40
2.5
 40
5.0
 71
     3
340
11
 62
   256
 40
5.0
 90
        0
 40
15.0
 90
        1
300
%<\AcVar ViewSectionStartId>%-%<\AcVar ViewSectionEndId>% (%<\AcVar ViewScale \f "%sn">%)
 71
     4
 62
   256
 62
   257
300
ANSI31
 40
1.0
 90
        0
290
     0
290
     0
 90
        6
 40
0.0
 40
1.570796326794896
 40
0.2617993877991494
 40
1.308996938995747
 40
-0.2617993877991494
 40
1.832595714594046
  0
TABLESTYLE
  5
7F
102
{ACAD_XDICTIONARY
360
162
102
}
102
{ACAD_REACTORS
330
7E
102
}
330
7E
100
AcDbTableStyle
280
     0
  3
Standard
 70
     0
 71
     0
 40
1.5
 41
1.5
280
     0
281
     0
  7
Standard
140
4.5
170
     2
 62
     0
 63
     7
283
     0
 90
      512
 91
        0
  1

274
    -2
284
     1
 64
     0
275
    -2
285
     1
 65
     0
276
    -2
286
     1
 66
     0
277
    -2
287
     1
 67
     0
278
    -2
288
     1
 68
     0
279
    -2
289
     1
 69
     0
  7
Standard
140
6.0
170
     5
 62
     0
 63
     7
283
     0
 90
      512
 91
        0
  1

274
    -2
284
     1
 64
     0
275
    -2
285
     1
 65
     0
276
    -2
286
     1
 66
     0
277
    -2
287
     1
 67
     0
278
    -2
288
     1
 68
     0
279
    -2
289
     1
 69
     0
  7
Standard
140
4.5
170
     5
 62
     0
 63
     7
283
     0
 90
      512
 91
        0
  1

274
    -2
284
     1
 64
     0
275
    -2
285
     1
 65
     0
276
    -2
286
     1
 66
     0
277
    -2
287
     1
 67
     0
278
    -2
288
     1
 68
     0
279
    -2
289
     1
 69
     0
  0
VISUALSTYLE
  5
F5
102
{ACAD_REACTORS
330
EF
102
}
330
EF
100
AcDbVisualStyle
  2
2dWireframe
 70
     4
177
     3
291
     0
 70
    58
 90
        0
176
     1
 90
        2
176
     1
 90
        1
176
     1
 90
        0
176
     1
 40
0.6
176
     1
 40
30.0
176
     1
 62
     7
420
 16777215
176
     1
 90
        1
176
     1
 90
        4
176
     1
 62
     7
176
     1
 62
   257
176
     1
 90
        1
176
     1
 90
        1
176
     1
 40
1.0
176
     1
 90
        0
176
     1
 62
   257
176
     1
 40
1.0
176
     1
 90
        1
176
     1
 90
        6
176
     1
 90
        2
176
     1
 62
     7
176
     1
 90
        5
176
     1
 90
        0
176
     1
 90
        0
176
     1
290
     0
176
     1
 90
        1
176
     1
 40
0.0
176
     1
 90
        0
176
     1
290
     1
176
     1
290
     1
176
     1
290
     0
176
     1
290
     0
176
     1
290
     0
176
     1
290
     0
176
     1
290
     0
176
     1
290
     0
176
     1
290
     0
176
     1
 90
       50
176
     1
 40
0.0
176
     1
 40
1.0
176
     1
 90
        0
176
     1
 62
    18
420
        0
176
     1
 90
       50
176
     1
 90
        3
176
     1
 62
     5
420
      255
176
     1
290
     0
176
     1
 90
       50
176
     1
 90
       50
176
     1
 90
       50
176
     1
290
     0
176
     1
 90
       50
176
     1
 62
   256
176
     0
 40
1.0
176
     0
 90
        2
176
     1
  1
strokes_ogs.tif
176
     1
290
     0
176
     1
 40
1.0
176
     1
 40
1.0
176
     1
1001
ACAD
1000
AcDbSavedByObjectVersion
1070
     0
  0
VISUALSTYLE
  5
F4
102
{ACAD_REACTORS
330
EF
102
}
330
EF
100
AcDbVisualStyle
  2
Basic
 70
     7
177
     3
291
     1
 70
    58
 90
        1
176
     1
 90
        0
176
     1
 90
        1
176
     1
 90
        0
176
     1
 40
0.6
176
     1
 40
30.0
176
     1
 62
     7
420
 16777215
176
     1
 90
        0
176
     1
 90
        4
176
     1
 62
     7
176
     1
 62
   257
176
     1
 90
        1
176
     1
 90
        1
176
     1
 40
1.0
176
     1
 90
        8
176
     1
 62
     7
176
     1
 40
1.0
176
     1
 90
        1
176
     1
 90
        6
176
     1
 90
        2
176
     1
 62
     7
176
     1
 90
        5
176
     1
 90
        0
176
     1
 90
        0
176
     1
290
     0
176
     1
 90
        1
176
     1
 40
0.0
176
     1
 90
        0
176
     1
290
     0
176
     1
290
     1
176
     1
290
     1
176
     1
290
     0
176
     1
290
     0
176
     1
290
     0
176
     1
290
     0
176
     1
290
     0
176
     1
290
     0
176
     1
 90
       50
176
     1
 40
0.0
176
     1
 40
1.0
176
     1
 90
        0
176
     1
 62
    18
420
        0
176
     1
 90
       50
176
     1
 90
        3
176
     1
 62
     5
420
      255
176
     1
290
     0
176
     1
 90
       50
176
     1
 90
       50
176
     1
 90
       50
176
     1
290
     0
176
     1
 90
       50
176
     1
 62
   256
176
     0
 40
1.0
176
     0
 90
        2
176
     1
  1
strokes_ogs.tif
176
     1
290
     0
176
     1
 40
1.0
176
     1
 40
1.0
176
     1
1001
ACAD
1000
AcDbSavedByObjectVersion
1070
     0
  0
VISUALSTYLE
  5
FB
102
{ACAD_REACTORS
330
EF
102
}
330
EF
100
AcDbVisualStyle
  2
Brighten
 70
    12
177
     3
291
     1
 70
    58
 90
        2
176
     1
 90
        2
176
     1
 90
        1
176
     1
 90
        0
176
     1
 40
0.6
176
     1
 40
30.0
176
     1
 62
     7
420
 16777215
176
     1
 90
        1
176
     1
 90
        4
176
     1
 62
     7
176
     1
 62
   257
176
     1
 90
        1
176
     1
 90
        1
176
     1
 40
1.0
176
     1
 90
        8
176
     1
 62
     7
176
     1
 40
1.0
176
     1
 90
        1
176
     1
 90
        6
176
     1
 90
        2
176
     1
 62
     7
176
     1
 90
        5
176
     1
 90
        0
176
     1
 90
        0
176
     1
290
     0
176
     1
 90
        1
176
     1
 40
50.0
176
     1
 90
        0
176
     1
290
     0
176
     1
290
     1
176
     1
290
     1
176
     1
290
     0
176
     1
290
     0
176
     1
290
     0
176
     1
290
     0
176
     1
290
     0
176
     1
290
     0
176
     1
 90
       50
176
     1
 40
0.0
176
     1
 40
1.0
176
     1
 90
        0
176
     1
 62
    18
420
        0
176
     1
 90
       50
176
     1
 90
        3
176
     1
 62
     5
420
      255
176
     1
290
     0
176
     1
 90
       50
176
     1
 90
       50
176
     1
 90
       50
176
     1
290
     0
176
     1
 90
       50
176
     1
 62
   256
176
     0
 40
1.0
176
     0
 90
        2
176
     1
  1
strokes_ogs.tif
176
     1
290
     0
176
     1
 40
1.0
176
     1
 40
1.0
176
     1
1001
ACAD
1000
AcDbSavedByObjectVersion
1070
     0
  0
VISUALSTYLE
  5
FF
102
{ACAD_REACTORS
330
EF
102
}
330
EF
100
AcDbVisualStyle
  2
ColorChange
 70
    16
177
     3
291
     1
 70
    58
 90
        2
176
     1
 90
        2
176
     1
 90
        3
176
     1
 90
        0
176
     1
 40
0.6
176
     1
 40
30.0
176
     1
 62
     8
420
  8421504
176
     1
 90
        1
176
     1
 90
        4
176
     1
 62
     7
176
     1
 62
   257
176
     1
 90
        1
176
     1
 90
        1
176
     1
 40
1.0
176
     1
 90
        8
176
     1
 62
     8
420
  8421504
176
     1
 40
1.0
176
     1
 90
        1
176
     1
 90
        6
176
     1
 90
        2
176
     1
 62
     7
176
     1
 90
        5
176
     1
 90
        0
176
     1
 90
        0
176
     1
290
     0
176
     1
 90
        1
176
     1
 40
0.0
176
     1
 90
        0
176
     1
290
     0
176
     1
290
     1
176
     1
290
     1
176
     1
290
     0
176
     1
290
     0
176
     1
290
     0
176
     1
290
     0
176
     1
290
     0
176
     1
290
     0
176
     1
 90
       50
176
     1
 40
0.0
176
     1
 40
1.0
176
     1
 90
        0
176
     1
 62
    18
420
        0
176
     1
 90
       50
176
     1
 90
        3
176
     1
 62
     5
420
      255
176
     1
290
     0
176
     1
 90
       50
176
     1
 90
       50
176
     1
 90
       50
176
     1
290
     0
176
     1
 90
       50
176
     1
 62
   256
176
     0
 40
1.0
176
     0
 90
        2
176
     1
  1
strokes_ogs.tif
176
     1
290
     0
176
     1
 40
1.0
176
     1
 40
1.0
176
     1
1001
ACAD
1000
AcDbSavedByObjectVersion
1070
     0
  0
VISUALSTYLE
  5
F8
102
{ACAD_REACTORS
330
EF
102
}
330
EF
100
AcDbVisualStyle
  2
Conceptual
 70
     9
177
     3
291
     0
 70
    58
 90
        3
176
     1
 90
        2
176
     1
 90
        1
176
     1
 90
        0
176
     1
 40
0.6
176
     1
 40
30.0
176
     1
 62
     7
420
 16777215
176
     1
 90
        2
176
     1
 90
        2
176
     1
 62
     7
176
     1
 62
   257
176
     1
 90
        1
176
     1
 90
        1
176
     1
 40
40.0
176
     1
 90
        8
176
     1
 62
     7
176
     1
 40
1.0
176
     1
 90
        1
176
     1
 90
        6
176
     1
 90
        2
176
     1
 62
     7
176
     1
 90
        3
176
     1
 90
        0
176
     1
 90
        0
176
     1
290
     0
176
     1
 90
        1
176
     1
 40
0.0
176
     1
 90
        0
176
     1
290
     0
176
     1
290
     1
176
     1
290
     1
176
     1
290
     0
176
     1
290
     0
176
     1
290
     0
176
     1
290
     0
176
     1
290
     0
176
     1
290
     0
176
     1
 90
       50
176
     1
 40
0.0
176
     1
 40
1.0
176
     1
 90
        0
176
     1
 62
    18
420
        0
176
     1
 90
       50
176
     1
 90
        3
176
     1
 62
     5
420
      255
176
     1
290
     0
176
     1
 90
       50
176
     1
 90
       50
176
     1
 90
       50
176
     1
290
     0
176
     1
 90
       50
176
     1
 62
   256
176
     0
 40
1.0
176
     0
 90
        2
176
     1
  1
strokes_ogs.tif
176
     1
290
     0
176
     1
 40
1.0
176
     1
 40
1.0
176
     1
1001
ACAD
1000
AcDbSavedByObjectVersion
1070
     0
  0
VISUALSTYLE
  5
FA
102
{ACAD_REACTORS
330
EF
102
}
330
EF
100
AcDbVisualStyle
  2
Dim
 70
    11
177
     3
291
     1
 70
    58
 90
        2
176
     1
 90
        2
176
     1
 90
        1
176
     1
 90
        0
176
     1
 40
0.6
176
     1
 40
30.0
176
     1
 62
     7
420
 16777215
176
     1
 90
        1
176
     1
 90
        4
176
     1
 62
     7
176
     1
 62
   257
176
     1
 90
        1
176
     1
 90
        1
176
     1
 40
1.0
176
     1
 90
        8
176
     1
 62
     7
176
     1
 40
1.0
176
     1
 90
        1
176
     1
 90
        6
176
     1
 90
        2
176
     1
 62
     7
176
     1
 90
        5
176
     1
 90
        0
176
     1
 90
        0
176
     1
290
     0
176
     1
 90
        1
176
     1
 40
-50.0
176
     1
 90
        0
176
     1
290
     0
176
     1
290
     1
176
     1
290
     1
176
     1
290
     0
176
     1
290
     0
176
     1
290
     0
176
     1
290
     0
176
     1
290
     0
176
     1
290
     0
176
     1
 90
       50
176
     1
 40
0.0
176
     1
 40
1.0
176
     1
 90
        0
176
     1
 62
    18
420
        0
176
     1
 90
       50
176
     1
 90
        3
176
     1
 62
     5
420
      255
176
     1
290
     0
176
     1
 90
       50
176
     1
 90
       50
176
     1
 90
       50
176
     1
290
     0
176
     1
 90
       50
176
     1
 62
   256
176
     0
 40
1.0
176
     0
 90
        2
176
     1
  1
strokes_ogs.tif
176
     1
290
     0
176
     1
 40
1.0
176
     1
 40
1.0
176
     1
1001
ACAD
1000
AcDbSavedByObjectVersion
1070
     0
  0
VISUALSTYLE
  5
1E6
102
{ACAD_REACTORS
330
EF
102
}
330
EF
100
AcDbVisualStyle
  2
EdgeColorOff
 70
    22
177
     3
291
     1
 70
    58
 90
        2
176
     0
 90
        2
176
     0
 90
        0
176
     0
 90
        0
176
     0
 40
0.6
176
     0
 40
30.0
176
     0
 62
     7
420
 16777215
176
     0
 90
        1
176
     0
 90
        4
176
     0
 62
     7
176
     0
 62
   257
176
     0
 90
        1
176
     0
 90
        1
176
     0
 40
1.0
176
     0
 90
        8
176
     2
 62
     7
176
     0
 40
1.0
176
     0
 90
        1
176
     0
 90
        6
176
     0
 90
        2
176
     0
 62
     7
176
     0
 90
        5
176
     0
 90
        0
176
     0
 90
        0
176
     0
290
     0
176
     0
 90
        1
176
     0
 40
0.0
176
     0
 90
        0
176
     0
290
     0
176
     1
290
     1
176
     1
290
     1
176
     1
290
     0
176
     1
290
     0
176
     1
290
     0
176
     1
290
     0
176
     1
290
     0
176
     1
290
     0
176
     1
 90
       50
176
     1
 40
0.0
176
     1
 40
1.0
176
     1
 90
        0
176
     1
 62
    18
420
        0
176
     1
 90
       50
176
     1
 90
        3
176
     1
 62
     5
420
      255
176
     1
290
     0
176
     1
 90
       50
176
     1
 90
       50
176
     1
 90
       50
176
     1
290
     0
176
     1
 90
       50
176
     1
 62
   256
176
     0
 40
1.0
176
     0
 90
        2
176
     1
  1
strokes_ogs.tif
176
     1
290
     0
176
     1
 40
1.0
176
     1
 40
1.0
176
     1
1001
ACAD
1000
AcDbSavedByObjectVersion
1070
     0
  0
VISUALSTYLE
  5
FE
102
{ACAD_REACTORS
330
EF
102
}
330
EF
100
AcDbVisualStyle
  2
Facepattern
 70
    15
177
     3
291
     1
 70
    58
 90
        2
176
     1
 90
        2
176
     1
 90
        1
176
     1
 90
        0
176
     1
 40
0.6
176
     1
 40
30.0
176
     1
 62
     7
420
 16777215
176
     1
 90
        1
176
     1
 90
        4
176
     1
 62
     7
176
     1
 62
   257
176
     1
 90
        1
176
     1
 90
        1
176
     1
 40
1.0
176
     1
 90
        8
176
     1
 62
     7
176
     1
 40
1.0
176
     1
 90
        1
176
     1
 90
        6
176
     1
 90
        2
176
     1
 62
     7
176
     1
 90
        5
176
     1
 90
        0
176
     1
 90
        0
176
     1
290
     0
176
     1
 90
        1
176
     1
 40
0.0
176
     1
 90
        0
176
     1
290
     0
176
     1
290
     1
176
     1
290
     1
176
     1
290
     0
176
     1
290
     0
176
     1
290
     0
176
     1
290
     0
176
     1
290
     0
176
     1
290
     0
176
     1
 90
       50
176
     1
 40
0.0
176
     1
 40
1.0
176
     1
 90
        0
176
     1
 62
    18
420
        0
176
     1
 90
       50
176
     1
 90
        3
176
     1
 62
     5
420
      255
176
     1
290
     0
176
     1
 90
       50
176
     1
 90
       50
176
     1
 90
       50
176
     1
290
     0
176
     1
 90
       50
176
     1
 62
   256
176
     0
 40
1.0
176
     0
 90
        2
176
     1
  1
strokes_ogs.tif
176
     1
290
     0
176
     1
 40
1.0
176
     1
 40
1.0
176
     1
1001
ACAD
1000
AcDbSavedByObjectVersion
1070
     0
  0
VISUALSTYLE
  5
F0
102
{ACAD_REACTORS
330
EF
102
}
330
EF
100
AcDbVisualStyle
  2
Flat
 70
     0
177
     3
291
     1
 70
    58
 90
        2
176
     1
 90
        1
176
     1
 90
        1
176
     1
 90
        2
176
     1
 40
0.6
176
     1
 40
30.0
176
     1
 62
     7
420
 16777215
176
     1
 90
        0
176
     1
 90
        0
176
     1
 62
     7
176
     1
 62
   257
176
     1
 90
        1
176
     1
 90
        1
176
     1
 40
1.0
176
     1
 90
        8
176
     1
 62
     7
176
     1
 40
1.0
176
     1
 90
        1
176
     1
 90
        6
176
     1
 90
        2
176
     1
 62
     7
176
     1
 90
        5
176
     1
 90
        0
176
     1
 90
        0
176
     1
290
     0
176
     1
 90
       13
176
     1
 40
0.0
176
     1
 90
        0
176
     1
290
     0
176
     1
290
     1
176
     1
290
     1
176
     1
290
     0
176
     1
290
     0
176
     1
290
     0
176
     1
290
     0
176
     1
290
     0
176
     1
290
     0
176
     1
 90
       50
176
     1
 40
0.0
176
     1
 40
1.0
176
     1
 90
        0
176
     1
 62
    18
420
        0
176
     1
 90
       50
176
     1
 90
        3
176
     1
 62
     5
420
      255
176
     1
290
     0
176
     1
 90
       50
176
     1
 90
       50
176
     1
 90
       50
176
     1
290
     0
176
     1
 90
       50
176
     1
 62
   256
176
     0
 40
1.0
176
     0
 90
        2
176
     1
  1
strokes_ogs.tif
176
     1
290
     0
176
     1
 40
1.0
176
     1
 40
1.0
176
     1
1001
ACAD
1000
AcDbSavedByObjectVersion
1070
     0
  0
VISUALSTYLE
  5
F1
102
{ACAD_REACTORS
330
EF
102
}
330
EF
100
AcDbVisualStyle
  2
FlatWithEdges
 70
     1
177
     3
291
     1
 70
    58
 90
        2
176
     1
 90
        1
176
     1
 90
        1
176
     1
 90
        2
176
     1
 40
0.6
176
     1
 40
30.0
176
     1
 62
     7
420
 16777215
176
     1
 90
        1
176
     1
 90
        0
176
     1
 62
     7
176
     1
 62
   257
176
     1
 90
        1
176
     1
 90
        1
176
     1
 40
1.0
176
     1
 90
        0
176
     1
 62
   257
176
     1
 40
1.0
176
     1
 90
        1
176
     1
 90
        6
176
     1
 90
        2
176
     1
 62
     7
176
     1
 90
        5
176
     1
 90
        0
176
     1
 90
        0
176
     1
290
     0
176
     1
 90
       13
176
     1
 40
0.0
176
     1
 90
        0
176
     1
290
     0
176
     1
290
     1
176
     1
290
     1
176
     1
290
     0
176
     1
290
     0
176
     1
290
     0
176
     1
290
     0
176
     1
290
     0
176
     1
290
     0
176
     1
 90
       50
176
     1
 40
0.0
176
     1
 40
1.0
176
     1
 90
        0
176
     1
 62
    18
420
        0
176
     1
 90
       50
176
     1
 90
        3
176
     1
 62
     5
420
      255
176
     1
290
     0
176
     1
 90
       50
176
     1
 90
       50
176
     1
 90
       50
176
     1
290
     0
176
     1
 90
       50
176
     1
 62
   256
176
     0
 40
1.0
176
     0
 90
        2
176
     1
  1
strokes_ogs.tif
176
     1
290
     0
176
     1
 40
1.0
176
     1
 40
1.0
176
     1
1001
ACAD
1000
AcDbSavedByObjectVersion
1070
     0
  0
VISUALSTYLE
  5
F2
102
{ACAD_REACTORS
330
EF
102
}
330
EF
100
AcDbVisualStyle
  2
Gouraud
 70
     2
177
     3
291
     1
 70
    58
 90
        2
176
     1
 90
        2
176
     1
 90
        1
176
     1
 90
        2
176
     1
 40
0.6
176
     1
 40
30.0
176
     1
 62
     7
420
 16777215
176
     1
 90
        0
176
     1
 90
        0
176
     1
 62
     7
176
     1
 62
   257
176
     1
 90
        1
176
     1
 90
        1
176
     1
 40
1.0
176
     1
 90
        0
176
     1
 62
     7
176
     1
 40
1.0
176
     1
 90
        1
176
     1
 90
        6
176
     1
 90
        2
176
     1
 62
     7
176
     1
 90
        5
176
     1
 90
        0
176
     1
 90
        0
176
     1
290
     0
176
     1
 90
       13
176
     1
 40
0.0
176
     1
 90
        0
176
     1
290
     0
176
     1
290
     1
176
     1
290
     1
176
     1
290
     0
176
     1
290
     0
176
     1
290
     0
176
     1
290
     0
176
     1
290
     0
176
     1
290
     0
176
     1
 90
       50
176
     1
 40
0.0
176
     1
 40
1.0
176
     1
 90
        0
176
     1
 62
    18
420
        0
176
     1
 90
       50
176
     1
 90
        3
176
     1
 62
     5
420
      255
176
     1
290
     0
176
     1
 90
       50
176
     1
 90
       50
176
     1
 90
       50
176
     1
290
     0
176
     1
 90
       50
176
     1
 62
   256
176
     0
 40
1.0
176
     0
 90
        2
176
     1
  1
strokes_ogs.tif
176
     1
290
     0
176
     1
 40
1.0
176
     1
 40
1.0
176
     1
1001
ACAD
1000
AcDbSavedByObjectVersion
1070
     0
  0
VISUALSTYLE
  5
F3
102
{ACAD_REACTORS
330
EF
102
}
330
EF
100
AcDbVisualStyle
  2
GouraudWithEdges
 70
     3
177
     3
291
     1
 70
    58
 90
        2
176
     1
 90
        2
176
     1
 90
        1
176
     1
 90
        2
176
     1
 40
0.6
176
     1
 40
30.0
176
     1
 62
     7
420
 16777215
176
     1
 90
        1
176
     1
 90
        0
176
     1
 62
     7
176
     1
 62
   257
176
     1
 90
        1
176
     1
 90
        1
176
     1
 40
1.0
176
     1
 90
        0
176
     1
 62
   257
176
     1
 40
1.0
176
     1
 90
        1
176
     1
 90
        6
176
     1
 90
        2
176
     1
 62
     7
176
     1
 90
        5
176
     1
 90
        0
176
     1
 90
        0
176
     1
290
     0
176
     1
 90
       13
176
     1
 40
0.0
176
     1
 90
        0
176
     1
290
     0
176
     1
290
     1
176
     1
290
     1
176
     1
290
     0
176
     1
290
     0
176
     1
290
     0
176
     1
290
     0
176
     1
290
     0
176
     1
290
     0
176
     1
 90
       50
176
     1
 40
0.0
176
     1
 40
1.0
176
     1
 90
        0
176
     1
 62
    18
420
        0
176
     1
 90
       50
176
     1
 90
        3
176
     1
 62
     5
420
      255
176
     1
290
     0
176
     1
 90
       50
176
     1
 90
       50
176
     1
 90
       50
176
     1
290
     0
176
     1
 90
       50
176
     1
 62
   256
176
     0
 40
1.0
176
     0
 90
        2
176
     1
  1
strokes_ogs.tif
176
     1
290
     0
176
     1
 40
1.0
176
     1
 40
1.0
176
     1
1001
ACAD
1000
AcDbSavedByObjectVersion
1070
     0
  0
VISUALSTYLE
  5
F7
102
{ACAD_REACTORS
330
EF
102
}
330
EF
100
AcDbVisualStyle
  2
Hidden
 70
     6
177
     3
291
     0
 70
    58
 90
        1
176
     1
 90
        2
176
     1
 90
        2
176
     1
 90
        0
176
     1
 40
0.6
176
     1
 40
30.0
176
     1
 62
     7
420
 16777215
176
     1
 90
        2
176
     1
 90
        2
176
     1
 62
     7
176
     1
 62
   257
176
     1
 90
        2
176
     1
 90
        1
176
     1
 40
40.0
176
     1
 90
        0
176
     1
 62
   257
176
     1
 40
1.0
176
     1
 90
        1
176
     1
 90
        6
176
     1
 90
        2
176
     1
 62
     7
176
     1
 90
        3
176
     1
 90
        0
176
     1
 90
        0
176
     1
290
     0
176
     1
 90
        1
176
     1
 40
0.0
176
     1
 90
        0
176
     1
290
     0
176
     1
290
     1
176
     1
290
     1
176
     1
290
     0
176
     1
290
     0
176
     1
290
     0
176
     1
290
     0
176
     1
290
     0
176
     1
290
     0
176
     1
 90
       50
176
     1
 40
0.0
176
     1
 40
1.0
176
     1
 90
        0
176
     1
 62
    18
420
        0
176
     1
 90
       50
176
     1
 90
        3
176
     1
 62
     5
420
      255
176
     1
290
     0
176
     1
 90
       50
176
     1
 90
       50
176
     1
 90
       50
176
     1
290
     0
176
     1
 90
       50
176
     1
 62
   256
176
     0
 40
1.0
176
     0
 90
        2
176
     1
  1
strokes_ogs.tif
176
     1
290
     0
176
     1
 40
1.0
176
     1
 40
1.0
176
     1
1001
ACAD
1000
AcDbSavedByObjectVersion
1070
     0
  0
VISUALSTYLE
  5
1E4
102
{ACAD_REACTORS
330
EF
102
}
330
EF
100
AcDbVisualStyle
  2
JitterOff
 70
    20
177
     3
291
     1
 70
    58
 90
        2
176
     0
 90
        2
176
     0
 90
        0
176
     0
 90
        0
176
     0
 40
0.6
176
     0
 40
30.0
176
     0
 62
     7
420
 16777215
176
     0
 90
        1
176
     0
 90
        4
176
     0
 62
     7
176
     0
 62
   257
176
     0
 90
        1
176
     0
 90
        1
176
     0
 40
1.0
176
     0
 90
       10
176
     2
 62
     7
176
     0
 40
1.0
176
     0
 90
        1
176
     0
 90
        6
176
     0
 90
        2
176
     0
 62
     7
176
     0
 90
        5
176
     0
 90
        0
176
     0
 90
        0
176
     0
290
     0
176
     0
 90
        1
176
     0
 40
0.0
176
     0
 90
        0
176
     0
290
     0
176
     1
290
     1
176
     1
290
     1
176
     1
290
     0
176
     1
290
     0
176
     1
290
     0
176
     1
290
     0
176
     1
290
     0
176
     1
290
     0
176
     1
 90
       50
176
     1
 40
0.0
176
     1
 40
1.0
176
     1
 90
        0
176
     1
 62
    18
420
        0
176
     1
 90
       50
176
     1
 90
        3
176
     1
 62
     5
420
      255
176
     1
290
     0
176
     1
 90
       50
176
     1
 90
       50
176
     1
 90
       50
176
     1
290
     0
176
     1
 90
       50
176
     1
 62
   256
176
     0
 40
1.0
176
     0
 90
        2
176
     1
  1
strokes_ogs.tif
176
     1
290
     0
176
     1
 40
1.0
176
     1
 40
1.0
176
     1
1001
ACAD
1000
AcDbSavedByObjectVersion
1070
     0
  0
VISUALSTYLE
  5
FD
102
{ACAD_REACTORS
330
EF
102
}
330
EF
100
AcDbVisualStyle
  2
Linepattern
 70
    14
177
     3
291
     1
 70
    58
 90
        2
176
     1
 90
        2
176
     1
 90
        1
176
     1
 90
        0
176
     1
 40
0.6
176
     1
 40
30.0
176
     1
 62
     7
420
 16777215
176
     1
 90
        1
176
     1
 90
        4
176
     1
 62
     7
176
     1
 62
   257
176
     1
 90
        7
176
     1
 90
        7
176
     1
 40
1.0
176
     1
 90
        8
176
     1
 62
     7
176
     1
 40
1.0
176
     1
 90
        1
176
     1
 90
        6
176
     1
 90
        2
176
     1
 62
     7
176
     1
 90
        5
176
     1
 90
        0
176
     1
 90
        0
176
     1
290
     0
176
     1
 90
        1
176
     1
 40
0.0
176
     1
 90
        0
176
     1
290
     0
176
     1
290
     1
176
     1
290
     1
176
     1
290
     0
176
     1
290
     0
176
     1
290
     0
176
     1
290
     0
176
     1
290
     0
176
     1
290
     0
176
     1
 90
       50
176
     1
 40
0.0
176
     1
 40
1.0
176
     1
 90
        0
176
     1
 62
    18
420
        0
176
     1
 90
       50
176
     1
 90
        3
176
     1
 62
     5
420
      255
176
     1
290
     0
176
     1
 90
       50
176
     1
 90
       50
176
     1
 90
       50
176
     1
290
     0
176
     1
 90
       50
176
     1
 62
   256
176
     0
 40
1.0
176
     0
 90
        2
176
     1
  1
strokes_ogs.tif
176
     1
290
     0
176
     1
 40
1.0
176
     1
 40
1.0
176
     1
1001
ACAD
1000
AcDbSavedByObjectVersion
1070
     0
  0
VISUALSTYLE
  5
1E5
102
{ACAD_REACTORS
330
EF
102
}
330
EF
100
AcDbVisualStyle
  2
OverhangOff
 70
    21
177
     3
291
     1
 70
    58
 90
        2
176
     0
 90
        2
176
     0
 90
        0
176
     0
 90
        0
176
     0
 40
0.6
176
     0
 40
30.0
176
     0
 62
     7
420
 16777215
176
     0
 90
        1
176
     0
 90
        4
176
     0
 62
     7
176
     0
 62
   257
176
     0
 90
        1
176
     0
 90
        1
176
     0
 40
1.0
176
     0
 90
        9
176
     2
 62
     7
176
     0
 40
1.0
176
     0
 90
        1
176
     0
 90
        6
176
     0
 90
        2
176
     0
 62
     7
176
     0
 90
        5
176
     0
 90
        0
176
     0
 90
        0
176
     0
290
     0
176
     0
 90
        1
176
     0
 40
0.0
176
     0
 90
        0
176
     0
290
     0
176
     1
290
     1
176
     1
290
     1
176
     1
290
     0
176
     1
290
     0
176
     1
290
     0
176
     1
290
     0
176
     1
290
     0
176
     1
290
     0
176
     1
 90
       50
176
     1
 40
0.0
176
     1
 40
1.0
176
     1
 90
        0
176
     1
 62
    18
420
        0
176
     1
 90
       50
176
     1
 90
        3
176
     1
 62
     5
420
      255
176
     1
290
     0
176
     1
 90
       50
176
     1
 90
       50
176
     1
 90
       50
176
     1
290
     0
176
     1
 90
       50
176
     1
 62
   256
176
     0
 40
1.0
176
     0
 90
        2
176
     1
  1
strokes_ogs.tif
176
     1
290
     0
176
     1
 40
1.0
176
     1
 40
1.0
176
     1
1001
ACAD
1000
AcDbSavedByObjectVersion
1070
     0
  0
VISUALSTYLE
  5
F9
102
{ACAD_REACTORS
330
EF
102
}
330
EF
100
AcDbVisualStyle
  2
Realistic
 70
     8
177
     3
291
     0
 70
    58
 90
        2
176
     1
 90
        3
176
     1
 90
        0
176
     1
 90
        2
176
     1
 40
0.6
176
     1
 40
30.0
176
     1
 62
     7
420
 16777215
176
     1
 90
        0
176
     1
 90
        0
176
     1
 62
     7
176
     1
 62
   257
176
     1
 90
        1
176
     1
 90
        1
176
     1
 40
1.0
176
     1
 90
        8
176
     1
 62
   257
176
     1
 40
1.0
176
     1
 90
        1
176
     1
 90
        6
176
     1
 90
        2
176
     1
 62
     7
176
     1
 90
        3
176
     1
 90
        0
176
     1
 90
        0
176
     1
290
     0
176
     1
 90
       13
176
     1
 40
0.0
176
     1
 90
        0
176
     1
290
     0
176
     1
290
     1
176
     1
290
     1
176
     1
290
     0
176
     1
290
     0
176
     1
290
     0
176
     1
290
     0
176
     1
290
     0
176
     1
290
     0
176
     1
 90
       50
176
     1
 40
0.0
176
     1
 40
1.0
176
     1
 90
        0
176
     1
 62
    18
420
        0
176
     1
 90
       50
176
     1
 90
        3
176
     1
 62
     5
420
      255
176
     1
290
     0
176
     1
 90
       50
176
     1
 90
       50
176
     1
 90
       50
176
     1
290
     0
176
     1
 90
       50
176
     1
 62
   256
176
     0
 40
1.0
176
     0
 90
        2
176
     1
  1
strokes_ogs.tif
176
     1
290
     0
176
     1
 40
1.0
176
     1
 40
1.0
176
     1
1001
ACAD
1000
AcDbSavedByObjectVersion
1070
     0
  0
VISUALSTYLE
  5
1F3
102
{ACAD_REACTORS
330
EF
102
}
330
EF
100
AcDbVisualStyle
  2
Shaded
 70
    27
177
     3
291
     0
 70
    58
 90
        2
176
     1
 90
        2
176
     1
 90
        1
176
     1
 90
        2
176
     1
 40
0.6
176
     1
 40
30.0
176
     1
 62
     7
420
 16777215
176
     1
 90
        0
176
     1
 90
        4
176
     1
 62
     7
176
     1
 62
   257
176
     1
 90
        1
176
     1
 90
        1
176
     1
 40
1.0
176
     1
 90
        8
176
     1
 62
   257
176
     1
 40
1.0
176
     1
 90
        1
176
     1
 90
        6
176
     1
 90
        2
176
     1
 62
     8
420
  7895160
176
     1
 90
        3
176
     1
 90
        0
176
     1
 90
        0
176
     1
290
     0
176
     1
 90
        5
176
     1
 40
0.0
176
     1
 90
        0
176
     1
290
     0
176
     1
290
     1
176
     1
290
     1
176
     1
290
     0
176
     1
290
     0
176
     1
290
     0
176
     1
290
     0
176
     1
290
     0
176
     1
290
     0
176
     1
 90
       50
176
     1
 40
0.0
176
     1
 40
1.0
176
     1
 90
        0
176
     1
 62
    18
420
        0
176
     1
 90
       50
176
     1
 90
        3
176
     1
 62
     5
420
      255
176
     1
290
     0
176
     1
 90
       50
176
     1
 90
       50
176
     1
 90
       50
176
     1
290
     0
176
     1
 90
       50
176
     1
 62
   256
176
     0
 40
1.0
176
     0
 90
        2
176
     1
  1
strokes_ogs.tif
176
     1
290
     0
176
     1
 40
1.0
176
     1
 40
1.0
176
     1
1001
ACAD
1000
AcDbSavedByObjectVersion
1070
     0
  0
VISUALSTYLE
  5
1F2
102
{ACAD_REACTORS
330
EF
102
}
330
EF
100
AcDbVisualStyle
  2
Shaded with edges
 70
    26
177
     3
291
     0
 70
    58
 90
        2
176
     1
 90
        2
176
     1
 90
        1
176
     1
 90
        2
176
     1
 40
0.6
176
     1
 40
30.0
176
     1
 62
     7
420
 16777215
176
     1
 90
        1
176
     1
 90
        2
176
     1
 62
     7
176
     1
 62
   257
176
     1
 90
        2
176
     1
 90
        1
176
     1
 40
1.0
176
     1
 90
        8
176
     1
 62
   257
176
     1
 40
1.0
176
     1
 90
        1
176
     1
 90
        6
176
     1
 90
        2
176
     1
 62
     7
176
     1
 90
        3
176
     1
 90
        0
176
     1
 90
        0
176
     1
290
     0
176
     1
 90
        5
176
     1
 40
0.0
176
     1
 90
        0
176
     1
290
     0
176
     1
290
     1
176
     1
290
     1
176
     1
290
     0
176
     1
290
     0
176
     1
290
     0
176
     1
290
     0
176
     1
290
     0
176
     1
290
     0
176
     1
 90
       50
176
     1
 40
0.0
176
     1
 40
1.0
176
     1
 90
        0
176
     1
 62
    18
420
        0
176
     1
 90
       50
176
     1
 90
        3
176
     1
 62
     5
420
      255
176
     1
290
     0
176
     1
 90
       50
176
     1
 90
       50
176
     1
 90
       50
176
     1
290
     0
176
     1
 90
       50
176
     1
 62
   256
176
     0
 40
1.0
176
     0
 90
        2
176
     1
  1
strokes_ogs.tif
176
     1
290
     0
176
     1
 40
1.0
176
     1
 40
1.0
176
     1
1001
ACAD
1000
AcDbSavedByObjectVersion
1070
     0
  0
VISUALSTYLE
  5
1EF
102
{ACAD_REACTORS
330
EF
102
}
330
EF
100
AcDbVisualStyle
  2
Shades of Gray
 70
    23
177
     3
291
     0
 70
    58
 90
        2
176
     1
 90
        2
176
     1
 90
        3
176
     1
 90
        0
176
     1
 40
0.6
176
     1
 40
30.0
176
     1
 62
     7
420
 16777215
176
     1
 90
        2
176
     1
 90
        2
176
     1
 62
     7
176
     1
 62
     7
176
     1
 90
        1
176
     1
 90
        1
176
     1
 40
40.0
176
     1
 90
        8
176
     1
 62
     7
176
     1
 40
1.0
176
     1
 90
        1
176
     1
 90
        6
176
     1
 90
        2
176
     1
 62
     7
176
     1
 90
        3
176
     1
 90
        0
176
     1
 90
        0
176
     1
290
     0
176
     1
 90
        1
176
     1
 40
0.0
176
     1
 90
        0
176
     1
290
     0
176
     1
290
     1
176
     1
290
     1
176
     1
290
     0
176
     1
290
     0
176
     1
290
     0
176
     1
290
     0
176
     1
290
     0
176
     1
290
     0
176
     1
 90
       50
176
     1
 40
0.0
176
     1
 40
1.0
176
     1
 90
        0
176
     1
 62
    18
420
        0
176
     1
 90
       50
176
     1
 90
        3
176
     1
 62
     5
420
      255
176
     1
290
     0
176
     1
 90
       50
176
     1
 90
       50
176
     1
 90
       50
176
     1
290
     0
176
     1
 90
       50
176
     1
 62
   256
176
     0
 40
1.0
176
     0
 90
        2
176
     1
  1
strokes_ogs.tif
176
     1
290
     0
176
     1
 40
1.0
176
     1
 40
1.0
176
     1
1001
ACAD
1000
AcDbSavedByObjectVersion
1070
     0
  0
VISUALSTYLE
  5
1F0
102
{ACAD_REACTORS
330
EF
102
}
330
EF
100
AcDbVisualStyle
  2
Sketchy
 70
    24
177
     3
291
     0
 70
    58
 90
        1
176
     1
 90
        2
176
     1
 90
        2
176
     1
 90
        0
176
     1
 40
0.6
176
     1
 40
30.0
176
     1
 62
     7
420
 16777215
176
     1
 90
        2
176
     1
 90
        2
176
     1
 62
     7
176
     1
 62
     7
176
     1
 90
        1
176
     1
 90
        1
176
     1
 40
40.0
176
     1
 90
       11
176
     1
 62
     7
176
     1
 40
1.0
176
     1
 90
        1
176
     1
 90
        6
176
     1
 90
        2
176
     1
 62
     7
176
     1
 90
        6
176
     1
 90
        0
176
     1
 90
        0
176
     1
290
     0
176
     1
 90
        1
176
     1
 40
0.0
176
     1
 90
        0
176
     1
290
     0
176
     1
290
     1
176
     1
290
     1
176
     1
290
     0
176
     1
290
     0
176
     1
290
     0
176
     1
290
     0
176
     1
290
     0
176
     1
290
     0
176
     1
 90
       50
176
     1
 40
0.0
176
     1
 40
1.0
176
     1
 90
        0
176
     1
 62
    18
420
        0
176
     1
 90
       50
176
     1
 90
        3
176
     1
 62
     5
420
      255
176
     1
290
     0
176
     1
 90
       50
176
     1
 90
       50
176
     1
 90
       50
176
     1
290
     0
176
     1
 90
       50
176
     1
 62
   256
176
     0
 40
1.0
176
     0
 90
        2
176
     1
  1
strokes_ogs.tif
176
     1
290
     0
176
     1
 40
1.0
176
     1
 40
1.0
176
     1
1001
ACAD
1000
AcDbSavedByObjectVersion
1070
     0
  0
VISUALSTYLE
  5
FC
102
{ACAD_REACTORS
330
EF
102
}
330
EF
100
AcDbVisualStyle
  2
Thicken
 70
    13
177
     3
291
     1
 70
    58
 90
        2
176
     1
 90
        2
176
     1
 90
        1
176
     1
 90
        0
176
     1
 40
0.6
176
     1
 40
30.0
176
     1
 62
     7
420
 16777215
176
     1
 90
        1
176
     1
 90
        4
176
     1
 62
     7
176
     1
 62
   257
176
     1
 90
        1
176
     1
 90
        1
176
     1
 40
1.0
176
     1
 90
       12
176
     1
 62
     7
176
     1
 40
1.0
176
     1
 90
        1
176
     1
 90
        6
176
     1
 90
        2
176
     1
 62
     7
176
     1
 90
        5
176
     1
 90
        0
176
     1
 90
        0
176
     1
290
     0
176
     1
 90
        1
176
     1
 40
0.0
176
     1
 90
        0
176
     1
290
     0
176
     1
290
     1
176
     1
290
     1
176
     1
290
     0
176
     1
290
     0
176
     1
290
     0
176
     1
290
     0
176
     1
290
     0
176
     1
290
     0
176
     1
 90
       50
176
     1
 40
0.0
176
     1
 40
1.0
176
     1
 90
        0
176
     1
 62
    18
420
        0
176
     1
 90
       50
176
     1
 90
        3
176
     1
 62
     5
420
      255
176
     1
290
     0
176
     1
 90
       50
176
     1
 90
       50
176
     1
 90
       50
176
     1
290
     0
176
     1
 90
       50
176
     1
 62
   256
176
     0
 40
1.0
176
     0
 90
        2
176
     1
  1
strokes_ogs.tif
176
     1
290
     0
176
     1
 40
1.0
176
     1
 40
1.0
176
     1
1001
ACAD
1000
AcDbSavedByObjectVersion
1070
     0
  0
VISUALSTYLE
  5
F6
102
{ACAD_REACTORS
330
EF
102
}
330
EF
100
AcDbVisualStyle
  2
Wireframe
 70
     5
177
     3
291
     0
 70
    58
 90
        0
176
     1
 90
        2
176
     1
 90
        0
176
     1
 90
        0
176
     1
 40
0.6
176
     1
 40
30.0
176
     1
 62
     7
420
 16777215
176
     1
 90
        1
176
     1
 90
        4
176
     1
 62
     7
176
     1
 62
   257
176
     1
 90
        1
176
     1
 90
        1
176
     1
 40
1.0
176
     1
 90
        0
176
     1
 62
   257
176
     1
 40
1.0
176
     1
 90
        1
176
     1
 90
        6
176
     1
 90
        2
176
     1
 62
     7
176
     1
 90
        3
176
     1
 90
        0
176
     1
 90
        0
176
     1
290
     0
176
     1
 90
        1
176
     1
 40
0.0
176
     1
 90
        0
176
     1
290
     0
176
     1
290
     1
176
     1
290
     1
176
     1
290
     0
176
     1
290
     0
176
     1
290
     0
176
     1
290
     0
176
     1
290
     0
176
     1
290
     0
176
     1
 90
       50
176
     1
 40
0.0
176
     1
 40
1.0
176
     1
 90
        0
176
     1
 62
    18
420
        0
176
     1
 90
       50
176
     1
 90
        3
176
     1
 62
     5
420
      255
176
     1
290
     0
176
     1
 90
       50
176
     1
 90
       50
176
     1
 90
       50
176
     1
290
     0
176
     1
 90
       50
176
     1
 62
   256
176
     0
 40
1.0
176
     0
 90
        2
176
     1
  1
strokes_ogs.tif
176
     1
290
     0
176
     1
 40
1.0
176
     1
 40
1.0
176
     1
1001
ACAD
1000
AcDbSavedByObjectVersion
1070
     0
  0
VISUALSTYLE
  5
1F1
102
{ACAD_REACTORS
330
EF
102
}
330
EF
100
AcDbVisualStyle
  2
X-Ray
 70
    25
177
     3
291
     0
 70
    58
 90
        2
176
     1
 90
        2
176
     1
 90
        1
176
     1
 90
        1
176
     1
 40
0.5
176
     1
 40
30.0
176
     1
 62
     7
420
 16777215
176
     1
 90
        1
176
     1
 90
        0
176
     1
 62
     7
176
     1
 62
   257
176
     1
 90
        1
176
     1
 90
        1
176
     1
 40
1.0
176
     1
 90
        8
176
     1
 62
     7
176
     1
 40
1.0
176
     1
 90
        1
176
     1
 90
        6
176
     1
 90
        2
176
     1
 62
     7
176
     1
 90
        3
176
     1
 90
        0
176
     1
 90
        0
176
     1
290
     0
176
     1
 90
       13
176
     1
 40
0.0
176
     1
 90
        0
176
     1
290
     0
176
     1
290
     1
176
     1
290
     1
176
     1
290
     0
176
     1
290
     0
176
     1
290
     0
176
     1
290
     0
176
     1
290
     0
176
     1
290
     0
176
     1
 90
       50
176
     1
 40
0.0
176
     1
 40
1.0
176
     1
 90
        0
176
     1
 62
    18
420
        0
176
     1
 90
       50
176
     1
 90
        3
176
     1
 62
     5
420
      255
176
     1
290
     0
176
     1
 90
       50
176
     1
 90
       50
176
     1
 90
       50
176
     1
290
     0
176
     1
 90
       50
176
     1
 62
   256
176
     0
 40
1.0
176
     0
 90
        2
176
     1
  1
strokes_ogs.tif
176
     1
290
     0
176
     1
 40
1.0
176
     1
 40
1.0
176
     1
1001
ACAD
1000
AcDbSavedByObjectVersion
1070
     0
  0
DICTIONARYVAR
  5
112C
102
{ACAD_REACTORS
330
112B
102
}
330
112B
100
DictionaryVariables
280
     0
  1
0.250000
  0
DICTIONARYVAR
  5
112D
102
{ACAD_REACTORS
330
112B
102
}
330
112B
100
DictionaryVariables
280
     0
  1
1
  0
DICTIONARYVAR
  5
112E
102
{ACAD_REACTORS
330
112B
102
}
330
112B
100
DictionaryVariables
280
     0
  1
1:1
  0
DICTIONARYVAR
  5
112F
102
{ACAD_REACTORS
330
112B
102
}
330
112B
100
DictionaryVariables
280
     0
  1
STANDARD
  0
DICTIONARYVAR
  5
1130
102
{ACAD_REACTORS
330
112B
102
}
330
112B
100
DictionaryVariables
280
     0
  1
STANDARD
  0
DICTIONARYVAR
  5
1131
102
{ACAD_REACTORS
330
112B
102
}
330
112B
100
DictionaryVariables
280
     0
  1
Metric50
  0
DICTIONARYVAR
  5
1132
102
{ACAD_REACTORS
330
112B
102
}
330
112B
100
DictionaryVariables
280
     0
  1
Metric50
  0
DICTIONARYVAR
  5
1133
102
{ACAD_REACTORS
330
112B
102
}
330
112B
100
DictionaryVariables
280
     0
  1
0
  0
DICTIONARYVAR
  5
1134
102
{ACAD_REACTORS
330
112B
102
}
330
112B
100
DictionaryVariables
280
     0
  1
0
  0
DICTIONARYVAR
  5
1135
102
{ACAD_REACTORS
330
112B
102
}
330
112B
100
DictionaryVariables
280
     0
  1
1
  0
DICTIONARYVAR
  5
1136
102
{ACAD_REACTORS
330
112B
102
}
330
112B
100
DictionaryVariables
280
     0
  1
3
  0
DICTIONARYVAR
  5
1137
102
{ACAD_REACTORS
330
112B
102
}
330
112B
100
DictionaryVariables
280
     0
  1
31
  0
DICTIONARYVAR
  5
1138
102
{ACAD_REACTORS
330
112B
102
}
330
112B
100
DictionaryVariables
280
     0
  1
1
  0
DICTIONARYVAR
  5
1139
102
{ACAD_REACTORS
330
112B
102
}
330
112B
100
DictionaryVariables
280
     0
  1
BYLAYER
  0
DICTIONARYVAR
  5
113A
102
{ACAD_REACTORS
330
112B
102
}
330
112B
100
DictionaryVariables
280
     0
  1
0
  0
DICTIONARYVAR
  5
113B
102
{ACAD_REACTORS
330
112B
102
}
330
112B
100
DictionaryVariables
280
     0
  1
ByLayer
  0
DICTIONARYVAR
  5
113C
102
{ACAD_REACTORS
330
112B
102
}
330
112B
100
DictionaryVariables
280
     0
  1
0
  0
DICTIONARYVAR
  5
113D
102
{ACAD_REACTORS
330
112B
102
}
330
112B
100
DictionaryVariables
280
     0
  1
0
  0
DICTIONARYVAR
  5
113E
102
{ACAD_REACTORS
330
112B
102
}
330
112B
100
DictionaryVariables
280
     0
  1
0
  0
DICTIONARYVAR
  5
113F
102
{ACAD_REACTORS
330
112B
102
}
330
112B
100
DictionaryVariables
280
     0
  1
2
  0
DICTIONARYVAR
  5
1140
102
{ACAD_REACTORS
330
112B
102
}
330
112B
100
DictionaryVariables
280
     0
  1
1.000000
  0
DICTIONARYVAR
  5
1141
102
{ACAD_REACTORS
330
112B
102
}
330
112B
100
DictionaryVariables
280
     0
  1
1
  0
DICTIONARYVAR
  5
1142
102
{ACAD_REACTORS
330
112B
102
}
330
112B
100
DictionaryVariables
280
     0
  1
2
  0
DICTIONARYVAR
  5
1143
102
{ACAD_REACTORS
330
112B
102
}
330
112B
100
DictionaryVariables
280
     0
  1
1
  0
DICTIONARYVAR
  5
1144
102
{ACAD_REACTORS
330
112B
102
}
330
112B
100
DictionaryVariables
280
     0
  1
0
  0
DICTIONARYVAR
  5
1145
102
{ACAD_REACTORS
330
112B
102
}
330
112B
100
DictionaryVariables
280
     0
  1
127
  0
DICTIONARY
  5
5437
102
{ACAD_REACTORS
330
5435
102
}
330
5435
100
AcDbDictionary
281
     1
  0
DICTIONARY
  5
5436
102
{ACAD_REACTORS
330
5435
102
}
330
5435
100
AcDbDictionary
281
     1
  3
1642588300160
350
5430
  3
1642588300176
350
5431
  3
1642588300192
350
5432
  3
1642588300208
350
5433
  3
1642588300224
350
5434
  0
XRECORD
  5
11CC
102
{ACAD_REACTORS
330
11CA
102
}
330
11CA
100
AcDbXrecord
280
     1
330
A31
330
A32
330
1012
330
1014
330
1015
330
1016
330
1017
330
1018
330
1019
330
101A
330
101B
330
101C
330
101D
330
101E
330
101F
330
1020
330
1021
330
1022
330
1023
330
1024
330
1025
330
1026
330
1027
330
1028
330
1029
330
102A
330
102B
330
102C
330
102D
330
102E
330
102F
330
1030
330
114E
330
2E0
330
2FD
  0
DICTIONARY
  5
543A
330
21C
100
AcDbDictionary
280
     1
281
     1
  3
ACAD_XREC_ROUNDTRIP
360
543B
  0
DICTIONARY
  5
205
330
22
100
AcDbDictionary
280
     1
281
     1
  0
DICTIONARY
  5
1F9
330
ED
100
AcDbDictionary
280
     1
281
     1
  3
FBXASSET
360
1FA
  0
DICTIONARY
  5
1F7
330
EC
100
AcDbDictionary
280
     1
281
     1
  3
FBXASSET
360
1F8
  0
DICTIONARY
  5
173
330
EE
100
AcDbDictionary
280
     1
281
     1
  3
BUMPTILE
360
175
  3
DIFFUSETILE
360
174
  3
FBXASSET
360
1FB
  3
OPACITYTILE
360
176
  3
REFLECTIONTILE
360
177
  0
DICTIONARY
  5
5438
330
21A
100
AcDbDictionary
280
     1
281
     1
  3
ACAD_XREC_ROUNDTRIP
360
5439
  0
DICTIONARY
  5
162
330
7F
100
AcDbDictionary
280
     1
281
     1
  3
ACAD_ROUNDTRIP_2008_TABLESTYLE_CELLSTYLEMAP
360
542E
  0
XRECORD
  5
5430
102
{ACAD_REACTORS
330
5436
102
}
330
5436
100
AcDbXrecord
280
     1
  1
AcDb_Thumbnail_Schema
102
{ATTRRECORD
341
5431
  2
AcDbDs::TreatedAsObjectData
280
     1
291
     1
102
ATTRRECORD}
102
{ATTRRECORD
341
5432
  2
AcDbDs::Legacy
280
     1
291
     1
102
ATTRRECORD}
  2
AcDbDs::ID
280
    10
 91
        8
102
{ATTRRECORD
341
5433
  2
AcDs:Indexable
280
     1
291
     1
102
ATTRRECORD}
102
{ATTRRECORD
341
5434
  2
AcDbDs::HandleAttribute
280
     7
282
     1
102
ATTRRECORD}
  2
Thumbnail_Data
280
    15
 91
        0
  0
XRECORD
  5
5431
102
{ACAD_REACTORS
330
5436
102
}
330
5436
100
AcDbXrecord
280
     1
  1
AcDbDs::TreatedAsObjectDataSchema
  2
AcDbDs::TreatedAsObjectData
280
     1
 91
        0
  0
XRECORD
  5
5432
102
{ACAD_REACTORS
330
5436
102
}
330
5436
100
AcDbXrecord
280
     1
  1
AcDbDs::LegacySchema
  2
AcDbDs::Legacy
280
     1
 91
        0
  0
XRECORD
  5
5433
102
{ACAD_REACTORS
330
5436
102
}
330
5436
100
AcDbXrecord
280
     1
  1
AcDbDs::IndexedPropertySchema
  2
AcDs:Indexable
280
     1
 91
        0
  0
XRECORD
  5
5434
102
{ACAD_REACTORS
330
5436
102
}
330
5436
100
AcDbXrecord
280
     1
  1
AcDbDs::HandleAttributeSchema
  2
AcDbDs::HandleAttribute
280
     7
 91
        1
284
     1
  0
XRECORD
  5
543B
102
{ACAD_REACTORS
330
543A
102
}
330
543A
100
AcDbXrecord
280
     1
102
DISPLAYNAME
  1
Metric50
102
FLAGS
 90
        0
  0
XRECORD
  5
1FA
102
{ACAD_REACTORS
330
1F9
102
}
330
1F9
100
AcDbXrecord
280
     1
 70
     1
 90
429727718
  1
D62C5603-E3A1-4AEA-B7FB-FE5D8D0755AF
310
504B03040A0000080000CC70623B3DEE336E79000000790000001B0000006175746F6465736B2D64657369676E2D7061636B6167652E786D6C3C3F786D6C2076657273696F6E3D22312E302220656E636F64696E673D227574662D3822203F3E3C666F726D6174733E3C666F726D61743E687474703A2F2F736368656D612E
310
6175746F6465736B2E636F6D2F64657369676E2D7061636B6167652F323030393C2F666F726D61743E3C2F666F726D6174733E504B0304140006080800CC70623BD486FD9CA0000000F4000000130000005B436F6E74656E745F54797065735D2E786D6C7D8EC10E82300C865F65E91D8A1E8C310C0EEA1BF002731658846E
310
D98AC1B77784ABF1D8FE5FBFBF75BBCE937A534CCEB38643598122B6FEE978D0B0485F9C41B54DDD7D022595594E1A469170414C76A4D9A4D207E29CF43ECE46F218070CC6BECC4078ACAA135ACF422C856C0E68EA1BF5669944DDD7BCDE7B1F8E415D77AECB980613C2E4AC91FC167A2B244592486606FC29C8FD7F045B9A
310
EF7053A7E60B504B0304140006080800CC70623B853B8169EB0000007C01000008000000636F72652E786D6C8D90416EC3201045AF62CDB6C206821CC7C244919D9CA01740401C94182C03558F5F9C3852BBEB6A467FFE9B197D7EFC9E1EC5975982F5AE035262288C535E5B377690E21535501C055FBC8FBF6C503839990E
310
5619041F179FE64D52DE45E362569DD7661365082642A11EB9E920A89B99642953CC8E702F67A9EE7234257977194EC9EAE275C4EABCCF5EAD5940D4AC6F0E35A568B8F43562CD7046CD199FD07E60174276A7BE677B5EADB0E0D14EEFFB6A31321A0D82627C4084204C3F096B71DD52F6819B16635EADF63F509AF53FA164
310
5DDCD1EDDD17164090FCC8732078B56691CB33A85CD7DCC40F504B0304140006080800CC70623B55019EA25F0000007C00000007000000636E782E786D6C4DCB3B0E80201045D1AD90E915ED2CF8AC45050C11660C8261F98AB1B07AC9C97D42D718D865D3E909258CFD00CCE24AC6E326A164D74DC0B4128928FF32603847
310
2BA13128B1252AC747C6BAB984FC68F0B87FE8960A5C09FE86CFB69FBA01504B0304140006080800CC70623BDBABAAF470010000D40300000C0000006662782F636F72652E786D6CC553D16E823014FD95A6AF4B694182CC941A83FA05FB810A9511A125A5257EFE2E82712ECEB8A7F100CD39F7F69E734AF9FADC366850B6
310
AF8DCE7018308C942E4C59EB2AC3DE1D498AD15A706B8CFB56869196ADCAF00863C12B6B7C374385D14E6907A836A59A41D9F7CA615434B0C8705F7CAA5606D23BA8E84F41278B93AC54100640439DE0BDB320004D43C63716C7C399D30917DCFBBA9CD9BA8469F5B156168B24CED3F7248AC8769F27244EB73B92EED8862C
310
B7F13E0C179B3C8F979C8ECD82BBBABDAA2BAC924E9558448CBD9330242CFA08E3154B5651FCC6D215639C8EE5774DBE2B5F6CF2B5768B68963BB5F5588420E442FC700B1139D4CB01F450C1E918227C2E09DF070D8140C84E1E9AAB8F1340832A9CB13130A5F1376A908D57309505ECF2A0DF179C4E9D30F5B239B87E3823
310
7A79C6F31DE1A8A5AEC08474B03C7837EAE4938639B44E5932B833D2C6B6B279CDC613877FA26EE21F4A2A4C63EC7F29A2F301D1F9F7A0E37D145F504B0304140006080800CC70623B9C113CC27E0000009D0000000B0000006662782F636E782E786D6C4DCCDF0A83201C86E15B91DFB94BFB330DD428C8FB886521330DA7
310
6397BF1A1DECE883878F57749FCDA1B7892F1BBC047A23808C7F84D9FA55424E0BE6803A256208E9EF06C84F9B91703228B1C690F78B66B34CD9A5439DF5CF0BFBF65E35BCA1B8D6A5C6F540381E886698B5741C695F9503EBA150A2F8958E3DC3EA0B504B0304140006080800CC70623B7DF2F77C2A010000120200003100
310
00006662782F41393633353835312D344632462D344230382D423046372D3739314545314133324237412F636F72652E786D6C8D51DB8EC22014FC15C2939B0D2DB4B45643319AE817EC0F6041255A68B86CFCFC856D4D76DF7CE190393373060EDB3DC707F856CE6B6B7A480A0C81328395DA5C7B18C3057510EC3873D686
310
3F34088C18550F330C39BB3A1BA7051AAC09CA84841A2BD5020AEF55806078A44B0FFD7053A328440C89E1EFC52486BBB8AA8214A99D789CF9E05200300FC927E4FB4D5B375D43103D5527440FB843077C5AA3F5861C8F645F5787F59E95B390B318B55CE45AA638FAA2957BD7248B390B7A7CC51F9C124149C82B8C378810
310
84AB2F42B7B8DD56F413775B8C5999E9FF4471926F8AA236A1AE96B8B3CC434E5839373893369E1FAF30EA395917409EB7F26AF8801C171837A4A6AC9C89E9F9C9B1A58BA30FD6A5EF5DDDCF894B9AD9B6A59C957943A9FCAE2FD5BC4DFE03504B0304140006080800CC70623BAD7543B64E01000033030000300000006662
310
782F41393633353835312D344632462D344230382D423046372D3739314545314133324237412F636E782E786D6CD593CD6EC32010845F0571AD6CE3D48AD20813A9873E410FBD12D82434182C7EAAE6EDBB2424CD25871E7B41D6EC30B3FA84F9E67BB2E40B4234DE8DB46F1925E094D7C6ED479AD3AE5951B2113C789FEE
310
6C943839C1488B4C05DF079FE72A69D8C96C13AAD6B8631503449F83828872B949AC57D26200B826A308D316B4064D6E46FCDA41C05550DC9E483A00797BFD207EFB092A45DE9514C1BBD22178396BD39D891265658C238DEA00936C654E5E433CB65A26D9F6EDB5EBC14EBF49A45CB856E66048291F6939A9A81BB5C89177
310
38143CA680F4AA299D66A042CEB3354A2684DC9D8D178FE0D9B8B41CAAD720F880EE7EF93C0C18769E099ECC04D5A102C8049A8A05632F4DDF376CF1DE0F6BB65C2F8627B65A33C6BB62177CEBBDAD973006829F89F22E814B54F4BC2BE347F8AA8F681390B50FA73F804400B5F542E796F19FF974E7F78DB802FE05E20750
310
4B0304140006080800CC70623BE75B7789680500003C100000340000006662782F41393633353835312D344632462D344230382D423046372D3739314545314133324237412F6F626A656374732E786D6CAD575B8F9B3818FD2B887D06C22499CB8AA1CA655245D5B455A356FB305264C061D8018C6C3393D95FBFC7600890
310
A4CD5EF210B0B1BFEBF98E3F7B1FF6596ABC522E1296DF9BAE3D320D9A872C4AF2F8DE2CE5CEBA358D0FBEC719939D65A691938CDE9B6ADAF4BD98B3B2D05311DD91329583D9D5FC0F438434A7A611A644887B5384CF34233629258BA878B12322891DEFF6B66BD70BFB62634E8AE781D082709A4B588AF91C528CDA28B73F
310
1C998EEF39EABBEFA97FBD6A7C7E9553F9D3D79FE442923C3C523610337627CB87ABE99D359D4CC6D6E4FACAB5E6ABF9D2726FC6A3C5F56271377BB88362213924694B38DD99FE47C48627A1E7D49F5A8BB5E1A74C0A599ED3B0F21F1E56366B89112D681E218F0915D0D6F17AD41FBA2A369DCF6335D62ABBD39779D5DDD1
310
11D4D8DE3CBB96B2E04FB8202E41051754A1AA8E8F76B4C6DFE810B580B1547F4B84911149794252234D024EF8BBE963A95AE27B3D310A9D5C215C7960FAEE415ED75694C6AFB17BCACA5D99A60A9AA65F217B0BFC53292ACB92BF283FAD0D3621576592CB5BED907C2FA8E9DF794E35E97BEA31BED21FEB401ABB94C44839
310
DCACBF0E1C5DA8DA5B2F4DFFD32AD86F543D9E565E7056502E157C00AD2671CD534549AB752FCA9CDA00677A313F04E51B22FF19E57B300579E3C97EB29F682D92935CEC18CF901B7B54FD8C51F362B56FC72FE0B3C1EAE335EDCCBF5AEC39ADB17DC238973F804BA5E6F6BFE7AF1FB32E523BE9F3BD571418E3631DCA4D48
310
5250CF639223210A9446CA30052EDF057BD35F8329C1ECD84552BF0DC8D18BE7BCE23BFE6BD960AB4A7DE79923A103BEBD80F911CBAA2C60DB19B01CF164A5583B772EE6D3FFA56666CBCDA74DC97724A48F9A58967497E489C4D979006FD7A05E227A1EBDD0F737C623387A9C844D3709995625106D157315F8B8392CD4E0
310
A0B9A720C4BE9829CEF37EA1E13111214D53925356365ADA634861B52519DD27A00AEB808EAF0628E6F435519D446F45CF2C9CF5214F0A15B2F6D06B79DA3EE3CBF7F56780D2F4E7EF73A0F5E5B02A38D07DC852C6B7C1FBB6664213E0C39E3EBA7FF4E1AD23EA2829407C85E586727488B751B2DB9502BC7B228A3FD68B6E
310
A65A22397E690AA8D158D7E404EC8CDA235CC3B7D1898680131CEC2CDF2638C65196279577750F15884AEE19F94199155B92B13297978469D4F8D358DF0AEF7631E28DC8F0D9F437D5D39A83B2231A1D52D543813A824EF8D44BCFF2FA6A31BD1E8DAD87F1CCB526B3879935BF59CDADD5C37479BB1CDD4CA7B3556B516589
310
EF352754B706114D9C885EC9131DE6EFEB43D99AFE2391C2F958179413D7CFEF6B1B6DB1E7600F00DE6E5C67454A339A4BA2E0FBA85ED26F045D454F463DBFCE484C2F90F2E5E3666003662ED8F755951A7D1BECD5B30B550B2785C8E7320B7292A4838DDA71BBC863ED7613CAF659337A3354231D4FF4A182A54904C2898C
310
98B28C4AD0CE056CCF332A80986E571EE9DBC305BB5FEB7E509220A58D25CF042D712A806AC0AD0C657FDEF80D2D9CEAA2EE4D1C76F60BFE74219A06527D6F82DF6412526107381E55E353090704D085B52408A8913C4ED159D79BDA71BB4BC506F4831350EB6F975CD22D69BF7AC49B91A2C0A9DDA3D5CA36AD20FC478E37
310
E61844E2352865EBCB61A275A65283CAAA9DD27703B4102F5AF51EF5F573B75CBB5AD38BC845F7A49F82A0966A49C2E3EA5EA0ECD326CD965F1DB402C6FA8B51A4658C5C5E2EC9E214602E55810345408596591009A82E7E7FFACA19EEA299B14A0081A705CB3296EBC14CDF658DCD336EA6D1136881AAEB87B81AB9EE53D5
310
F5EB8BC8362082DA24122F98680A4E7930C01A0079749CEA14382A0783E5EBA5A10F8C098456A03D6A4AEB6BB881E2513747552A5DB22C7EDAF83BD5528081A365F7FF06504B0304140006080000CC70623B000000000000000000000000350000006662782F41393633353835312D344632462D344230382D423046372D37
310
39314545314133324237412F76657274696365732E62696E504B0304140006080800CC70623BF270F1330600000004000000360000006662782F41393633353835312D344632462D344230382D423046372D3739314545314133324237412F747269616E676C65732E62696E636660600000504B0304140006080000CC7062
310
3B000000000000000000000000370000006662782F41393633353835312D344632462D344230382D423046372D3739314545314133324237412F617474726962757465732E62696E504B0304140006080800CC70623B08DA0BD19000000041010000360000006662782F41393633353835312D344632462D344230382D4230
310
46372D3739314545314133324237412F6469726563746F72792E786D6C858F410AC3201045AF22B36F53E9A60B35CBEEBAE80D244E44489C6234F4F835464A48035D0DF398FF9F8AF63D0E6CC63039F212F8F9020C7D47C6792B21C5FE7403D62A1188E2E60C98D7234A5830286103A55745067B9D86B8A3CF9C7F90C11DE6
310
07FB144396D7B6A82D282E9A152AD114D5EF2CB866EEE831B8EEA07A7BB5A8D7D61A2BAAEB7FD5F70921FF497D00504B0304140006080800CC70623BEDD1DC58FD000000A00100003B0000006662782F41393633353835312D344632462D344230382D423046372D3739314545314133324237412F7265736F75726365732F
310
636F72652E786D6C8D504B6E833010BD0A9A6D65B00922041947112427E8052C33A156828DFCA97AFC9A40A576D7CDCCE87D344F8F9FBFE667F689CE6B6B3A6039850C8DB2A336530731DC4903D95970676DF82583CCC8193B5861107C72362E3BA4AC096842428D1D7107A5F7182053CF7474E0D507CE32973124857FE48B
310
540F3961CEF244279DE03EB81420DB9EAC1384436FA353E879B1B182C7A8C75DA3C7F453DF353A1075D537A7BA6464B8F535A99AE14A9A2BBD90E350DD183B5CFABE3AF262350B1EF4FC9351399401471025A527C218A1E53BAB5A5AB765F5469B96525EACF23FA6B88CFF34456DC2A1DCE36E360F82A5202F42F062ED2BAD
310
579969AFDD8A6F504B010214000A0000080000CC70623B3DEE336E79000000790000001B00000000000000000000000000000000006175746F6465736B2D64657369676E2D7061636B6167652E786D6C504B01021400140006080800CC70623BD486FD9CA0000000F40000001300000000000000000000000000B20000005B
310
436F6E74656E745F54797065735D2E786D6C504B01021400140006080800CC70623B853B8169EB0000007C010000080000000000000000000000000083010000636F72652E786D6C504B01021400140006080800CC70623B55019EA25F0000007C000000070000000000000000000000000094020000636E782E786D6C504B
310
01021400140006080800CC70623BDBABAAF470010000D40300000C00000000000000000000000000180300006662782F636F72652E786D6C504B01021400140006080800CC70623B9C113CC27E0000009D0000000B00000000000000000000000000B20400006662782F636E782E786D6C504B01021400140006080800CC70
310
623B7DF2F77C2A010000120200003100000000000000000000000000590500006662782F41393633353835312D344632462D344230382D423046372D3739314545314133324237412F636F72652E786D6C504B01021400140006080800CC70623BAD7543B64E010000330300003000000000000000000000000000D2060000
310
6662782F41393633353835312D344632462D344230382D423046372D3739314545314133324237412F636E782E786D6C504B01021400140006080800CC70623BE75B7789680500003C10000034000000000000000000000000006E0800006662782F41393633353835312D344632462D344230382D423046372D3739314545
310
314133324237412F6F626A656374732E786D6C504B01021400140006080000CC70623B0000000000000000000000003500000000000000000000000000280E00006662782F41393633353835312D344632462D344230382D423046372D3739314545314133324237412F76657274696365732E62696E504B01021400140006
310
080800CC70623BF270F133060000000400000036000000000000000000000000007B0E00006662782F41393633353835312D344632462D344230382D423046372D3739314545314133324237412F747269616E676C65732E62696E504B01021400140006080000CC70623B0000000000000000000000003700000000000000
310
000000000000D50E00006662782F41393633353835312D344632462D344230382D423046372D3739314545314133324237412F617474726962757465732E62696E504B01021400140006080800CC70623B08DA0BD1900000004101000036000000000000000000000000002A0F00006662782F41393633353835312D344632
310
462D344230382D423046372D3739314545314133324237412F6469726563746F72792E786D6C504B01021400140006080800CC70623BEDD1DC58FD000000A00100003B000000000000000000000000000E1000006662782F41393633353835312D344632462D344230382D423046372D3739314545314133324237412F7265
310
736F75726365732F636F72652E786D6C504B0506000000000E000E0080040000641100000000
  0
XRECORD
  5
1F8
102
{ACAD_REACTORS
330
1F7
102
}
330
1F7
100
AcDbXrecord
280
     1
 70
     1
 90
429727718
  1
30362254-06B7-45E0-A893-8CFA70E3D6BC
310
504B03040A0000080000CC70623B3DEE336E79000000790000001B0000006175746F6465736B2D64657369676E2D7061636B6167652E786D6C3C3F786D6C2076657273696F6E3D22312E302220656E636F64696E673D227574662D3822203F3E3C666F726D6174733E3C666F726D61743E687474703A2F2F736368656D612E
310
6175746F6465736B2E636F6D2F64657369676E2D7061636B6167652F323030393C2F666F726D61743E3C2F666F726D6174733E504B0304140006080800CC70623BD486FD9CA0000000F4000000130000005B436F6E74656E745F54797065735D2E786D6C7D8EC10E82300C865F65E91D8A1E8C310C0EEA1BF002731658846E
310
D98AC1B77784ABF1D8FE5FBFBF75BBCE937A534CCEB38643598122B6FEE978D0B0485F9C41B54DDD7D022595594E1A469170414C76A4D9A4D207E29CF43ECE46F218070CC6BECC4078ACAA135ACF422C856C0E68EA1BF5669944DDD7BCDE7B1F8E415D77AECB980613C2E4AC91FC167A2B244592486606FC29C8FD7F045B9A
310
EF7053A7E60B504B0304140006080800CC70623B1EC5D7A3EB0000007C01000008000000636F72652E786D6C8D90416EC3201045AF82665B6103C6756C6122AB4D4ED00B204C5C94182C03558F5F9C3852BBEB6A467FFE9B197D71FC9E6FE8CBACC17AD7032D0820E3B41FAD9B7A48F1820F808E52ACDEC75F36404ECDA687
310
4D0629A6D5A76597B477D1B89855E747B38B2A041301E95B6E7A08FAD3CCAA50296647B8168BD2573599823EBB0CA76447F43862C7BCCF5EAC59410E4DDD9C7973C2755553CCCFA4C603E3040F1565ED3B1FDE4E432BCA0D9622DAF9795FAF464533826484B498524CD807E51D79ED187F21878E10516EF63F505AC67F42C9
310
BA58B1FDDD071640D2FCC87D2045B96591CB3DA85CB7DCE40F504B0304140006080800CC70623B55019EA25F0000007C00000007000000636E782E786D6C4DCB3B0E80201045D1AD90E915ED2CF8AC45050C11660C8261F98AB1B07AC9C97D42D718D865D3E909258CFD00CCE24AC6E326A164D74DC0B4128928FF32603847
310
2BA13128B1252AC747C6BAB984FC68F0B87FE8960A5C09FE86CFB69FBA01504B0304140006080800CC70623B8C9102E971010000D40300000C0000006662782F636F72652E786D6CC5535B6E833010BC8AE5DF0A6C08340F1947A84D4ED00B38C6A128602363A31CBFCB234A53A551FA553EC09AD9F5CE8C31DB9E9B1AF5CA
310
7695D1198E428A91D2D214952E33ECDD315861B4E5CC1AE3BE9561A445A3323CC098B3D21ADFCE9034DA29ED00D5A6503328BA4E398C640D8B0C77F253352214DE4145770A5B214FA2546114020D759C75CE8200340D19DE981F0F6746269C33EFAB6266AB02A655C74A59CCF365BADC27CB5D902ED22848F6340DF238A141
310
BE88E2F57B92BFEDF23523433367AE6A2EEAA455C2A902F398D2751045018D3FA264435F3771F242571B4A1919CA6F9A7C5B3CD9E42BED16F12C776AEB308F40C848FC700B1139D4891EF410CEC810227CC6846F8386402064270EF5C5C709A05E49676C024C61FC95EA45ED154CA5211D1FF4FB8291A913A68E9B83EBBB33
310
E2A7673CDE118E5AE8124C0807CB8377834E366998436B950D7A7746DAD846D4CFD978E0F04FD455FC5D49D2D4C6FE9722321F10997F0F32DC47FE05504B0304140006080800CC70623BFFEA85907E0000009D0000000B0000006662782F636E782E786D6C4DCCD10A83201886E15B91FFDC95D95A811AB6F23E625948A6C3
310
E9D8E5AF46073BFAE0E1E365ED67B3E8ADC3CB78C7815C7240DA3DFC64DCC221C519D7805AC182F7F1EF06C88D9BE6703008B6049F9E274D7A1E938DBB5AE3D6131B2589BA0D3D965551E0B2EA732C9B9A624AAEB41E3A557677029960D9AFB4EF11165F504B0304140006080800CC70623B4FEEA4082C0100001202000031
310
0000006662782F39464131463745442D413632322D343644302D413938332D3331353338454246344243312F636F72652E786D6C8D515B6EC32010BC0AE2AB55850DD871ED0813254D72825EC00192A2C460F1A872FC42ED48ED5F7E00CDCECCCEB26C731F6FE05B39AFADE921293004CA082BB5B9F43086336A21D870E6AC
310
0D7F68109861543DCC30E4ECE26C9C164858139409093556AA051CBC570102714B8F1E7AF1A5C6A11862480C7F2DA6415C878B2A4891CA89C7990F2E050073937C42DE1DB7E4F87ED8A36D4329AA9B3D46DBAEAD504556557BD81DEBDD0761E52CE42C462D17B996298E3E6BE59E35C962CE821E1FF18553435012728A7187
310
0841987E927A8D9B35ADDF70BBC6989599FE4F1427F9A4286A132ABAC49D651EF234CD5CE04CDA78BA3DC2A8FB645D00B9DF8B57E215725C60BCA2A463E54C4CE327C7A65E1C7DB02E7DEFCBF594B864C5CA6CDBD49C957943E9FA5D5FBAF336F90F504B0304140006080800CC70623BAD7543B64E01000033030000300000
310
006662782F39464131463745442D413632322D343644302D413938332D3331353338454246344243312F636E782E786D6CD593CD6EC32010845F0571AD6CE3D48AD20813A9873E410FBD12D82434182C7EAAE6EDBB2424CD25871E7B41D6EC30B3FA84F9E67BB2E40B4234DE8DB46F1925E094D7C6ED479AD3AE5951B2113C
310
789FEE6C943839C1488B4C05DF079FE72A69D8C96C13AAD6B8631503449F83828872B949AC57D26200B826A308D316B4064D6E46FCDA41C05550DC9E483A00797BFD207EFB092A45DE9514C1BBD22178396BD39D891265658C238DEA00936C654E5E433CB65A26D9F6EDB5EBC14EBF49A45CB856E66048291F6939A9A81BB5
310
C8917738143CA680F4AA299D66A042CEB3354A2684DC9D8D178FE0D9B8B41CAAD720F880EE7EF93C0C18769E099ECC04D5A102C8049A8A05632F4DDF376CF1DE0F6BB65C2F8627B65A33C6BB62177CEBBDAD973006829F89F22E814B54F4BC2BE347F8AA8F681390B50FA73F804400B5F542E796F19FF974E7F78DB802FE05
310
E207504B0304140006080800CC70623B16AB87BA640500003C100000340000006662782F39464131463745442D413632322D343644302D413938332D3331353338454246344243312F6F626A656374732E786D6CAD575B6FA33818FD2B887DE6924B3BED8A326A92B68A663B534DD4D13E548A0C38942D60649B369D5FBFC7
310
600890A493BDE42160637FD7F31D7FF63E6FB3D478A55C242CBF3247B66B1A340F5994E4F19559CA8D75611A9F7D8F33263BCB4C232719BD32D5B4E97B316765A1A722BA21652A07B3B7B33F0D11D29C9A46981221AE4C113ED38CD8A4942CA2E2C58E882476BCD9DA23BB5ED8171B73523C0F841684D35CC252CCE79062D4
310
468DFA43D7747CCF51DF7D4FFDEB5593E3AB9CCA9FBEFE241792E4E19EB28198C968BAB8199F5D5A67D3E9C49A9E8F47D6EC76B6B0469F26EEFC7C3EBFBCBEB98462213924694B38DD98FE1D62C393D073EA4FADC5DAF04326852CCF6958F90F0F2B9BB5C48816348F90C7840A68EB78EDF68723159BCEE7891A6B95DDE9D3
310
BCEAEEE8086A6C6F9E5D4B59F0175C10A7A0820BAA5055C7473B5AE3CFDD452D602CD5DF12616444529E90D448938013FE6EFA58AA96F85E4F8C42275708571E98FE6827AF6B2B4AE3D7D83D64E5A64C53054DD3AF90BD06FEA9149565C94FCA0F6B834DC85599E4F2423B24DF0B6AFA979E534DFA9E7A4CC6FA631D486393
310
921829879BF5D781A373557BCB85E97FB90DB62B558F8795179C15944B051F40AB495CF35451D26A4727654E6D8033BD98EF82F21D91FF8AF2DD9982BCF1643BDD4EB516C9492E368C67C88DED563FC36D5EACF66DFF057C3658BDBFA69DF9578B3DA735B64F18C7F20770A9D45CFCF7FCF563D6456A277DBEF78A02637CA2
310
43B90A490AEAB94F72244481D24819A6C0E59B606BFA4B3025981DBB48EAB701D97BF19C577CC77F2D1B6C55A9EF3C732474C0B727303F625995056C3B02963D9EAC146BE78EC5FCEC7FA999EBC5EACBAAE41B12D27B4D2C0BBA49F244E2ECDC81B76B502F113D8F5EE8FB1BE3111CDD4FC2AA9B844CAB1288B68AB90A7CDC
310
1C166AB0D3DC5310625FCC14E779BFD0709F8890A629C9292B1B2DED31A4B0DA928CEE135085754027E3018A397D4D5427D15BD1330B677DC8934285AC3DF45A9EB68FF8F2B8FC0A509AFEECFD0FF2DE25CC6047F7214B195F07EFEB9A094D800F7BFAE8FED187B78EA8A3A400F115961BCAD1215E47C966530AF0EE8128FE
310
58CEBB996A8964FFA529A046635D9353B0336A8F700DDF46271A024E70B0B37C9DE01847591E54DED53D54202AB947E4076556AC49C6CA5C9E1226B7F1A7B1BE15DEED62C41B91E1B3E9AFAAA735036547343A925075041DF0A9979E893B391F8FCFA6967B3EFB644DCF6E5CEBFAE272625DCC6FAF3FB93793C5F90CE1EF57
310
407342756B10D1C489E8953CD1617E5CEECAD6F4EF8914CE5D5D504E5C3F1F9736DA62CFC11E00BCDDB8CC8A9466349744C1F75EBDA4DF09BA8A9E8C7A7E9991989E20E5DBDD6A6003664ED8F7A04A8DBE0DF6EAD9B9AA858342E47399053949D2C146EDB85DE4B176BB0965FBAC19BD19AA918E27FA50C1D22402E144464C
310
59462568E704B6E71915404CB72B8FF4EDE184DDAF753F284990D2C6926782963815403548A70C657FDEF80D2D9CEAA2AE4C1C76F60BFE74219A06527D6582DF6412526107381E55E353090704D085B52408D0933C4ED159D79BDA71BB4BC506F4831350EB6F979CD22D69BF7AC49B91A2C0A9DDA3D5CA36AD20FC478E37E6
310
1844E2352865EBCB6EA275A652E3836BE04EFB400BF1A2556F515F1FBB35B2AB35BD889C744FFA1004B5544B121E57F70215746DD2F5E2C1412B602CBF19455AC6C8E5E9922C4E01E65215385004546899059180EAFCF7A707CE7017CD8CDB0410789AB32C63B91E5CEBBBACB17AC6CD347A022D5075FD106377347AAABA7E
310
7D11590744509B44E205134DC1290F06580320F78E537D3D73540E06CB970B431F185308AD40BBD794D6D77003C5A36E8EAA54BA64597CD8F83BD552A080A365F7FF06504B0304140006080000CC70623B000000000000000000000000350000006662782F39464131463745442D413632322D343644302D413938332D3331
310
353338454246344243312F76657274696365732E62696E504B0304140006080800CC70623BF270F1330600000004000000360000006662782F39464131463745442D413632322D343644302D413938332D3331353338454246344243312F747269616E676C65732E62696E636660600000504B0304140006080000CC70623B
310
000000000000000000000000370000006662782F39464131463745442D413632322D343644302D413938332D3331353338454246344243312F617474726962757465732E62696E504B0304140006080800CC70623B08DA0BD19000000041010000360000006662782F39464131463745442D413632322D343644302D413938
310
332D3331353338454246344243312F6469726563746F72792E786D6C858F410AC3201045AF22B36F53E9A60B35CBEEBAE80D244E44489C6234F4F835464A48035D0DF398FF9F8AF63D0E6CC63039F212F8F9020C7D47C6792B21C5FE7403D62A1188E2E60C98D7234A5830286103A55745067B9D86B8A3CF9C7F90C11DE607
310
FB144396D7B6A82D282E9A152AD114D5EF2CB866EEE831B8EEA07A7BB5A8D7D61A2BAAEB7FD5F70921FF497D00504B0304140006080800CC70623B0D6EF93BFE000000A00100003B0000006662782F39464131463745442D413632322D343644302D413938332D3331353338454246344243312F7265736F75726365732F63
310
6F72652E786D6C8D50596E833010BD0A9ADFCA60B334011947A8694ED00B586642AC041B79A97AFC9A40A5F6AF3F33A3B7689E1E3F7DCD8FEC139DD7D6F4C0720A191A65476DA61E62B892236427C19DB5E1970C322367EC618541F0C9D9B8EC90B226A009093576C41D94DE63804C3DD2D18357379C652E63480A7FCF17A9
310
EE72C29CE5894E3AC17D702940B63D59270887DE46A7D0F36263058F518FBB468FE9A7BE6A7420864373B8D4873369AA8691FA421B3294352543C5CAF65C0F6FEF43CB8BD52C78D0F34F46E550061C419494B6843142CB0F5677F4B52BEB177AEC28E5C52AFF638ACBF84F53D42654E51E77B379102C05791282176B5F693D
310
CB4C7BED567C03504B010214000A0000080000CC70623B3DEE336E79000000790000001B00000000000000000000000000000000006175746F6465736B2D64657369676E2D7061636B6167652E786D6C504B01021400140006080800CC70623BD486FD9CA0000000F40000001300000000000000000000000000B20000005B
310
436F6E74656E745F54797065735D2E786D6C504B01021400140006080800CC70623B1EC5D7A3EB0000007C010000080000000000000000000000000083010000636F72652E786D6C504B01021400140006080800CC70623B55019EA25F0000007C000000070000000000000000000000000094020000636E782E786D6C504B
310
01021400140006080800CC70623B8C9102E971010000D40300000C00000000000000000000000000180300006662782F636F72652E786D6C504B01021400140006080800CC70623BFFEA85907E0000009D0000000B00000000000000000000000000B30400006662782F636E782E786D6C504B01021400140006080800CC70
310
623B4FEEA4082C0100001202000031000000000000000000000000005A0500006662782F39464131463745442D413632322D343644302D413938332D3331353338454246344243312F636F72652E786D6C504B01021400140006080800CC70623BAD7543B64E010000330300003000000000000000000000000000D5060000
310
6662782F39464131463745442D413632322D343644302D413938332D3331353338454246344243312F636E782E786D6C504B01021400140006080800CC70623B16AB87BA640500003C1000003400000000000000000000000000710800006662782F39464131463745442D413632322D343644302D413938332D3331353338
310
454246344243312F6F626A656374732E786D6C504B01021400140006080000CC70623B0000000000000000000000003500000000000000000000000000270E00006662782F39464131463745442D413632322D343644302D413938332D3331353338454246344243312F76657274696365732E62696E504B01021400140006
310
080800CC70623BF270F133060000000400000036000000000000000000000000007A0E00006662782F39464131463745442D413632322D343644302D413938332D3331353338454246344243312F747269616E676C65732E62696E504B01021400140006080000CC70623B0000000000000000000000003700000000000000
310
000000000000D40E00006662782F39464131463745442D413632322D343644302D413938332D3331353338454246344243312F617474726962757465732E62696E504B01021400140006080800CC70623B08DA0BD190000000410100003600000000000000000000000000290F00006662782F39464131463745442D413632
310
322D343644302D413938332D3331353338454246344243312F6469726563746F72792E786D6C504B01021400140006080800CC70623B0D6EF93BFE000000A00100003B000000000000000000000000000D1000006662782F39464131463745442D413632322D343644302D413938332D3331353338454246344243312F7265
310
736F75726365732F636F72652E786D6C504B0506000000000E000E0080040000641100000000
  0
XRECORD
  5
175
102
{ACAD_REACTORS
330
173
102
}
330
173
100
AcDbXrecord
280
     1
270
     1
271
     1
  0
XRECORD
  5
174
102
{ACAD_REACTORS
330
173
102
}
330
173
100
AcDbXrecord
280
     1
270
     1
271
     1
  0
XRECORD
  5
1FB
102
{ACAD_REACTORS
330
173
102
}
330
173
100
AcDbXrecord
280
     1
 70
     0
 90
1673772943
  1
ECE7A1D2-D628-4531-984C-D00F80459256
310
504B03040A0000080000CC70623B3DEE336E79000000790000001B0000006175746F6465736B2D64657369676E2D7061636B6167652E786D6C3C3F786D6C2076657273696F6E3D22312E302220656E636F64696E673D227574662D3822203F3E3C666F726D6174733E3C666F726D61743E687474703A2F2F736368656D612E
310
6175746F6465736B2E636F6D2F64657369676E2D7061636B6167652F323030393C2F666F726D61743E3C2F666F726D6174733E504B0304140006080800CC70623BD486FD9CA0000000F4000000130000005B436F6E74656E745F54797065735D2E786D6C7D8EC10E82300C865F65E91D8A1E8C310C0EEA1BF002731658846E
310
D98AC1B77784ABF1D8FE5FBFBF75BBCE937A534CCEB38643598122B6FEE978D0B0485F9C41B54DDD7D022595594E1A469170414C76A4D9A4D207E29CF43ECE46F218070CC6BECC4078ACAA135ACF422C856C0E68EA1BF5669944DDD7BCDE7B1F8E415D77AECB980613C2E4AC91FC167A2B244592486606FC29C8FD7F045B9A
310
EF7053A7E60B504B0304140006080800CC70623BD9DDAED0EC0000007C01000008000000636F72652E786D6C8D90416EC3201045AF82665B61836D9CD8C2444DD39CA01740405C94182C03558F5F9C3852BBEB6A467FFE9B197D7EF89E6EE8CB2CC17A37002D0820E394D7D68D03A478C17B4007C117EFE32F1B20272733C0
310
2A83E0E3E2D3BC49CABB685CCCAAF3DA6CA20CC14440EA969B0182FA34932C648AD911AEC52CD5558EA6A0CF2EC329598D1E47ACCEFBECC59A050463A7EA5833865FEBDD0E37353BE3EE8DBDE3F6786A48D375FBF6CC78B9C282473B3DEFABC5C86834888A900E538A49F5419B9EB47DD5BC907D4F082F57FB1F28CDFA9F50
310
B22ED6D5F6EE030B20687EE43E10BC5CB3C8E51E54AE6B6EE207504B0304140006080800CC70623B55019EA25F0000007C00000007000000636E782E786D6C4DCB3B0E80201045D1AD90E915ED2CF8AC45050C11660C8261F98AB1B07AC9C97D42D718D865D3E909258CFD00CCE24AC6E326A164D74DC0B4128928FF326038
310
472BA13128B1252AC747C6BAB984FC68F0B87FE8960A5C09FE86CFB69FBA01504B0304140006080800CC70623BA24EB22D72010000D40300000C0000006662782F636F72652E786D6CC5535B6E833010BC8AE5DF0A6C5E49888CA3A6694ED00B38E05014B091B1518EDFE511A5A9D228FD2A1F60CDEC7A67C6986DCE4D8D7A
310
69BA4AAB0C073EC548AA5C17952A33ECECD15B61B4E1CC686DBF9561A44423333CC098B3D268D7CE50AE9595CA02AA74216750749DB418E5352C32DCE59FB211BE70162ABA93DF8AFC244AE9073ED050C759670D0840D390E18DF9F1706664C23973AE2A66B62A605A75ACA4C13C4976E1364A12EF355A2EBD384AF65EFA96
310
BC7B8BED2EA6719AAE16FB8491A199335B351775B991C2CA02F390D2D40B028F861F41BCA68B7518BFD0D59A524686F29B26D7164F36B94AD9289CE54E6D1DE6010819891F6E21228B3AD1831EC219194284CF98F06DD01008846CC5A1BEF83801D4CBDC6A1303536877A57A513B0953A94FC707FDBE6064EA84A9E3E6E0FA
310
EE8CF0E9198F7784A316AA0413C2C2F2E0ECA0934D1AE6D05A69BCDE9E91D2A611F573361E38FC1375157F5752AE6B6DFE4B11990F88CCBF0719EE23FF02504B0304140006080800CC70623B408A7D3B7C0000009D0000000B0000006662782F636E782E786D6C4DCCD10A83201886E15B91FFDC552A92A0064DBC8F581632
310
D3703A76F9ABD1C18E3E78F878E5F0D9027ABBFCF2292AE86E2D20171F69F6715550CB827B40839639A5F2770314A7CD293819B45C73AAFB45B35BA61ACAA1C1C7E7855C58C15BC331339661262CC762340413D68D77DA5B42298546CBE6573AF60CEB2F504B0304140006080800CC70623B449FB9BD290100001202000031
310
0000006662782F36394639363044362D344446342D343946362D394244322D3234314243333846323333332F636F72652E786D6C8D515B6EC32010BC0AE22B55850D98B871848994463E412FE002495162B07854397EA176A4F62F3F2C9A9D991D587EB84F37F0AD7D30CEF6905418026DA553C65E7A98E219ED203808EE9D
310
8B7F6810D871D23D2C3014FCE25D9A57483A1BB58D19B54EE9151C43D0110279CB971E06F9A5A7B11A53CC8C70ADE6515EC78BAE4895DB992778883E0700CB907242D17643D7E2538BD869608875438BBAE38922CAC8F1BDD90DB4691A5E2F42C153326A951B95E398B3D1FE599322163C9AE9115F7A3D46ADA0A018778810
310
84E907617BDCEE297BC5BB3DC6BC2EF47FA234AB2745C9D8D8D035EE220B50105E2F0DC1954B9FB747187D9F9D8FA0CCDB042D5FA0C015C65B42DF78BD10F3F3B363CB56C7109DCFDFBBB97E662ED92EB62D13BC2E1BCAE5777DB9966D8A1F504B0304140006080800CC70623BAD7543B64E01000033030000300000006662
310
782F36394639363044362D344446342D343946362D394244322D3234314243333846323333332F636E782E786D6CD593CD6EC32010845F0571AD6CE3D48AD20813A9873E410FBD12D82434182C7EAAE6EDBB2424CD25871E7B41D6EC30B3FA84F9E67BB2E40B4234DE8DB46F1925E094D7C6ED479AD3AE5951B2113C789FEE
310
6C943839C1488B4C05DF079FE72A69D8C96C13AAD6B8631503449F83828872B949AC57D26200B826A308D316B4064D6E46FCDA41C05550DC9E483A00797BFD207EFB092A45DE9514C1BBD22178396BD39D891265658C238DEA00936C654E5E433CB65A26D9F6EDB5EBC14EBF49A45CB856E66048291F6939A9A81BB5C89177
310
38143CA680F4AA299D66A042CEB3354A2684DC9D8D178FE0D9B8B41CAAD720F880EE7EF93C0C18769E099ECC04D5A102C8049A8A05632F4DDF376CF1DE0F6BB65C2F8627B65A33C6BB62177CEBBDAD973006829F89F22E814B54F4BC2BE347F8AA8F681390B50FA73F804400B5F542E796F19FF974E7F78DB802FE05E20750
310
4B0304140006080800CC70623B8D05915C650500003B100000340000006662782F36394639363044362D344446342D343946362D394244322D3234314243333846323333332F6F626A656374732E786D6CAD575B6FA33814FE2B887D06429276DA1565D4266D158D3A339A6846FB502932E050B66023DB74D2FDF5FB190C01
310
9276B2973C046C8ECFF53B17071F77456EBD502133CEAE6CDF9DD81665314F32965ED995DA3A17B6F5310C04E7AA47665B8C14F4CAD6DB7618A48257A5D94AE89654B91AEDDEDDFC61C998326A5B714EA4BCB265FC440BE2924AF184CA6737218AB8E976E7FA6E4338649B0A523E8D98964450A6A029F619B8588D52FE7039
310
B1BD30F0F4F730D0FF866AF6369557DB33949F31A9088B0F848DD8CCFCF9F2767A76E99CCDE733677E3EF59D9BBB9BA5E37F984D16E78BC5E5F5ED25044B25C0C96822E8D60EEFE11B91C581D77CEA34368A1F5329E68CD1B8B61F16D63A1B8E092D294B10C78C4A48EB593D192E7DED9BDEE7995E1B91FDEDD3ACEA9FE831
310
6A756F9F7D4D79F4274C90A7A04248AA51D5F8C718DAE06FB2F75AC4796EBE65D22A88A22223B995679120E2D50E41AA49C260C046A35368846B0BECD0DFF3EBEB8AD4F835768F69B9ADF25C43D30E6B646F807FAA64AD59F61715C7A54127C4AACA98BA3006A9D792DAE165E0D59B61A01FB3A9F9D838D2DAE62445C86166
310
F37564E842E7DE6A69879FEEA2DD5AE7E371E1A5E025154AC307D06A03D73EB5978C58FFA4C8E9033066E0F3BD53BEC1F39F91BE7B55103791EDE6BBB991A2046172CB4581D8B893FA674DDA17A77B3B7C413D1B511FD2743BFF8A38F03A658705E3ADF8015C3A3417FF3D7E439FF591DA0B5F18BC20C1B8981957AE6392A3
310
F43C640C01D1A0B4728E2DD4F26DB4B3C3152A252A3B4E913CEC1C72F012782FF88EFF8637AA552DBEF76408E8A8DE9E50F9E1CB3A2DA0DB1B6039A893B56063DC5B3E3FFB5F72E67AB9FEB4AEC496C4F4C1149625DD662C53E89D7BF0F6151A046260D1337DFDC94502430F83B0EE07A130A224BCAD7DAE1D9FB6CD422FF6
310
920702629C4BB9AE79C12F243C6432A6794E18E5552BA56B431AAB5D91317302B2B071E86C3A42B1A02F999E24061403B5D0EB639195DA655DD3EBEAB4FB862DDF579F014AD0E73C22F99E28DA57FB98E75C6CA2D74D53086D600F4786E0FE3144B771A8A7B900F03594DB8A633CBC49B2EDB69228BB479CF863B5E807AAAB
310
23872F6DFEB4129B949CA33823F58830E86D65621E10047D9DB34D862E8EAC3C2ABC2F7B2C40D67CDFE01F5545B92105AF983AC54D93D69E56FB8E797F88913F898A9FEC705D3F9D1B54EC8426FB500D40A03BD0119B06E1B95DDC7EB8F6975367793EBD70E66733DFB9BC982F9CE564727731999F5D4ECFCE3B8D6A4DC2A0
310
6D50FD148437D110834A64C6CDDF57FBACB5C307A2A477DFE4939736CFEF2B175371E0E10CF0DD1D5C15654E0BCA14D1E87DD02FF93782A162C0A3D95F1524A52770F972BF1EE9809D13CE7DD599467F8ECE9ADD85CE85A34CD45355448C64F9E8A031DC2D596ACC6E5DD93D9B82DE2EF5CAF81363A8E47996A0DE24564A79
310
4115AACE09C55E14540231FDA13C319787134EBF34E3A022514E5B4D9E0826E25C02D5805B15ABE1BEF51B26383D445DD9E875EE33FE4C22DA16427D65A3BCA92CA6D28DD01DF5DC53330704308475351050232CCD31583787BA75774AFB06E5070DD0C8EF484E19968C5D83BA5B90B244D31E54D55A372320FE4786B7EA58
310
44E135AA5467CB7EA333A61683CC6A8C3257034C10CF46F40EF9F5BE59BE5BD30C3C72D235E95D10345C1D45445A5F0BB47E46A5EBE5570F9380B5FA629579952296A773720405982B9DE04011506178964401AA8BDF1FBF0A8EAB6861DD6580C0E38217056766716DAEB2D6FA0917D3E4116581EADB879C4E7CFFB11EFACD
310
3D641311495D92C8676CB409A72D18610D803CE8A626049E8EC1887CB5B44CC39883690DDA8399B4B9855B481E7D71D4A9D22F96E5BB73BF5793020C02137BF837504B0304140006080000CC70623B000000000000000000000000350000006662782F36394639363044362D344446342D343946362D394244322D32343142
310
43333846323333332F76657274696365732E62696E504B0304140006080800CC70623BF270F1330600000004000000360000006662782F36394639363044362D344446342D343946362D394244322D3234314243333846323333332F747269616E676C65732E62696E636660600000504B0304140006080000CC70623B0000
310
00000000000000000000370000006662782F36394639363044362D344446342D343946362D394244322D3234314243333846323333332F617474726962757465732E62696E504B0304140006080800CC70623B08DA0BD19000000041010000360000006662782F36394639363044362D344446342D343946362D394244322D
310
3234314243333846323333332F6469726563746F72792E786D6C858F410AC3201045AF22B36F53E9A60B35CBEEBAE80D244E44489C6234F4F835464A48035D0DF398FF9F8AF63D0E6CC63039F212F8F9020C7D47C6792B21C5FE7403D62A1188E2E60C98D7234A5830286103A55745067B9D86B8A3CF9C7F90C11DE607FB14
310
4396D7B6A82D282E9A152AD114D5EF2CB866EEE831B8EEA07A7BB5A8D7D61A2BAAEB7FD5F70921FF497D00504B0304140006080800CC70623BCA768048FE000000A00100003B0000006662782F36394639363044362D344446342D343946362D394244322D3234314243333846323333332F7265736F75726365732F636F72
310
652E786D6C8D50596E833010BD0A9ADFCA60D600328E9AA639412F609909B1126CE4A5EAF16B0295DABFFECC8CDEA2797AECF8353F924FB44E193D409E5248504B332A3D0D10FC95B4901C39B3C6F85F3248B49871801506CE266BC2B243D2688FDA47549B11775038871E12F988C7004EDE7016A9083E2ADC3D5D84BC8B09
310
D33C8D74D471E6BC8D0192EDC93A815B742658898E651BCB59086ADC356A8C3FD555A1055ED7E7E254D615792D0F075295F585746FF53B694EE78A565DD736979A65AB9933AFE69F8CD2A2F038022F28ED489E135A7CE4554F9BBEA85E68DB53CAB255FEC71496F19FA6A0B42F8B3DEE6673C0F318E4497096AD7DC5F52C33
310
EEB55BFE0D504B010214000A0000080000CC70623B3DEE336E79000000790000001B00000000000000000000000000000000006175746F6465736B2D64657369676E2D7061636B6167652E786D6C504B01021400140006080800CC70623BD486FD9CA0000000F40000001300000000000000000000000000B20000005B436F
310
6E74656E745F54797065735D2E786D6C504B01021400140006080800CC70623BD9DDAED0EC0000007C010000080000000000000000000000000083010000636F72652E786D6C504B01021400140006080800CC70623B55019EA25F0000007C000000070000000000000000000000000095020000636E782E786D6C504B0102
310
1400140006080800CC70623BA24EB22D72010000D40300000C00000000000000000000000000190300006662782F636F72652E786D6C504B01021400140006080800CC70623B408A7D3B7C0000009D0000000B00000000000000000000000000B50400006662782F636E782E786D6C504B01021400140006080800CC70623B
310
449FB9BD290100001202000031000000000000000000000000005A0500006662782F36394639363044362D344446342D343946362D394244322D3234314243333846323333332F636F72652E786D6C504B01021400140006080800CC70623BAD7543B64E010000330300003000000000000000000000000000D20600006662
310
782F36394639363044362D344446342D343946362D394244322D3234314243333846323333332F636E782E786D6C504B01021400140006080800CC70623B8D05915C650500003B10000034000000000000000000000000006E0800006662782F36394639363044362D344446342D343946362D394244322D32343142433338
310
46323333332F6F626A656374732E786D6C504B01021400140006080000CC70623B0000000000000000000000003500000000000000000000000000250E00006662782F36394639363044362D344446342D343946362D394244322D3234314243333846323333332F76657274696365732E62696E504B010214001400060808
310
00CC70623BF270F13306000000040000003600000000000000000000000000780E00006662782F36394639363044362D344446342D343946362D394244322D3234314243333846323333332F747269616E676C65732E62696E504B01021400140006080000CC70623B00000000000000000000000037000000000000000000
310
00000000D20E00006662782F36394639363044362D344446342D343946362D394244322D3234314243333846323333332F617474726962757465732E62696E504B01021400140006080800CC70623B08DA0BD190000000410100003600000000000000000000000000270F00006662782F36394639363044362D344446342D
310
343946362D394244322D3234314243333846323333332F6469726563746F72792E786D6C504B01021400140006080800CC70623BCA768048FE000000A00100003B000000000000000000000000000B1000006662782F36394639363044362D344446342D343946362D394244322D3234314243333846323333332F7265736F
310
75726365732F636F72652E786D6C504B0506000000000E000E0080040000621100000000
  0
XRECORD
  5
176
102
{ACAD_REACTORS
330
173
102
}
330
173
100
AcDbXrecord
280
     1
270
     1
271
     1
  0
XRECORD
  5
177
102
{ACAD_REACTORS
330
173
102
}
330
173
100
AcDbXrecord
280
     1
270
     1
271
     1
  0
XRECORD
  5
5439
102
{ACAD_REACTORS
330
5438
102
}
330
5438
100
AcDbXrecord
280
     1
102
DISPLAYNAME
  1
Metric50
102
FLAGS
 90
        0
  0
CELLSTYLEMAP
  5
542E
102
{ACAD_REACTORS
330
162
102
}
330
162
100
AcDbCellStyleMap
 90
        3
300
CELLSTYLE
  1
TABLEFORMAT_BEGIN
 90
        5
170
     1
 91
        0
 92
    32768
 62
   257
 93
        1
300
CONTENTFORMAT
  1
CONTENTFORMAT_BEGIN
 90
        0
 91
        0
 92
      512
 93
        0
300

 40
0.0
140
1.0
 94
        5
 62
     0
340
11
144
6.0
309
CONTENTFORMAT_END
171
     1
301
MARGIN
  1
CELLMARGIN_BEGIN
 40
1.5
 40
1.5
 40
1.5
 40
1.5
 40
4.5
 40
4.5
309
CELLMARGIN_END
 94
        6
 95
        1
302
GRIDFORMAT
  1
GRIDFORMAT_BEGIN
 90
        0
 91
        1
 62
     0
 92
       -2
340
14
 93
        0
 40
1.125
309
GRIDFORMAT_END
 95
        2
302
GRIDFORMAT
  1
GRIDFORMAT_BEGIN
 90
        0
 91
        1
 62
     0
 92
       -2
340
14
 93
        0
 40
1.125
309
GRIDFORMAT_END
 95
        4
302
GRIDFORMAT
  1
GRIDFORMAT_BEGIN
 90
        0
 91
        1
 62
     0
 92
       -2
340
14
 93
        0
 40
1.125
309
GRIDFORMAT_END
 95
        8
302
GRIDFORMAT
  1
GRIDFORMAT_BEGIN
 90
        0
 91
        1
 62
     0
 92
       -2
340
14
 93
        0
 40
1.125
309
GRIDFORMAT_END
 95
       16
302
GRIDFORMAT
  1
GRIDFORMAT_BEGIN
 90
        0
 91
        1
 62
     0
 92
       -2
340
14
 93
        0
 40
1.125
309
GRIDFORMAT_END
 95
       32
302
GRIDFORMAT
  1
GRIDFORMAT_BEGIN
 90
        0
 91
        1
 62
     0
 92
       -2
340
14
 93
        0
 40
1.125
309
GRIDFORMAT_END
309
TABLEFORMAT_END
  1
CELLSTYLE_BEGIN
 90
        1
 91
        1
300
_TITLE
309
CELLSTYLE_END
300
CELLSTYLE
  1
TABLEFORMAT_BEGIN
 90
        5
170
     1
 91
        0
 92
        0
 62
   257
 93
        1
300
CONTENTFORMAT
  1
CONTENTFORMAT_BEGIN
 90
        0
 91
        0
 92
      512
 93
        0
300

 40
0.0
140
1.0
 94
        5
 62
     0
340
11
144
4.5
309
CONTENTFORMAT_END
171
     1
301
MARGIN
  1
CELLMARGIN_BEGIN
 40
1.5
 40
1.5
 40
1.5
 40
1.5
 40
4.5
 40
4.5
309
CELLMARGIN_END
 94
        6
 95
        1
302
GRIDFORMAT
  1
GRIDFORMAT_BEGIN
 90
        0
 91
        1
 62
     0
 92
       -2
340
14
 93
        0
 40
1.125
309
GRIDFORMAT_END
 95
        2
302
GRIDFORMAT
  1
GRIDFORMAT_BEGIN
 90
        0
 91
        1
 62
     0
 92
       -2
340
14
 93
        0
 40
1.125
309
GRIDFORMAT_END
 95
        4
302
GRIDFORMAT
  1
GRIDFORMAT_BEGIN
 90
        0
 91
        1
 62
     0
 92
       -2
340
14
 93
        0
 40
1.125
309
GRIDFORMAT_END
 95
        8
302
GRIDFORMAT
  1
GRIDFORMAT_BEGIN
 90
        0
 91
        1
 62
     0
 92
       -2
340
14
 93
        0
 40
1.125
309
GRIDFORMAT_END
 95
       16
302
GRIDFORMAT
  1
GRIDFORMAT_BEGIN
 90
        0
 91
        1
 62
     0
 92
       -2
340
14
 93
        0
 40
1.125
309
GRIDFORMAT_END
 95
       32
302
GRIDFORMAT
  1
GRIDFORMAT_BEGIN
 90
        0
 91
        1
 62
     0
 92
       -2
340
14
 93
        0
 40
1.125
309
GRIDFORMAT_END
309
TABLEFORMAT_END
  1
CELLSTYLE_BEGIN
 90
        2
 91
        1
300
_HEADER
309
CELLSTYLE_END
300
CELLSTYLE
  1
TABLEFORMAT_BEGIN
 90
        5
170
     1
 91
        0
 92
        0
 62
   257
 93
        1
300
CONTENTFORMAT
  1
CONTENTFORMAT_BEGIN
 90
        0
 91
        0
 92
      512
 93
        0
300

 40
0.0
140
1.0
 94
        2
 62
     0
340
11
144
4.5
309
CONTENTFORMAT_END
171
     1
301
MARGIN
  1
CELLMARGIN_BEGIN
 40
1.5
 40
1.5
 40
1.5
 40
1.5
 40
4.5
 40
4.5
309
CELLMARGIN_END
 94
        6
 95
        1
302
GRIDFORMAT
  1
GRIDFORMAT_BEGIN
 90
        0
 91
        1
 62
     0
 92
       -2
340
14
 93
        0
 40
1.125
309
GRIDFORMAT_END
 95
        2
302
GRIDFORMAT
  1
GRIDFORMAT_BEGIN
 90
        0
 91
        1
 62
     0
 92
       -2
340
14
 93
        0
 40
1.125
309
GRIDFORMAT_END
 95
        4
302
GRIDFORMAT
  1
GRIDFORMAT_BEGIN
 90
        0
 91
        1
 62
     0
 92
       -2
340
14
 93
        0
 40
1.125
309
GRIDFORMAT_END
 95
        8
302
GRIDFORMAT
  1
GRIDFORMAT_BEGIN
 90
        0
 91
        1
 62
     0
 92
       -2
340
14
 93
        0
 40
1.125
309
GRIDFORMAT_END
 95
       16
302
GRIDFORMAT
  1
GRIDFORMAT_BEGIN
 90
        0
 91
        1
 62
     0
 92
       -2
340
14
 93
        0
 40
1.125
309
GRIDFORMAT_END
 95
       32
302
GRIDFORMAT
  1
GRIDFORMAT_BEGIN
 90
        0
 91
        1
 62
     0
 92
       -2
340
14
 93
        0
 40
1.125
309
GRIDFORMAT_END
309
TABLEFORMAT_END
  1
CELLSTYLE_BEGIN
 90
        3
 91
        2
300
_DATA
309
CELLSTYLE_END
  0
ENDSEC
  0
SECTION
  2
ACDSDATA
 70
     2
 71
     8
  0
ACDSSCHEMA
 90
        0
  1
AcDb_Thumbnail_Schema
  2
AcDbDs::ID
280
    10
 91
        8
  2
Thumbnail_Data
280
    15
 91
        0
101
ACDSRECORD
 95
        0
 90
        1
  2
AcDbDs::TreatedAsObjectData
280
     1
291
     1
101
ACDSRECORD
 95
        0
 90
        2
  2
AcDbDs::Legacy
280
     1
291
     1
101
ACDSRECORD
  1
AcDbDs::ID
 90
        3
  2
AcDs:Indexable
280
     1
291
     1
101
ACDSRECORD
  1
AcDbDs::ID
 90
        4
  2
AcDbDs::HandleAttribute
280
     7
282
     1
  0
ACDSSCHEMA
 90
        1
  1
AcDbDs::TreatedAsObjectDataSchema
  2
AcDbDs::TreatedAsObjectData
280
     1
 91
        0
  0
ACDSSCHEMA
 90
        2
  1
AcDbDs::LegacySchema
  2
AcDbDs::Legacy
280
     1
 91
        0
  0
ACDSSCHEMA
 90
        3
  1
AcDbDs::IndexedPropertySchema
  2
AcDs:Indexable
280
     1
 91
        0
  0
ACDSSCHEMA
 90
        4
  1
AcDbDs::HandleAttributeSchema
  2
AcDbDs::HandleAttribute
280
     7
 91
        1
284
     1
  0
ACDSRECORD
 90
        0
  2
AcDbDs::ID
280
    10
320
22
  2
Thumbnail_Data
280
    15
 94
     2681
310
89504E470D0A1A0A0000000D49484452000001000000006408030000005EBE1EAC00000300504C5445000000FFFFFF0000000000000000000000000000000000000000000000000000000000330000660000990000CC0000FF0033000033330033660033990033CC0033FF0066000066330066660066990066CC0066FF0099
310
000099330099660099990099CC0099FF00CC0000CC3300CC6600CC9900CCCC00CCFF00FF0000FF3300FF6600FF9900FFCC00FFFF3300003300333300663300993300CC3300FF3333003333333333663333993333CC3333FF3366003366333366663366993366CC3366FF3399003399333399663399993399CC3399FF33CC00
310
33CC3333CC6633CC9933CCCC33CCFF33FF0033FF3333FF6633FF9933FFCC33FFFF6600006600336600666600996600CC6600FF6633006633336633666633996633CC6633FF6666006666336666666666996666CC6666FF6699006699336699666699996699CC6699FF66CC0066CC3366CC6666CC9966CCCC66CCFF66FF0066
310
FF3366FF6666FF9966FFCC66FFFF9900009900339900669900999900CC9900FF9933009933339933669933999933CC9933FF9966009966339966669966999966CC9966FF9999009999339999669999999999CC9999FF99CC0099CC3399CC6699CC9999CCCC99CCFF99FF0099FF3399FF6699FF9999FFCC99FFFFCC0000CC00
310
33CC0066CC0099CC00CCCC00FFCC3300CC3333CC3366CC3399CC33CCCC33FFCC6600CC6633CC6666CC6699CC66CCCC66FFCC9900CC9933CC9966CC9999CC99CCCC99FFCCCC00CCCC33CCCC66CCCC99CCCCCCCCCCFFCCFF00CCFF33CCFF66CCFF99CCFFCCCCFFFFFF0000FF0033FF0066FF0099FF00CCFF00FFFF3300FF3333
310
FF3366FF3399FF33CCFF33FFFF6600FF6633FF6666FF6699FF66CCFF66FFFF9900FF9933FF9966FF9999FF99CCFF99FFFFCC00FFCC33FFCC66FFCC99FFCCCCFFCCFFFFFF00FFFF33FFFF66FFFF99FFFFCCFFFFFF0000000D0D0D1A1A1A2828283535354343435050505D5D5D6B6B6B787878868686939393A1A1A1AEAEAEBB
310
BBBBC9C9C9D6D6D6E4E4E4F1F1F1FFFFFF0000000000000000000000000000000000000000000000000000000000003AE5ACE9000007344944415478DAED9C4172E3380C4579149D46A75195563984AEA0E3F8083901B75AF52F55693F24009220453BF66622D861757594C49D193C7D001FA41CE7FED6DFFA5BFFDB3A8E23
310
7EC0E702D8B6C0E0F86800711DA284CF938200408280CF8C9F00544AF8340099003E0C420F4058FBC740E803D8A73DAC8F80C00042B435005AC03E31845C198F37564088B805205F524A785F0080C49D2F28FE9D5B030842C070BCAF00903EEE98F63380B0BEBEBE8EB72B0BC5064091E803A02BA1F0560026AD800DA712A0
310
018095F03E104E5D703B958069DF8EC625BC11840E009C32603F03781B085D05B40070C4BA7822A0D3E1305F04950286611AD806ED9BAA0182653B21FBB22C85BA0D0E61815C1F5D14004A2045172A1BE08C4238D4FD0C77BEDA1041D4C219001BC55019A1B381FE85C17C500030A4B09DBA18BEBFBFBEDA3E18D6BF2DD408
310
340018C241FB8C4628A80CC014BF3003332D871CD477F8E6719CDA80B48B064019174C40D00062F8B3073CAD400273D242F8F31DE3A1D73555902BE339FE0CE1D21406B9836E8804E610380318F982A4E0440CDFDF0261EB8861DFEF0FCC17A630504D0F0C06CAF9187AFC6B19C771F1450AB3AA8B48105001808B3FE8C1C0
310
7C4D0AD4EAC29A24B8183F08C03226001E5416525D8C626025407B07FE79311B1E9D305C8E8228600F028877DA4B0A440514009C15521891B540A7290D80F0F5601A7FD858BF108481ED5E8C3FE43F074C7F47025E1190CB192A520804F20A25E603CF1C2C5C440A0420B473140194A86B004862C8D9901C1341101341009E
310
6F41BFCD60909D4F6A003948E004C0AB7A108530CD332AC7C84A884EF2B590AE0300210342E1AF01280245013EF50691822314484A3007601302A1F58F89800A1B1EA53672755070C832EA9C7F31B57F3B7E1970B9077A6A7D27E907875CFC01516A30216A2125436C022F50F875006C64C904716C0D8065191754EA3F0310
310
E7444D5295C0A7205C014040C02350086269E28FC10602BA242883A008D0EB02A1697D6D1038AE10FF462600BAC0210308718D754D1C97EC910B017A5DF8187ED2BA3EDFF17F5B0060373FB0004EA25E3CC535226B415CB22F1260D1805EE7FDFAA2EFF9FD0C600B2002500A808C43141745BD0801AA01220A4CA920E087F8
310
EF50B84406B00BF28D04B0543D61E1F8C708602904CA8BE2E7EBFA54E157102E036066396B03D0F48471E16C008D499940F5A2F5E9FFB448E12225108EA7E0DCDF389EA6278C3C1F81B22277822503F058D7D7FE077E7B10D03D009CC56DC13FB92201932745DD23576B0F970D7C283A6C61101400E388D6FA9F01F8521AA8
310
50A66FAF06E3CF2680E6FD450350612F2533962A49B0E4DEF86C05BCD65E98724168CD5D91C0526A03C79BD7849135008302D026C0CF90D0C74EEAAB7E287E2FBF42DC0175009B19C000E8F6A3B9C185446975E2F7BC46C30571B528806402304300E81B5CAA60550374495CC68C0C5601900990F8D50D9E9A2D01EFBB3D61
310
4CE298CCC59F0138390F696DCD7D23D012B0D801620F280026B47B9E77AFDA4F16BB00F85427BA2007F4C3EEC71C6B7FA30D83F17313E4D38CB81DEE1F875D2980C741FB00E2562775C17B00DACB296FFE286B04BB028867BB530480BB00FA1248EE277DC3198C3FBB80147EFF2C086907B8AE82C9FDA45D80D56CFCD20351
310
05882ADD25D27311485B6146059037439D3AFA390B7F494EAF01302A321605B05109CC8320EE012804AAEF9711C0E410500F8209403F07F27870F2C2C9339B05901070FC95EEA10F46653CB8370C181C82D45E100F823E0DC36D8013789BE86C85D42716E32F3D40EEBEC79DD1E79E1754F15BAD0011807E2EECE7B0D1EE0C
310
1B1600F848F09F9440AF4FFF9BC3617F7F1C586C6E03940A987BA0C7A9FB75B640DBDE404781462BC0242D807A40CC825B3FCBEB2DD0761B60349A009BDE0B1313E06EB75B0740BD058AD396805101A4AD203140E067BC0283EE86F8A84D4143C864FCB41544CF86730B00FEE5B747DC6E0FB603CF0056B31E00F93CC801E5
310
794F1753E1EEBED8D4EC8B198DBFB8E0320628008EAAC10F4F4A7AC343402A81D202F871676800C2E0470B687308286380EC07E6425811E857C40680CDF8B772260EB55C0B2016C8DB43676CB50294E310157D895BA1C815B10B60352B00D02030700574540534805A0C52113B3960B9056CE93440AA4023FD8C029D8A982E
310
57D315804FC49D78C01A40F57E985411DF0680DE098206E0DA3238D5546E8D47341A3F06FE4D19C105634E00D094FF9E18E217B347B4DB02D314908F4314803E819A85C800A62B00B58058015DF2411D07D0138FAE88AB5901F08168BCF1C505E3C18DD700503CA2690001C1902AE079127A503F1420DBF16713E8EA51D8E1
310
5902C605E0C404C2B9BC19F492044C6E041F476C7D500FC6BADC02B40598FAFF7CD2088CDEFFF8647E1C81F9ED412E0140DFFB3D1081D9040808FEC9BBFF671981640C7A36091881D1F8B30A06DA0A4F00DA49E8E73539D38BDEA222D95F2AE047FD16E1E3984F001C3E0B4127DACFFDA5E27FEB6F5D75FD070EB7C8BB832D
310
34330000000049454E44AE426082
  0
ENDSEC
  0
EOF
